hostname,tic_id,disc_year,disc_facility
TOI-1744,TIC 229455001,2024,Transiting Exoplanet Survey Satellite (TESS)
TOI-4377,TIC 394918211,2023,Transiting Exoplanet Survey Satellite (TESS)
TOI-858 B,TIC 198008005,2023,Transiting Exoplanet Survey Satellite (TESS)
TOI-1296,TIC 219854185,2021,Transiting Exoplanet Survey Satellite (TESS)
TOI-3807,TIC 289661991,2023,Transiting Exoplanet Survey Satellite (TESS)
HD 191939,TIC 269701147,2020,Transiting Exoplanet Survey Satellite (TESS)
TIC 38825265,TIC 38825265,2026,Transiting Exoplanet Survey Satellite (TESS)
TOI-1759,TIC 408636441,2022,Transiting Exoplanet Survey Satellite (TESS)
TOI-1410,TIC 199444169,2024,Transiting Exoplanet Survey Satellite (TESS)
TOI-5110,TIC 239977528,2024,Transiting Exoplanet Survey Satellite (TESS)
TOI-791,TIC 306472057,2026,Transiting Exoplanet Survey Satellite (TESS)
TOI-5624,TIC 53498154,2026,Transiting Exoplanet Survey Satellite (TESS)
TOI-7166,TIC 288421619,2025,Transiting Exoplanet Survey Satellite (TESS)
TOI-6695,TIC 118339710,2025,Transiting Exoplanet Survey Satellite (TESS)
HD 207496,TIC 290348383,2023,Transiting Exoplanet Survey Satellite (TESS)
TOI-1776,TIC 21535395,2024,Transiting Exoplanet Survey Satellite (TESS)
TOI-2525,TIC 149601126,2023,Transiting Exoplanet Survey Satellite (TESS)
TOI-1768,TIC 137906197,2024,Transiting Exoplanet Survey Satellite (TESS)
TOI-1782,TIC 160045097,2024,Transiting Exoplanet Survey Satellite (TESS)
TOI-2141,TIC 287256467,2023,Transiting Exoplanet Survey Satellite (TESS)
TOI-4562,TIC 349576261,2023,Transiting Exoplanet Survey Satellite (TESS)
GJ 3090,TIC 262530407,2022,Transiting Exoplanet Survey Satellite (TESS)
TOI-206,TIC 55650590,2022,Transiting Exoplanet Survey Satellite (TESS)
TOI-707,TIC 167342439,2026,Transiting Exoplanet Survey Satellite (TESS)
GJ 3929,TIC 188589164,2022,Transiting Exoplanet Survey Satellite (TESS)
TOI-283,TIC 382626661,2025,Transiting Exoplanet Survey Satellite (TESS)
TOI-205,TIC 281575427,2026,Transiting Exoplanet Survey Satellite (TESS)
TOI-6019,TIC 125520907,2026,Transiting Exoplanet Survey Satellite (TESS)
TOI-286,TIC 150030205,2024,Transiting Exoplanet Survey Satellite (TESS)
HD 15906,TIC 4646810,2023,Transiting Exoplanet Survey Satellite (TESS)
TOI-1279,TIC 224297258,2024,Transiting Exoplanet Survey Satellite (TESS)
TOI-1807,TIC 180695581,2021,Transiting Exoplanet Survey Satellite (TESS)
TOI-1860,TIC 202426247,2022,Transiting Exoplanet Survey Satellite (TESS)
TOI-5592,TIC 88529975,2025,Transiting Exoplanet Survey Satellite (TESS)
TOI-1444,TIC 258514800,2021,Transiting Exoplanet Survey Satellite (TESS)
GJ 143,TIC 279741379,2019,Transiting Exoplanet Survey Satellite (TESS)
TOI-1659,TIC 288631580,2024,Transiting Exoplanet Survey Satellite (TESS)
TOI-2969,TIC 36452991,2025,Transiting Exoplanet Survey Satellite (TESS)
TOI-1224,TIC 299798795,2024,Transiting Exoplanet Survey Satellite (TESS)
TOI-1422,TIC 333473672,2022,Transiting Exoplanet Survey Satellite (TESS)
HD 152843,TIC 349488688,2021,Transiting Exoplanet Survey Satellite (TESS)
TOI-4342,TIC 354944123,2023,Transiting Exoplanet Survey Satellite (TESS)
HR 858,TIC 178155732,2019,Transiting Exoplanet Survey Satellite (TESS)
HD 22946,TIC 100990000,2023,Transiting Exoplanet Survey Satellite (TESS)
TOI-125,TIC 52368076,2020,Transiting Exoplanet Survey Satellite (TESS)
TOI-7041,TIC 201175570,2025,Transiting Exoplanet Survey Satellite (TESS)
TOI-7008,TIC 335661164,2026,Transiting Exoplanet Survey Satellite (TESS)
TOI-1716,TIC 14336130,2024,Transiting Exoplanet Survey Satellite (TESS)
TOI-5159,TIC 286712787,2026,Transiting Exoplanet Survey Satellite (TESS)
TOI-220,TIC 150098860,2021,Transiting Exoplanet Survey Satellite (TESS)
TOI-139,TIC 62483237,2023,Transiting Exoplanet Survey Satellite (TESS)
TOI-4087,TIC 310002617,2023,Transiting Exoplanet Survey Satellite (TESS)
TOI-4898,TIC 124235800,2026,Transiting Exoplanet Survey Satellite (TESS)
HIP 56998,TIC 397362481,2025,Transiting Exoplanet Survey Satellite (TESS)
HD 20329,TIC 333657795,2022,Transiting Exoplanet Survey Satellite (TESS)
TOI-1244,TIC 219850915,2024,Transiting Exoplanet Survey Satellite (TESS)
TOI-4214,TIC 409594381,2025,Transiting Exoplanet Survey Satellite (TESS)
TOI-3877,TIC 144310492,2025,Transiting Exoplanet Survey Satellite (TESS)
HD 39091,TIC 261136679,2018,Transiting Exoplanet Survey Satellite (TESS)
TOI-1437,TIC 198356533,2024,Transiting Exoplanet Survey Satellite (TESS)
TOI-2406,TIC 212957629,2021,Transiting Exoplanet Survey Satellite (TESS)
TOI-2876,TIC 10827386,2025,Transiting Exoplanet Survey Satellite (TESS)
HIP 94235,TIC 464646604,2022,Transiting Exoplanet Survey Satellite (TESS)
TOI-2068,TIC 417931300,2024,Transiting Exoplanet Survey Satellite (TESS)
HD 260655,TIC 307809773,2022,Transiting Exoplanet Survey Satellite (TESS)
TOI-5630,TIC 316416562,2026,Transiting Exoplanet Survey Satellite (TESS)
TOI-201,TIC 350618622,2025,Transiting Exoplanet Survey Satellite (TESS)
GJ 367,TIC 34068865,2021,Transiting Exoplanet Survey Satellite (TESS)
TOI-6016,TIC 327369524,2024,Transiting Exoplanet Survey Satellite (TESS)
TOI-5720,TIC 230055368,2024,Transiting Exoplanet Survey Satellite (TESS)
TOI-4578,TIC 154474036,2026,Transiting Exoplanet Survey Satellite (TESS)
TOI-181,TIC 76923707,2023,Transiting Exoplanet Survey Satellite (TESS)
TOI-251,TIC 224225541,2021,Transiting Exoplanet Survey Satellite (TESS)
TOI-1839,TIC 381714186,2026,Transiting Exoplanet Survey Satellite (TESS)
TOI-1478,TIC 409794137,2021,Transiting Exoplanet Survey Satellite (TESS)
TOI-1294,TIC 219015370,2024,Transiting Exoplanet Survey Satellite (TESS)
TOI-178,TIC 251848941,2021,Transiting Exoplanet Survey Satellite (TESS)
TOI-5108,TIC 350348197,2025,Transiting Exoplanet Survey Satellite (TESS)
TOI-4914,TIC 49254857,2024,Transiting Exoplanet Survey Satellite (TESS)
TOI-4495,TIC 120826158,2026,Transiting Exoplanet Survey Satellite (TESS)
HD 108236,TIC 260647166,2020,Transiting Exoplanet Survey Satellite (TESS)
TOI-375,TIC 280097543,2026,Transiting Exoplanet Survey Satellite (TESS)
TIC 24750448,TIC 24750448,2026,Transiting Exoplanet Survey Satellite (TESS)
TOI-1648,TIC 376353509,2025,Transiting Exoplanet Survey Satellite (TESS)
TOI-5817,TIC 418604868,2025,Transiting Exoplanet Survey Satellite (TESS)
TIC 320419023,TIC 320419023,2026,Transiting Exoplanet Survey Satellite (TESS)
TIC 65612701,TIC 65612701,2026,Transiting Exoplanet Survey Satellite (TESS)
TOI-1105,TIC 274151135,2026,Transiting Exoplanet Survey Satellite (TESS)
TOI-5595,TIC 302908969,2026,Transiting Exoplanet Survey Satellite (TESS)
TOI-4438,TIC 22233480,2024,Transiting Exoplanet Survey Satellite (TESS)
TOI-697,TIC 77253676,2026,Transiting Exoplanet Survey Satellite (TESS)
TOI-4747,TIC 235078021,2026,Transiting Exoplanet Survey Satellite (TESS)
TOI-3912,TIC 156648452,2023,Transiting Exoplanet Survey Satellite (TESS)
TOI-771,TIC 277634430,2024,Transiting Exoplanet Survey Satellite (TESS)
TOI-1226,TIC 177115354,2026,Transiting Exoplanet Survey Satellite (TESS)
TOI-3894,TIC 165464482,2024,Transiting Exoplanet Survey Satellite (TESS)
TIC 183374187,TIC 183374187,2026,Transiting Exoplanet Survey Satellite (TESS)
TIC 290487717,TIC 290487717,2026,Transiting Exoplanet Survey Satellite (TESS)
TOI-1136,TIC 142276270,2022,Transiting Exoplanet Survey Satellite (TESS)
TOI-1249,TIC 232976128,2024,Transiting Exoplanet Survey Satellite (TESS)
HD 15337,TIC 120896927,2019,Transiting Exoplanet Survey Satellite (TESS)
TOI-969,TIC 280437559,2022,Transiting Exoplanet Survey Satellite (TESS)
TIC 142589416,TIC 142589416,2026,Transiting Exoplanet Survey Satellite (TESS)
TOI-2194,TIC 271478281,2023,Transiting Exoplanet Survey Satellite (TESS)
TOI-261,TIC 63898957,2021,Transiting Exoplanet Survey Satellite (TESS)
TOI-1693,TIC 353475866,2022,Transiting Exoplanet Survey Satellite (TESS)
TOI-2587 A,TIC 68007716,2023,Transiting Exoplanet Survey Satellite (TESS)
TOI-3884,TIC 86263325,2022,Transiting Exoplanet Survey Satellite (TESS)
LHS 1678,TIC 77156829,2021,Transiting Exoplanet Survey Satellite (TESS)
TOI-2364,TIC 39414571,2023,Transiting Exoplanet Survey Satellite (TESS)
TOI-4527,TIC 380887434,2024,Transiting Exoplanet Survey Satellite (TESS)
TOI-6692,TIC 324609409,2026,Transiting Exoplanet Survey Satellite (TESS)
TOI-6000,TIC 259233660,2025,Transiting Exoplanet Survey Satellite (TESS)
HD 28109,TIC 29781292,2022,Transiting Exoplanet Survey Satellite (TESS)
TOI-5624,TIC 53498154,2026,Transiting Exoplanet Survey Satellite (TESS)
TOI-1873,TIC 328933398,2026,Transiting Exoplanet Survey Satellite (TESS)
TIC 160113658,TIC 160113658,2026,Transiting Exoplanet Survey Satellite (TESS)
TOI-2407,TIC 153078576,2025,Transiting Exoplanet Survey Satellite (TESS)
TOI-2431,TIC 258804746,2026,Transiting Exoplanet Survey Satellite (TESS)
TOI-5126,TIC 27064468,2023,Transiting Exoplanet Survey Satellite (TESS)
TOI-912,TIC 406941612,2025,Transiting Exoplanet Survey Satellite (TESS)
TOI-4427,TIC 207339000,2026,Transiting Exoplanet Survey Satellite (TESS)
TOI-2583 A,TIC 7548817,2023,Transiting Exoplanet Survey Satellite (TESS)
L 98-59,TIC 307210830,2019,Transiting Exoplanet Survey Satellite (TESS)
WASP-126,TIC 25155310,2019,Transiting Exoplanet Survey Satellite (TESS)
TOI-1130,TIC 254113311,2020,Transiting Exoplanet Survey Satellite (TESS)
TOI-2447,TIC 1167538,2024,Transiting Exoplanet Survey Satellite (TESS)
TOI-4137,TIC 417646390,2022,Transiting Exoplanet Survey Satellite (TESS)
TOI-6034,TIC 388076422,2024,Transiting Exoplanet Survey Satellite (TESS)
TOI-1260,TIC 355867695,2021,Transiting Exoplanet Survey Satellite (TESS)
TOI-1062,TIC 299799658,2021,Transiting Exoplanet Survey Satellite (TESS)
TOI-4463 A,TIC 8599009,2023,Transiting Exoplanet Survey Satellite (TESS)
TOI-2145,TIC 88992642,2023,Transiting Exoplanet Survey Satellite (TESS)
TOI-2096,TIC 142748283,2023,Transiting Exoplanet Survey Satellite (TESS)
TOI-7510,TIC 118798035,2025,Transiting Exoplanet Survey Satellite (TESS)
TOI-3135,TIC 448098793,2025,Transiting Exoplanet Survey Satellite (TESS)
AU Mic,TIC 441420236,2021,Transiting Exoplanet Survey Satellite (TESS)
HD 213885,TIC 403224672,2019,Transiting Exoplanet Survey Satellite (TESS)
TOI-1232,TIC 364395234,2026,Transiting Exoplanet Survey Satellite (TESS)
TOI-4773,TIC 415276070,2025,Transiting Exoplanet Survey Satellite (TESS)
HD 260655,TIC 307809773,2022,Transiting Exoplanet Survey Satellite (TESS)
TOI-1685,TIC 28900646,2021,Transiting Exoplanet Survey Satellite (TESS)
TOI-1298,TIC 237104103,2021,Transiting Exoplanet Survey Satellite (TESS)
TOI-5634 A,TIC 119585136,2024,Transiting Exoplanet Survey Satellite (TESS)
TOI-883,TIC 123846039,2026,Transiting Exoplanet Survey Satellite (TESS)
TIC 279401253,TIC 279401253,2023,Transiting Exoplanet Survey Satellite (TESS)
HD 15906,TIC 4646810,2023,Transiting Exoplanet Survey Satellite (TESS)
TOI-6109,TIC 384984325,2025,Transiting Exoplanet Survey Satellite (TESS)
TOI-1839,TIC 381714186,2026,Transiting Exoplanet Survey Satellite (TESS)
TOI-871,TIC 219344917,2024,Transiting Exoplanet Survey Satellite (TESS)
TOI-4311,TIC 122617317,2026,Transiting Exoplanet Survey Satellite (TESS)
TOI-2986,TIC 148497855,2025,Transiting Exoplanet Survey Satellite (TESS)
TOI-4638,TIC 58824746,2024,Transiting Exoplanet Survey Satellite (TESS)
TOI-1054,TIC 366989877,2021,Transiting Exoplanet Survey Satellite (TESS)
TOI-5678,TIC 209464063,2023,Transiting Exoplanet Survey Satellite (TESS)
TIC 434398831,TIC 434398831,2025,Transiting Exoplanet Survey Satellite (TESS)
TOI-2641,TIC 162802770,2023,Transiting Exoplanet Survey Satellite (TESS)
TOI-2267 B,,2025,Transiting Exoplanet Survey Satellite (TESS)
TOI-1266,TIC 467179528,2025,Transiting Exoplanet Survey Satellite (TESS)
TOI-4127,TIC 141488193,2023,Transiting Exoplanet Survey Satellite (TESS)
TOI-1438,TIC 229650439,2025,Transiting Exoplanet Survey Satellite (TESS)
TOI-1468,TIC 243185500,2022,Transiting Exoplanet Survey Satellite (TESS)
TIC 434398831,TIC 434398831,2025,Transiting Exoplanet Survey Satellite (TESS)
TOI-3082,TIC 428699140,2023,Transiting Exoplanet Survey Satellite (TESS)
WD 1856+534,TIC 267574918,2020,Transiting Exoplanet Survey Satellite (TESS)
TOI-6303,TIC 186810676,2025,Transiting Exoplanet Survey Satellite (TESS)
LTT 3780,TIC 36724087,2020,Transiting Exoplanet Survey Satellite (TESS)
TOI-3919,TIC 23769326,2024,Transiting Exoplanet Survey Satellite (TESS)
TIC 198190129,TIC 198190129,2026,Transiting Exoplanet Survey Satellite (TESS)
TOI-2537,TIC 399967279,2024,Transiting Exoplanet Survey Satellite (TESS)
L 98-59,TIC 307210830,2019,Transiting Exoplanet Survey Satellite (TESS)
LHS 1815,TIC 260004324,2020,Transiting Exoplanet Survey Satellite (TESS)
TOI-6223,TIC 288144647,2025,Transiting Exoplanet Survey Satellite (TESS)
TOI-7384,TIC 192833836,2026,Transiting Exoplanet Survey Satellite (TESS)
TOI-1448,TIC 343628284,2024,Transiting Exoplanet Survey Satellite (TESS)
TOI-5350,TIC 68808155,2025,Transiting Exoplanet Survey Satellite (TESS)
TIC 294329732,TIC 294329732,2026,Transiting Exoplanet Survey Satellite (TESS)
TOI-1814,TIC 160440924,2026,Transiting Exoplanet Survey Satellite (TESS)
HD 63433,TIC 130181866,2020,Transiting Exoplanet Survey Satellite (TESS)
TOI-128,TIC 391949880,2024,Transiting Exoplanet Survey Satellite (TESS)
TOI-2095,TIC 235678745,2023,Transiting Exoplanet Survey Satellite (TESS)
TOI-2000,TIC 371188886,2023,Transiting Exoplanet Survey Satellite (TESS)
TOI-5736,TIC 310380289,2025,Transiting Exoplanet Survey Satellite (TESS)
HD 135694,TIC 232540264,2023,Transiting Exoplanet Survey Satellite (TESS)
TIC 237913194,TIC 237913194,2020,Transiting Exoplanet Survey Satellite (TESS)
WASP-84,TIC 350293646,2023,Transiting Exoplanet Survey Satellite (TESS)
TOI-776,TIC 306996324,2020,Transiting Exoplanet Survey Satellite (TESS)
TOI-1789,TIC 172518755,2021,Transiting Exoplanet Survey Satellite (TESS)
HIP 8152,TIC 164767175,2023,Transiting Exoplanet Survey Satellite (TESS)
TOI-942,TIC 146520535,2020,Transiting Exoplanet Survey Satellite (TESS)
TOI-3474,TIC 274367763,2025,Transiting Exoplanet Survey Satellite (TESS)
TOI-4329,TIC 256722647,2022,Transiting Exoplanet Survey Satellite (TESS)
TOI-1680,TIC 259168516,2023,Transiting Exoplanet Survey Satellite (TESS)
TOI-5704,TIC 148673433,2023,Transiting Exoplanet Survey Satellite (TESS)
TOI-2076,TIC 27491137,2025,Transiting Exoplanet Survey Satellite (TESS)
HD 63433,TIC 130181866,2023,Transiting Exoplanet Survey Satellite (TESS)
TOI-682,TIC 429304876,2021,Transiting Exoplanet Survey Satellite (TESS)
TOI-512,TIC 119292328,2025,Transiting Exoplanet Survey Satellite (TESS)
TOI-5688 A,TIC 193634953,2024,Transiting Exoplanet Survey Satellite (TESS)
TOI-201,TIC 350618622,2021,Transiting Exoplanet Survey Satellite (TESS)
TOI-929,TIC 175532955,2026,Transiting Exoplanet Survey Satellite (TESS)
TOI-1181,TIC 229510866,2022,Transiting Exoplanet Survey Satellite (TESS)
WASP-108,TIC 404340025,2020,Transiting Exoplanet Survey Satellite (TESS)
TOI-1853,TIC 73540072,2023,Transiting Exoplanet Survey Satellite (TESS)
TOI-2989,TIC 97825640,2025,Transiting Exoplanet Survey Satellite (TESS)
TOI-163,TIC 179317684,2019,Transiting Exoplanet Survey Satellite (TESS)
TOI-431,TIC 31374837,2021,Transiting Exoplanet Survey Satellite (TESS)
TOI-1467,TIC 240968774,2024,Transiting Exoplanet Survey Satellite (TESS)
TOI-5340,TIC 14156936,2025,Transiting Exoplanet Survey Satellite (TESS)
TOI-880,TIC 34077285,2025,Transiting Exoplanet Survey Satellite (TESS)
TOI-1278,TIC 163539739,2021,Transiting Exoplanet Survey Satellite (TESS)
TOI-1450 A,TIC 377293776,2024,Transiting Exoplanet Survey Satellite (TESS)
WASP-132,TIC 127530399,2022,Transiting Exoplanet Survey Satellite (TESS)
GJ 3473,TIC 452866790,2020,Transiting Exoplanet Survey Satellite (TESS)
TOI-216,TIC 55652896,2019,Transiting Exoplanet Survey Satellite (TESS)
TOI-4311,TIC 122617317,2026,Transiting Exoplanet Survey Satellite (TESS)
TOI-1823,TIC 142381532,2024,Transiting Exoplanet Survey Satellite (TESS)
TOI-1774,TIC 4897275,2021,Transiting Exoplanet Survey Satellite (TESS)
TOI-2134,TIC 75878355,2023,Transiting Exoplanet Survey Satellite (TESS)
TOI-2076,TIC 27491137,2021,Transiting Exoplanet Survey Satellite (TESS)
HIP 97166,TIC 237222864,2021,Transiting Exoplanet Survey Satellite (TESS)
TOI-558,TIC 207110080,2021,Transiting Exoplanet Survey Satellite (TESS)
HD 23472,TIC 425997655,2019,Transiting Exoplanet Survey Satellite (TESS)
TOI-1859,TIC 229742722,2023,Transiting Exoplanet Survey Satellite (TESS)
HD 5278,TIC 263003176,2021,Transiting Exoplanet Survey Satellite (TESS)
TOI-5322,TIC 336691874,2025,Transiting Exoplanet Survey Satellite (TESS)
TOI-216,TIC 55652896,2019,Transiting Exoplanet Survey Satellite (TESS)
TOI-2328,TIC 394287035,2025,Transiting Exoplanet Survey Satellite (TESS)
TOI-2152,TIC 395393265,2023,Transiting Exoplanet Survey Satellite (TESS)
TOI-2524,TIC 169249234,2023,Transiting Exoplanet Survey Satellite (TESS)
TOI-1451,TIC 417931607,2024,Transiting Exoplanet Survey Satellite (TESS)
TOI-1259 A,TIC 288735205,2021,Transiting Exoplanet Survey Satellite (TESS)
TOI-824,TIC 193641523,2020,Transiting Exoplanet Survey Satellite (TESS)
TOI-791,TIC 306472057,2026,Transiting Exoplanet Survey Satellite (TESS)
TOI-4030,TIC 390021939,2026,Transiting Exoplanet Survey Satellite (TESS)
TIC 161045582,TIC 161045582,2026,Transiting Exoplanet Survey Satellite (TESS)
TOI-813,TIC 55525572,2020,Transiting Exoplanet Survey Satellite (TESS)
TOI-1227,TIC 360156606,2022,Transiting Exoplanet Survey Satellite (TESS)
TOI-4029,TIC 393633044,2026,Transiting Exoplanet Survey Satellite (TESS)
TOI-238,TIC 9006668,2024,Transiting Exoplanet Survey Satellite (TESS)
TOI-2459,TIC 192790476,2023,Transiting Exoplanet Survey Satellite (TESS)
TOI-2373,TIC 332558858,2023,Transiting Exoplanet Survey Satellite (TESS)
TOI-1288,TIC 365733349,2022,Transiting Exoplanet Survey Satellite (TESS)
TOI-1246,TIC 230127302,2022,Transiting Exoplanet Survey Satellite (TESS)
TOI-5386 A,TIC 202425357,2025,Transiting Exoplanet Survey Satellite (TESS)
TOI-2449,TIC 170729775,2025,Transiting Exoplanet Survey Satellite (TESS)
TOI-907,TIC 305424003,2024,Transiting Exoplanet Survey Satellite (TESS)
TOI-4363,TIC 325682877,2026,Transiting Exoplanet Survey Satellite (TESS)
TIC 231949697,TIC 231949697,2026,Transiting Exoplanet Survey Satellite (TESS)
TOI-4458,TIC 229671380,2026,Transiting Exoplanet Survey Satellite (TESS)
TOI-1420,TIC 321857016,2023,Transiting Exoplanet Survey Satellite (TESS)
TOI-4791,TIC 100389539,2023,Transiting Exoplanet Survey Satellite (TESS)
TIC 147027702,TIC 147027702,2026,Transiting Exoplanet Survey Satellite (TESS)
NGTS-38,TIC 65910228,2026,Transiting Exoplanet Survey Satellite (TESS)
TOI-6324,TIC 372207328,2025,Transiting Exoplanet Survey Satellite (TESS)
TOI-172,TIC 29857954,2019,Transiting Exoplanet Survey Satellite (TESS)
TOI-1749,TIC 233602827,2021,Transiting Exoplanet Survey Satellite (TESS)
TIC 178172313,TIC 178172313,2026,Transiting Exoplanet Survey Satellite (TESS)
TOI-1836,TIC 207468071,2024,Transiting Exoplanet Survey Satellite (TESS)
TOI-2076,TIC 27491137,2021,Transiting Exoplanet Survey Satellite (TESS)
HAT-P-47,TIC 73448352,2026,Transiting Exoplanet Survey Satellite (TESS)
TOI-3664,TIC 348437470,2026,Transiting Exoplanet Survey Satellite (TESS)
TOI-756,TIC 73649615,2025,Transiting Exoplanet Survey Satellite (TESS)
TOI-4794,TIC 95589845,2025,Transiting Exoplanet Survey Satellite (TESS)
TOI-451,TIC 257605131,2020,Transiting Exoplanet Survey Satellite (TESS)
TOI-5205,TIC 419411415,2023,Transiting Exoplanet Survey Satellite (TESS)
TOI-1670,TIC 441739020,2022,Transiting Exoplanet Survey Satellite (TESS)
TOI-2338,TIC 24358417,2023,Transiting Exoplanet Survey Satellite (TESS)
TOI-2133,TIC 39200363,2026,Transiting Exoplanet Survey Satellite (TESS)
TIC 117642575,TIC 117642575,2026,Transiting Exoplanet Survey Satellite (TESS)
TOI-6651,TIC 174328045,2024,Transiting Exoplanet Survey Satellite (TESS)
TOI-908,TIC 350153977,2023,Transiting Exoplanet Survey Satellite (TESS)
TOI-519,TIC 218795833,2021,Transiting Exoplanet Survey Satellite (TESS)
TOI-2578,TIC 104986789,2026,Transiting Exoplanet Survey Satellite (TESS)
TOI-2498,TIC 263179590,2023,Transiting Exoplanet Survey Satellite (TESS)
TOI-1194,TIC 147950620,2023,Transiting Exoplanet Survey Satellite (TESS)
TOI-837,TIC 460205581,2020,Transiting Exoplanet Survey Satellite (TESS)
Gliese 12,TIC 52005579,2024,Transiting Exoplanet Survey Satellite (TESS)
TOI-6130,TIC 210083929,2024,Transiting Exoplanet Survey Satellite (TESS)
TOI-5210,TIC 265979849,2025,Transiting Exoplanet Survey Satellite (TESS)
NGTS-30,TIC 322807371,2024,Transiting Exoplanet Survey Satellite (TESS)
TOI-1533,TIC 345143460,2026,Transiting Exoplanet Survey Satellite (TESS)
TOI-470,TIC 37770169,2023,Transiting Exoplanet Survey Satellite (TESS)
TOI-1898,TIC 91987762,2024,Transiting Exoplanet Survey Satellite (TESS)
HIP 8152,TIC 164767175,2023,Transiting Exoplanet Survey Satellite (TESS)
TOI-1937 A,TIC 268301217,2023,Transiting Exoplanet Survey Satellite (TESS)
TOI-1338 A,TIC 260128333,2020,Transiting Exoplanet Survey Satellite (TESS)
TOI-1235,TIC 103633434,2020,Transiting Exoplanet Survey Satellite (TESS)
TOI-663,TIC 54962195,2024,Transiting Exoplanet Survey Satellite (TESS)
HD 207897,TIC 264678534,2021,Transiting Exoplanet Survey Satellite (TESS)
TOI-905,TIC 261867566,2020,Transiting Exoplanet Survey Satellite (TESS)
TOI-2267 A,TIC 459837008,2025,Transiting Exoplanet Survey Satellite (TESS)
TOI-2000,TIC 371188886,2023,Transiting Exoplanet Survey Satellite (TESS)
TOI-1333,TIC 395171208,2021,Transiting Exoplanet Survey Satellite (TESS)
HD 1397,TIC 394137592,2018,Transiting Exoplanet Survey Satellite (TESS)
TOI-4582,TIC 219854519,2023,Transiting Exoplanet Survey Satellite (TESS)
TOI-2545,TIC 149845414,2022,Transiting Exoplanet Survey Satellite (TESS)
TOI-2211,TIC 212253390,2024,Transiting Exoplanet Survey Satellite (TESS)
TOI-5777,TIC 459189798,2026,Transiting Exoplanet Survey Satellite (TESS)
TOI-2518,TIC 96925186,2026,Transiting Exoplanet Survey Satellite (TESS)
TIC 206466666,TIC 206466666,2026,Transiting Exoplanet Survey Satellite (TESS)
TOI-5349,TIC 26054627,2026,Transiting Exoplanet Survey Satellite (TESS)
TOI-1117,TIC 295541511,2025,Transiting Exoplanet Survey Satellite (TESS)
TOI-4406,TIC 206541859,2023,Transiting Exoplanet Survey Satellite (TESS)
TOI-2322,TIC 300812741,2025,Transiting Exoplanet Survey Satellite (TESS)
TOI-2345,TIC 91555165,2025,Transiting Exoplanet Survey Satellite (TESS)
TOI-7510,TIC 118798035,2025,Transiting Exoplanet Survey Satellite (TESS)
HD 202772 A,TIC 290131778,2019,Transiting Exoplanet Survey Satellite (TESS)
TOI-480,TIC 317548889,2024,Transiting Exoplanet Survey Satellite (TESS)
TOI-1443,TIC 237232044,2024,Transiting Exoplanet Survey Satellite (TESS)
TOI-5624,TIC 53498154,2026,Transiting Exoplanet Survey Satellite (TESS)
TOI-561,TIC 377064495,2020,Transiting Exoplanet Survey Satellite (TESS)
LTT 1445 A,TIC 98796344,2022,Transiting Exoplanet Survey Satellite (TESS)
TOI-1782,TIC 160045097,2024,Transiting Exoplanet Survey Satellite (TESS)
HD 109833,TIC 360630575,2022,Transiting Exoplanet Survey Satellite (TESS)
TOI-700,TIC 150428135,2020,Transiting Exoplanet Survey Satellite (TESS)
TOI-757,TIC 130924120,2024,Transiting Exoplanet Survey Satellite (TESS)
TOI-1453,TIC 198390247,2025,Transiting Exoplanet Survey Satellite (TESS)
TOI-451,TIC 257605131,2020,Transiting Exoplanet Survey Satellite (TESS)
TOI-1630,TIC 317597583,2024,Transiting Exoplanet Survey Satellite (TESS)
TOI-5153,TIC 124029677,2022,Transiting Exoplanet Survey Satellite (TESS)
TOI-5926,TIC 372831381,2026,Transiting Exoplanet Survey Satellite (TESS)
TOI-5238,TIC 219016883,2022,Transiting Exoplanet Survey Satellite (TESS)
TOI-1710,TIC 445805961,2022,Transiting Exoplanet Survey Satellite (TESS)
TOI-1899,TIC 172370679,2020,Transiting Exoplanet Survey Satellite (TESS)
TOI-6054,TIC 392681545,2024,Transiting Exoplanet Survey Satellite (TESS)
TOI-892,TIC 66561343,2020,Transiting Exoplanet Survey Satellite (TESS)
TOI-5800,TIC 151759246,2025,Transiting Exoplanet Survey Satellite (TESS)
TOI-1739,TIC 159418353,2024,Transiting Exoplanet Survey Satellite (TESS)
TIC 88785435,TIC 88785435,2025,Transiting Exoplanet Survey Satellite (TESS)
TOI-6707,TIC 287328202,2026,Transiting Exoplanet Survey Satellite (TESS)
TOI-4507,TIC 179582003,2025,Transiting Exoplanet Survey Satellite (TESS)
TOI-3540 A,TIC 17865622,2022,Transiting Exoplanet Survey Satellite (TESS)
TOI-2803 A,TIC 124379043,2023,Transiting Exoplanet Survey Satellite (TESS)
TOI-262,TIC 70513361,2023,Transiting Exoplanet Survey Satellite (TESS)
TOI-2420,TIC 268532343,2024,Transiting Exoplanet Survey Satellite (TESS)
TOI-4465,TIC 157236902,2025,Transiting Exoplanet Survey Satellite (TESS)
TOI-6255,TIC 261135533,2024,Transiting Exoplanet Survey Satellite (TESS)
TOI-2274,TIC 289164482,2024,Transiting Exoplanet Survey Satellite (TESS)
TOI-942,TIC 146520535,2020,Transiting Exoplanet Survey Satellite (TESS)
TOI-880,TIC 34077285,2024,Transiting Exoplanet Survey Satellite (TESS)
TOI-4940,TIC 237929468,2025,Transiting Exoplanet Survey Satellite (TESS)
TOI-2049,TIC 314835525,2026,Transiting Exoplanet Survey Satellite (TESS)
TOI-5605,TIC 252469648,2026,Transiting Exoplanet Survey Satellite (TESS)
HD 191939,TIC 269701147,2020,Transiting Exoplanet Survey Satellite (TESS)
TOI-1107,TIC 394561119,2022,Transiting Exoplanet Survey Satellite (TESS)
TOI-6330,TIC 308120029,2025,Transiting Exoplanet Survey Satellite (TESS)
TOI-1751,TIC 287080092,2024,Transiting Exoplanet Survey Satellite (TESS)
TOI-1273,TIC 445859771,2024,Transiting Exoplanet Survey Satellite (TESS)
TOI-260,TIC 37749396,2024,Transiting Exoplanet Survey Satellite (TESS)
TOI-4487 A,TIC 193754373,2025,Transiting Exoplanet Survey Satellite (TESS)
TOI-2981,TIC 287145649,2024,Transiting Exoplanet Survey Satellite (TESS)
TOI-6002,TIC 102734241,2024,Transiting Exoplanet Survey Satellite (TESS)
TOI-1723,TIC 71431780,2024,Transiting Exoplanet Survey Satellite (TESS)
TOI-2005,TIC 147660886,2025,Transiting Exoplanet Survey Satellite (TESS)
TOI-674,TIC 158588995,2021,Transiting Exoplanet Survey Satellite (TESS)
TOI-444,TIC 179034327,2023,Transiting Exoplanet Survey Satellite (TESS)
TOI-2202,TIC 358107516,2021,Transiting Exoplanet Survey Satellite (TESS)
TOI-5614,TIC 148960849,2026,Transiting Exoplanet Survey Satellite (TESS)
LTT 1445 A,TIC 98796344,2019,Transiting Exoplanet Survey Satellite (TESS)
HD 23472,TIC 425997655,2022,Transiting Exoplanet Survey Satellite (TESS)
TOI-1749,TIC 233602827,2021,Transiting Exoplanet Survey Satellite (TESS)
NGTS-20,TIC 257527578,2022,Transiting Exoplanet Survey Satellite (TESS)
TOI-2427,TIC 142937186,2022,Transiting Exoplanet Survey Satellite (TESS)
TOI-1777,TIC 29191624,2024,Transiting Exoplanet Survey Satellite (TESS)
TIC 172900988 Aa,TIC 172900988,2021,Transiting Exoplanet Survey Satellite (TESS)
TOI-1221,TIC 349095149,2023,Transiting Exoplanet Survey Satellite (TESS)
TIC 150070085,TIC 150070085,2026,Transiting Exoplanet Survey Satellite (TESS)
TOI-1291,TIC 198186769,2026,Transiting Exoplanet Survey Satellite (TESS)
TOI-4603,TIC 437856897,2023,Transiting Exoplanet Survey Satellite (TESS)
TOI-1670,TIC 441739020,2022,Transiting Exoplanet Survey Satellite (TESS)
TOI-132,TIC 89020549,2020,Transiting Exoplanet Survey Satellite (TESS)
TOI-4633,TIC 307958020,2024,Transiting Exoplanet Survey Satellite (TESS)
TOI-4443,TIC 158241252,2024,Transiting Exoplanet Survey Satellite (TESS)
TOI-3856,TIC 125552076,2025,Transiting Exoplanet Survey Satellite (TESS)
TOI-5734,TIC 9989136,2026,Transiting Exoplanet Survey Satellite (TESS)
TOI-1695,TIC 422756130,2022,Transiting Exoplanet Survey Satellite (TESS)
TIC 188624430,TIC 188624430,2026,Transiting Exoplanet Survey Satellite (TESS)
TOI-6054,TIC 392681545,2024,Transiting Exoplanet Survey Satellite (TESS)
TOI-5788,TIC 42883782,2026,Transiting Exoplanet Survey Satellite (TESS)
TOI-1431,TIC 375506058,2021,Transiting Exoplanet Survey Satellite (TESS)
TOI-7009,TIC 405837291,2026,Transiting Exoplanet Survey Satellite (TESS)
TOI-421,TIC 94986319,2020,Transiting Exoplanet Survey Satellite (TESS)
TOI-6716,TIC 112115898,2026,Transiting Exoplanet Survey Satellite (TESS)
TOI-5532,TIC 318836983,2026,Transiting Exoplanet Survey Satellite (TESS)
HIP 67522,TIC 166527623,2020,Transiting Exoplanet Survey Satellite (TESS)
TOI-1272,TIC 417948359,2022,Transiting Exoplanet Survey Satellite (TESS)
TOI-921,TIC 278775625,2026,Transiting Exoplanet Survey Satellite (TESS)
TOI-3464,TIC 290504044,2025,Transiting Exoplanet Survey Satellite (TESS)
TOI-5486,TIC 291109653,2026,Transiting Exoplanet Survey Satellite (TESS)
TOI-2267 A,TIC 459837008,2025,Transiting Exoplanet Survey Satellite (TESS)
TOI-3593,TIC 162289289,2025,Transiting Exoplanet Survey Satellite (TESS)
TOI-178,TIC 251848941,2021,Transiting Exoplanet Survey Satellite (TESS)
TOI-954,TIC 44792534,2020,Transiting Exoplanet Survey Satellite (TESS)
TOI-1752,TIC 287139872,2026,Transiting Exoplanet Survey Satellite (TESS)
TIC 32032563,TIC 32032563,2026,Transiting Exoplanet Survey Satellite (TESS)
TOI-1820,TIC 393831507,2022,Transiting Exoplanet Survey Satellite (TESS)
TOI-938,TIC 332660150,2026,Transiting Exoplanet Survey Satellite (TESS)
TOI-2497,TIC 97568467,2023,Transiting Exoplanet Survey Satellite (TESS)
TOI-3362,TIC 464300749,2021,Transiting Exoplanet Survey Satellite (TESS)
HIP 113103,TIC 121490076,2023,Transiting Exoplanet Survey Satellite (TESS)
TOI-1080,TIC 161032923,2026,Transiting Exoplanet Survey Satellite (TESS)
TOI-2977,TIC 361343239,2023,Transiting Exoplanet Survey Satellite (TESS)
TOI-4010,TIC 352682207,2023,Transiting Exoplanet Survey Satellite (TESS)
TOI-540,TIC 200322593,2020,Transiting Exoplanet Survey Satellite (TESS)
TOI-1136,TIC 142276270,2022,Transiting Exoplanet Survey Satellite (TESS)
TOI-1468,TIC 243185500,2022,Transiting Exoplanet Survey Satellite (TESS)
TOI-1438,TIC 229650439,2025,Transiting Exoplanet Survey Satellite (TESS)
HD 109833,TIC 360630575,2022,Transiting Exoplanet Survey Satellite (TESS)
TOI-2104,TIC 367630162,2026,Transiting Exoplanet Survey Satellite (TESS)
HIP 67522,TIC 166527623,2024,Transiting Exoplanet Survey Satellite (TESS)
TOI-1669,TIC 428679607,2024,Transiting Exoplanet Survey Satellite (TESS)
TOI-778,TIC 335630746,2023,Transiting Exoplanet Survey Satellite (TESS)
TOI-7333,TIC 160585062,2026,Transiting Exoplanet Survey Satellite (TESS)
TOI-2453,TIC 59128183,2026,Transiting Exoplanet Survey Satellite (TESS)
TOI-2416,TIC 237922465,2023,Transiting Exoplanet Survey Satellite (TESS)
TOI-3523 A,TIC 417047499,2025,Transiting Exoplanet Survey Satellite (TESS)
TOI-4640,TIC 337216118,2026,Transiting Exoplanet Survey Satellite (TESS)
TOI-1442,TIC 235683377,2022,Transiting Exoplanet Survey Satellite (TESS)
TOI-1453,TIC 198390247,2025,Transiting Exoplanet Survey Satellite (TESS)
TOI-7149,TIC 459323923,2025,Transiting Exoplanet Survey Satellite (TESS)
TOI-3976 A,TIC 154293917,2023,Transiting Exoplanet Survey Satellite (TESS)
LTT 9779,TIC 183985250,2020,Transiting Exoplanet Survey Satellite (TESS)
TOI-763,TIC 178819686,2020,Transiting Exoplanet Survey Satellite (TESS)
TOI-5726,TIC 71582156,2024,Transiting Exoplanet Survey Satellite (TESS)
Wolf 327,TIC 4918918,2024,Transiting Exoplanet Survey Satellite (TESS)
TOI-6478,TIC 332657786,2025,Transiting Exoplanet Survey Satellite (TESS)
TOI-1246,TIC 230127302,2022,Transiting Exoplanet Survey Satellite (TESS)
TOI-3837,TIC 308073360,2025,Transiting Exoplanet Survey Satellite (TESS)
TOI-849,TIC 33595516,2020,Transiting Exoplanet Survey Satellite (TESS)
TOI-1266,TIC 467179528,2020,Transiting Exoplanet Survey Satellite (TESS)
TOI-4734,TIC 97714451,2025,Transiting Exoplanet Survey Satellite (TESS)
TOI-2842,TIC 178162579,2023,Transiting Exoplanet Survey Satellite (TESS)
TOI-836,TIC 440887364,2023,Transiting Exoplanet Survey Satellite (TESS)
TOI-6699,TIC 341405597,2026,Transiting Exoplanet Survey Satellite (TESS)
TOI-2886,TIC 318796593,2025,Transiting Exoplanet Survey Satellite (TESS)
TOI-1246,TIC 230127302,2022,Transiting Exoplanet Survey Satellite (TESS)
TOI-1184,TIC 233087860,2024,Transiting Exoplanet Survey Satellite (TESS)
TOI-2031 A,TIC 470127886,2025,Transiting Exoplanet Survey Satellite (TESS)
HD 15337,TIC 120896927,2019,Transiting Exoplanet Survey Satellite (TESS)
HD 23472,TIC 425997655,2022,Transiting Exoplanet Survey Satellite (TESS)
TOI-4156,TIC 462553953,2026,Transiting Exoplanet Survey Satellite (TESS)
TOI-2796,TIC 220076110,2023,Transiting Exoplanet Survey Satellite (TESS)
NGTS-31,TIC 167714124,2025,Transiting Exoplanet Survey Satellite (TESS)
TOI-3984 A,TIC 20182780,2023,Transiting Exoplanet Survey Satellite (TESS)
TOI-2525,TIC 149601126,2023,Transiting Exoplanet Survey Satellite (TESS)
TOI-1248,TIC 232612416,2024,Transiting Exoplanet Survey Satellite (TESS)
TIC 52059926,TIC 52059926,2026,Transiting Exoplanet Survey Satellite (TESS)
TOI-3364,TIC 280655495,2023,Transiting Exoplanet Survey Satellite (TESS)
TOI-5422,TIC 80611440,2026,Transiting Exoplanet Survey Satellite (TESS)
LHS 1678,TIC 77156829,2024,Transiting Exoplanet Survey Satellite (TESS)
TOI-1347,TIC 229747848,2024,Transiting Exoplanet Survey Satellite (TESS)
TOI-1824,TIC 142387023,2024,Transiting Exoplanet Survey Satellite (TESS)
TOI-1799,TIC 8967242,2024,Transiting Exoplanet Survey Satellite (TESS)
TOI-1269,TIC 198241702,2026,Transiting Exoplanet Survey Satellite (TESS)
TOI-7155,TIC 468350765,2026,Transiting Exoplanet Survey Satellite (TESS)
TOI-941,TIC 408137826,2026,Transiting Exoplanet Survey Satellite (TESS)
HIP 56998,TIC 397362481,2025,Transiting Exoplanet Survey Satellite (TESS)
TOI-1883,TIC 348755728,2024,Transiting Exoplanet Survey Satellite (TESS)
TOI-2322,TIC 300812741,2025,Transiting Exoplanet Survey Satellite (TESS)
HD 235088,TIC 293954617,2023,Transiting Exoplanet Survey Satellite (TESS)
NGTS-34,TIC 147277741,2025,Transiting Exoplanet Survey Satellite (TESS)
TOI-1683,TIC 58542531,2024,Transiting Exoplanet Survey Satellite (TESS)
TOI-270,TIC 259377017,2019,Transiting Exoplanet Survey Satellite (TESS)
TOI-2158,TIC 342642208,2022,Transiting Exoplanet Survey Satellite (TESS)
TOI-6281,TIC 152569268,2026,Transiting Exoplanet Survey Satellite (TESS)
TOI-1533,TIC 345143460,2026,Transiting Exoplanet Survey Satellite (TESS)
TOI-1408,TIC 364186197,2023,Transiting Exoplanet Survey Satellite (TESS)
TOI-5502,TIC 126322519,2026,Transiting Exoplanet Survey Satellite (TESS)
TOI-3688 A,TIC 245509452,2023,Transiting Exoplanet Survey Satellite (TESS)
TOI-5728,TIC 219875976,2025,Transiting Exoplanet Survey Satellite (TESS)
TOI-5398,TIC 8260536,2022,Transiting Exoplanet Survey Satellite (TESS)
TOI-5515,TIC 55275863,2026,Transiting Exoplanet Survey Satellite (TESS)
TOI-640,TIC 147977348,2021,Transiting Exoplanet Survey Satellite (TESS)
TIC 9344899,TIC 9344899,2026,Transiting Exoplanet Survey Satellite (TESS)
GJ 357,TIC 413248763,2019,Transiting Exoplanet Survey Satellite (TESS)
LHS 1903,TIC 318022259,2026,Transiting Exoplanet Survey Satellite (TESS)
TOI-3819,TIC 95660472,2023,Transiting Exoplanet Survey Satellite (TESS)
TOI-1634,TIC 201186294,2021,Transiting Exoplanet Survey Satellite (TESS)
TOI-5789,TIC 87216634,2026,Transiting Exoplanet Survey Satellite (TESS)
TOI-1269,TIC 198241702,2024,Transiting Exoplanet Survey Satellite (TESS)
TOI-2236,TIC 394722182,2022,Transiting Exoplanet Survey Satellite (TESS)
HIP 113103,TIC 121490076,2023,Transiting Exoplanet Survey Satellite (TESS)
TOI-2580,TIC 102713734,2024,Transiting Exoplanet Survey Satellite (TESS)
TOI-2084,TIC 441738827,2023,Transiting Exoplanet Survey Satellite (TESS)
TOI-2458,TIC 449197831,2024,Transiting Exoplanet Survey Satellite (TESS)
TIC 365102760,TIC 365102760,2024,Transiting Exoplanet Survey Satellite (TESS)
TOI-5292 A,TIC 33397739,2026,Transiting Exoplanet Survey Satellite (TESS)
TOI-1347,TIC 229747848,2024,Transiting Exoplanet Survey Satellite (TESS)
TOI-1173,TIC 232967440,2024,Transiting Exoplanet Survey Satellite (TESS)
HIP 9618,TIC 306263608,2023,Transiting Exoplanet Survey Satellite (TESS)
TOI-1722,TIC 85242435,2026,Transiting Exoplanet Survey Satellite (TESS)
TOI-4930,TIC 307221757,2026,Transiting Exoplanet Survey Satellite (TESS)
TOI-2088,TIC 441765914,2024,Transiting Exoplanet Survey Satellite (TESS)
GJ 238,TIC 260708537,2024,Transiting Exoplanet Survey Satellite (TESS)
TOI-5126,TIC 27064468,2023,Transiting Exoplanet Survey Satellite (TESS)
TOI-406,TIC 153065527,2024,Transiting Exoplanet Survey Satellite (TESS)
TOI-277,TIC 439456714,2022,Transiting Exoplanet Survey Satellite (TESS)
TOI-2025,TIC 394050135,2022,Transiting Exoplanet Survey Satellite (TESS)
TOI-799,TIC 255685030,2026,Transiting Exoplanet Survey Satellite (TESS)
TOI-2443,TIC 318753380,2023,Transiting Exoplanet Survey Satellite (TESS)
TOI-2384,TIC 382602147,2024,Transiting Exoplanet Survey Satellite (TESS)
TOI-1470,TIC 284441182,2023,Transiting Exoplanet Survey Satellite (TESS)
TOI-4379,TIC 97766057,2024,Transiting Exoplanet Survey Satellite (TESS)
TIC 241249530,TIC 241249530,2024,Transiting Exoplanet Survey Satellite (TESS)
TOI-3261,TIC 358070912,2024,Transiting Exoplanet Survey Satellite (TESS)
TOI-6086,TIC 18318288,2024,Transiting Exoplanet Survey Satellite (TESS)
TOI-3071,TIC 452006073,2024,Transiting Exoplanet Survey Satellite (TESS)
TOI-406,TIC 153065527,2024,Transiting Exoplanet Survey Satellite (TESS)
HIP 65 A,TIC 201248411,2020,Transiting Exoplanet Survey Satellite (TESS)
TIC 139270665,TIC 139270665,2024,Transiting Exoplanet Survey Satellite (TESS)
TOI-1794,TIC 286916251,2024,Transiting Exoplanet Survey Satellite (TESS)
TOI-261,TIC 63898957,2021,Transiting Exoplanet Survey Satellite (TESS)
TOI-1201,TIC 29960110,2021,Transiting Exoplanet Survey Satellite (TESS)
TOI-421,TIC 94986319,2020,Transiting Exoplanet Survey Satellite (TESS)
TOI-125,TIC 52368076,2019,Transiting Exoplanet Survey Satellite (TESS)
TOI-559,TIC 209459275,2021,Transiting Exoplanet Survey Satellite (TESS)
GJ 806,TIC 239332587,2023,Transiting Exoplanet Survey Satellite (TESS)
TOI-5795,TIC 151724385,2025,Transiting Exoplanet Survey Satellite (TESS)
TOI-1052,TIC 317060587,2023,Transiting Exoplanet Survey Satellite (TESS)
TOI-1174,TIC 154089169,2024,Transiting Exoplanet Survey Satellite (TESS)
TOI-1011,TIC 114018671,2025,Transiting Exoplanet Survey Satellite (TESS)
TOI-1846,TIC 198385543,2025,Transiting Exoplanet Survey Satellite (TESS)
TOI-815,TIC 102840239,2024,Transiting Exoplanet Survey Satellite (TESS)
TIC 67686059,TIC 67686059,2026,Transiting Exoplanet Survey Satellite (TESS)
HD 63433,TIC 130181866,2020,Transiting Exoplanet Survey Satellite (TESS)
HD 110082,TIC 383390264,2021,Transiting Exoplanet Survey Satellite (TESS)
BD+05 4868 A,TIC 466376085,2025,Transiting Exoplanet Survey Satellite (TESS)
TOI-5599,TIC 159160230,2026,Transiting Exoplanet Survey Satellite (TESS)
TOI-431,TIC 31374837,2021,Transiting Exoplanet Survey Satellite (TESS)
GJ 341,TIC 359271092,2025,Transiting Exoplanet Survey Satellite (TESS)
HD 25463,TIC 407966340,2023,Transiting Exoplanet Survey Satellite (TESS)
TOI-5160,TIC 4165850,2026,Transiting Exoplanet Survey Satellite (TESS)
TOI-1260,TIC 355867695,2021,Transiting Exoplanet Survey Satellite (TESS)
TOI-3235,TIC 243641947,2023,Transiting Exoplanet Survey Satellite (TESS)
LHS 1903,TIC 318022259,2026,Transiting Exoplanet Survey Satellite (TESS)
TOI-1801,TIC 119584412,2023,Transiting Exoplanet Survey Satellite (TESS)
TOI-762 A,TIC 178709444,2024,Transiting Exoplanet Survey Satellite (TESS)
TOI-5335,TIC 381360750,2026,Transiting Exoplanet Survey Satellite (TESS)
TOI-1742,TIC 219857012,2024,Transiting Exoplanet Survey Satellite (TESS)
TOI-2295,TIC 48018596,2024,Transiting Exoplanet Survey Satellite (TESS)
TIC 24750448,TIC 24750448,2026,Transiting Exoplanet Survey Satellite (TESS)
TOI-1295,TIC 219852584,2024,Transiting Exoplanet Survey Satellite (TESS)
IRAS 04125+2902,TIC 56658270,2024,Transiting Exoplanet Survey Satellite (TESS)
TOI-2184,TIC 176956893,2022,Transiting Exoplanet Survey Satellite (TESS)
TOI-2018,TIC 357501308,2023,Transiting Exoplanet Survey Satellite (TESS)
TOI-669,TIC 124573851,2023,Transiting Exoplanet Survey Satellite (TESS)
TOI-4559,TIC 271169413,2024,Transiting Exoplanet Survey Satellite (TESS)
TOI-199,TIC 309792357,2023,Transiting Exoplanet Survey Satellite (TESS)
TOI-700,TIC 150428135,2020,Transiting Exoplanet Survey Satellite (TESS)
TOI-6954,TIC 443607377,2026,Transiting Exoplanet Survey Satellite (TESS)
TOI-2421,TIC 70524163,2022,Transiting Exoplanet Survey Satellite (TESS)
TOI-7510,TIC 118798035,2025,Transiting Exoplanet Survey Satellite (TESS)
TIC 260969020,TIC 260969020,2026,Transiting Exoplanet Survey Satellite (TESS)
HD 77946,TIC 39699648,2024,Transiting Exoplanet Survey Satellite (TESS)
LHS 1478,TIC 396562848,2021,Transiting Exoplanet Survey Satellite (TESS)
TOI-5143,TIC 281837575,2025,Transiting Exoplanet Survey Satellite (TESS)
TOI-2147,TIC 341630071,2026,Transiting Exoplanet Survey Satellite (TESS)
TOI-5803,TIC 466382581,2023,Transiting Exoplanet Survey Satellite (TESS)
TOI-2136,TIC 336128819,2022,Transiting Exoplanet Survey Satellite (TESS)
TOI-1752,TIC 287139872,2026,Transiting Exoplanet Survey Satellite (TESS)
TOI-5261,TIC 402828941,2025,Transiting Exoplanet Survey Satellite (TESS)
TOI-5616,TIC 154220877,2024,Transiting Exoplanet Survey Satellite (TESS)
TOI-4504,TIC 349972412,2024,Transiting Exoplanet Survey Satellite (TESS)
TOI-329,TIC 169765334,2024,Transiting Exoplanet Survey Satellite (TESS)
TOI-5788,TIC 42883782,2026,Transiting Exoplanet Survey Satellite (TESS)
TOI-1753,TIC 289580577,2024,Transiting Exoplanet Survey Satellite (TESS)
BD-14 3065 A,TIC 293607057,2024,Transiting Exoplanet Survey Satellite (TESS)
TOI-833,TIC 362249359,2022,Transiting Exoplanet Survey Satellite (TESS)
TOI-904,TIC 261257684,2023,Transiting Exoplanet Survey Satellite (TESS)
TOI-3457,TIC 357312511,2026,Transiting Exoplanet Survey Satellite (TESS)
TOI-3160 A,TIC 440872576,2025,Transiting Exoplanet Survey Satellite (TESS)
TOI-622,TIC 83092282,2023,Transiting Exoplanet Survey Satellite (TESS)
LP 791-18,TIC 181804752,2019,Transiting Exoplanet Survey Satellite (TESS)
TOI-2345,TIC 91555165,2025,Transiting Exoplanet Survey Satellite (TESS)
TOI-1136,TIC 142276270,2022,Transiting Exoplanet Survey Satellite (TESS)
TOI-270,TIC 259377017,2019,Transiting Exoplanet Survey Satellite (TESS)
TOI-4860,TIC 335590096,2023,Transiting Exoplanet Survey Satellite (TESS)
HD 6061,TIC 352413427,2023,Transiting Exoplanet Survey Satellite (TESS)
TOI-5232,TIC 69356857,2024,Transiting Exoplanet Survey Satellite (TESS)
TOI-333,TIC 224245334,2025,Transiting Exoplanet Survey Satellite (TESS)
TOI-4529,TIC 384888319,2026,Transiting Exoplanet Survey Satellite (TESS)
TOI-1516,TIC 376637093,2022,Transiting Exoplanet Survey Satellite (TESS)
TOI-150,TIC 271893367,2019,Transiting Exoplanet Survey Satellite (TESS)
TIC 86380416,TIC 86380416,2026,Transiting Exoplanet Survey Satellite (TESS)
TOI-332,TIC 139285832,2023,Transiting Exoplanet Survey Satellite (TESS)
TOI-5301,TIC 58825110,2024,Transiting Exoplanet Survey Satellite (TESS)
TOI-2096,TIC 142748283,2023,Transiting Exoplanet Survey Satellite (TESS)
NGTS-11,TIC 54002556,2020,Transiting Exoplanet Survey Satellite (TESS)
HD 183579,TIC 320004517,2021,Transiting Exoplanet Survey Satellite (TESS)
HD 219666,TIC 266980320,2018,Transiting Exoplanet Survey Satellite (TESS)
TOI-2046,TIC 468574941,2022,Transiting Exoplanet Survey Satellite (TESS)
TIC 153919886,TIC 153919886,2026,Transiting Exoplanet Survey Satellite (TESS)
TOI-808,TIC 30122649,2026,Transiting Exoplanet Survey Satellite (TESS)
TOI-2134,TIC 75878355,2023,Transiting Exoplanet Survey Satellite (TESS)
TIC 34085383,TIC 34085383,2026,Transiting Exoplanet Survey Satellite (TESS)
TOI-1994,TIC 445903569,2024,Transiting Exoplanet Survey Satellite (TESS)
TOI-3682,TIC 28961316,2025,Transiting Exoplanet Survey Satellite (TESS)
TOI-1842,TIC 404505029,2021,Transiting Exoplanet Survey Satellite (TESS)
TOI-1803,TIC 144401492,2025,Transiting Exoplanet Survey Satellite (TESS)
TOI-2260,TIC 232568235,2022,Transiting Exoplanet Survey Satellite (TESS)
TOI-500,TIC 134200185,2022,Transiting Exoplanet Survey Satellite (TESS)
TOI-3693,TIC 240823272,2022,Transiting Exoplanet Survey Satellite (TESS)
TOI-1408,TIC 364186197,2024,Transiting Exoplanet Survey Satellite (TESS)
TOI-2346,TIC 317483660,2025,Transiting Exoplanet Survey Satellite (TESS)
TIC 154870955,TIC 154870955,2026,Transiting Exoplanet Survey Satellite (TESS)
TOI-6564,TIC 453668803,2026,Transiting Exoplanet Survey Satellite (TESS)
TOI-1238,TIC 153951307,2022,Transiting Exoplanet Survey Satellite (TESS)
TOI-209,TIC 52204645,2026,Transiting Exoplanet Survey Satellite (TESS)
TOI-700,TIC 150428135,2023,Transiting Exoplanet Survey Satellite (TESS)
TOI-201,TIC 350618622,2026,Transiting Exoplanet Survey Satellite (TESS)
GJ 1252,TIC 370133522,2020,Transiting Exoplanet Survey Satellite (TESS)
LHS 475,TIC 369327947,2023,Transiting Exoplanet Survey Satellite (TESS)
TIC 270471727,TIC 270471727,2026,Transiting Exoplanet Survey Satellite (TESS)
TOI-2196,TIC 372172128,2022,Transiting Exoplanet Survey Satellite (TESS)
TOI-1411,TIC 116483514,2022,Transiting Exoplanet Survey Satellite (TESS)
TOI-3023,TIC 454248975,2023,Transiting Exoplanet Survey Satellite (TESS)
TOI-1811,TIC 376524552,2023,Transiting Exoplanet Survey Satellite (TESS)
TIC 393818343,TIC 393818343,2024,Transiting Exoplanet Survey Satellite (TESS)
TOI-733,TIC 106402532,2023,Transiting Exoplanet Survey Satellite (TESS)
TOI-1732,TIC 470987100,2026,Transiting Exoplanet Survey Satellite (TESS)
TOI-2257,TIC 198485881,2021,Transiting Exoplanet Survey Satellite (TESS)
TOI-6008,TIC 286201103,2024,Transiting Exoplanet Survey Satellite (TESS)
TOI-469,TIC 33692729,2021,Transiting Exoplanet Survey Satellite (TESS)
TOI-3757,TIC 445751830,2022,Transiting Exoplanet Survey Satellite (TESS)
TOI-3980,TIC 312548829,2025,Transiting Exoplanet Survey Satellite (TESS)
TIC 88692598,TIC 88692598,2026,Transiting Exoplanet Survey Satellite (TESS)
TOI-815,TIC 102840239,2024,Transiting Exoplanet Survey Satellite (TESS)
TOI-1231,TIC 447061717,2021,Transiting Exoplanet Survey Satellite (TESS)
TOI-2154,TIC 428787891,2023,Transiting Exoplanet Survey Satellite (TESS)
TOI-4666,TIC 165202476,2025,Transiting Exoplanet Survey Satellite (TESS)
TOI-5027,TIC 361711730,2025,Transiting Exoplanet Survey Satellite (TESS)
TOI-5181 A,TIC 346667887,2025,Transiting Exoplanet Survey Satellite (TESS)
TOI-1772,TIC 85293053,2024,Transiting Exoplanet Survey Satellite (TESS)
TOI-2285,TIC 329148988,2021,Transiting Exoplanet Survey Satellite (TESS)
TOI-1180,TIC 158002130,2024,Transiting Exoplanet Survey Satellite (TESS)
TOI-4994,TIC 277128619,2024,Transiting Exoplanet Survey Satellite (TESS)
TOI-1452,TIC 420112589,2022,Transiting Exoplanet Survey Satellite (TESS)
TOI-1136,TIC 142276270,2022,Transiting Exoplanet Survey Satellite (TESS)
TOI-1243,TIC 219698776,2026,Transiting Exoplanet Survey Satellite (TESS)
L 98-59,TIC 307210830,2019,Transiting Exoplanet Survey Satellite (TESS)
L 168-9,TIC 234994474,2020,Transiting Exoplanet Survey Satellite (TESS)
TOI-5005,TIC 282485660,2024,Transiting Exoplanet Survey Satellite (TESS)
TOI-5319,TIC 246965431,2024,Transiting Exoplanet Survey Satellite (TESS)
TOI-4155,TIC 467331291,2025,Transiting Exoplanet Survey Satellite (TESS)
HD 221416,TIC 441462736,2019,Transiting Exoplanet Survey Satellite (TESS)
TOI-4662,TIC 166778944,2026,Transiting Exoplanet Survey Satellite (TESS)
TOI-2368,TIC 401125028,2024,Transiting Exoplanet Survey Satellite (TESS)
TOI-4336 A,TIC 166184428,2024,Transiting Exoplanet Survey Satellite (TESS)
TOI-3331 A,TIC 194795551,2022,Transiting Exoplanet Survey Satellite (TESS)
LHS 1903,TIC 318022259,2026,Transiting Exoplanet Survey Satellite (TESS)
TOI-286,TIC 150030205,2024,Transiting Exoplanet Survey Satellite (TESS)
TOI-2081,TIC 321669174,2022,Transiting Exoplanet Survey Satellite (TESS)
HD 152843,TIC 349488688,2021,Transiting Exoplanet Survey Satellite (TESS)
HD 25463,TIC 407966340,2023,Transiting Exoplanet Survey Satellite (TESS)
TOI-2379,TIC 201177276,2024,Transiting Exoplanet Survey Satellite (TESS)
HR 858,TIC 178155732,2019,Transiting Exoplanet Survey Satellite (TESS)
TOI-4145 A,TIC 279947414,2023,Transiting Exoplanet Survey Satellite (TESS)
TOI-3568,TIC 160390955,2024,Transiting Exoplanet Survey Satellite (TESS)
TOI-5786,TIC 40292751,2025,Transiting Exoplanet Survey Satellite (TESS)
TOI-6029,TIC 419523962,2024,Transiting Exoplanet Survey Satellite (TESS)
TOI-2570,TIC 239816546,2022,Transiting Exoplanet Survey Satellite (TESS)
TOI-663,TIC 54962195,2024,Transiting Exoplanet Survey Satellite (TESS)
TOI-6448,TIC 320411045,2025,Transiting Exoplanet Survey Satellite (TESS)
TOI-1064,TIC 79748331,2022,Transiting Exoplanet Survey Satellite (TESS)
HD 21520,TIC 404518509,2024,Transiting Exoplanet Survey Satellite (TESS)
TOI-4641,TIC 436873727,2023,Transiting Exoplanet Survey Satellite (TESS)
TOI-2120,TIC 389900760,2024,Transiting Exoplanet Survey Satellite (TESS)
TOI-913,TIC 407126408,2023,Transiting Exoplanet Survey Satellite (TESS)
TOI-4010,TIC 352682207,2023,Transiting Exoplanet Survey Satellite (TESS)
TOI-700,TIC 150428135,2020,Transiting Exoplanet Survey Satellite (TESS)
TOI-4495,TIC 120826158,2024,Transiting Exoplanet Survey Satellite (TESS)
TOI-2094,TIC 356016119,2026,Transiting Exoplanet Survey Satellite (TESS)
TOI-1743,TIC 219860288,2025,Transiting Exoplanet Survey Satellite (TESS)
TOI-4551,TIC 204650483,2023,Transiting Exoplanet Survey Satellite (TESS)
TIC 4672985,TIC 4672985,2024,Transiting Exoplanet Survey Satellite (TESS)
AU Mic,TIC 441420236,2020,Transiting Exoplanet Survey Satellite (TESS)
TOI-2337,TIC 230001847,2022,Transiting Exoplanet Survey Satellite (TESS)
TOI-2015,TIC 368287008,2023,Transiting Exoplanet Survey Satellite (TESS)
HD 22946,TIC 100990000,2022,Transiting Exoplanet Survey Satellite (TESS)
TOI-2529,TIC 269333648,2024,Transiting Exoplanet Survey Satellite (TESS)
TOI-3862,TIC 141205978,2026,Transiting Exoplanet Survey Satellite (TESS)
TOI-5799,TIC 328081248,2025,Transiting Exoplanet Survey Satellite (TESS)
TOI-1750,TIC 237099296,2026,Transiting Exoplanet Survey Satellite (TESS)
TOI-5082,TIC 437011608,2024,Transiting Exoplanet Survey Satellite (TESS)
TOI-1260,TIC 355867695,2022,Transiting Exoplanet Survey Satellite (TESS)
TOI-564,TIC 1003831,2020,Transiting Exoplanet Survey Satellite (TESS)
TOI-481,TIC 339672028,2020,Transiting Exoplanet Survey Satellite (TESS)
HD 23472,TIC 425997655,2022,Transiting Exoplanet Survey Satellite (TESS)
TOI-257,TIC 200723869,2021,Transiting Exoplanet Survey Satellite (TESS)
TOI-6080,TIC 116048097,2026,Transiting Exoplanet Survey Satellite (TESS)
TOI-1301,TIC 356867115,2024,Transiting Exoplanet Survey Satellite (TESS)
TOI-544,TIC 50618703,2022,Transiting Exoplanet Survey Satellite (TESS)
TIC 445839811,TIC 445839811,2026,Transiting Exoplanet Survey Satellite (TESS)
TOI-763,TIC 178819686,2020,Transiting Exoplanet Survey Satellite (TESS)
HD 108236,TIC 260647166,2020,Transiting Exoplanet Survey Satellite (TESS)
GJ 143,TIC 279741379,2019,Transiting Exoplanet Survey Satellite (TESS)
TOI-5489,TIC 468983280,2025,Transiting Exoplanet Survey Satellite (TESS)
TOI-5624,TIC 53498154,2026,Transiting Exoplanet Survey Satellite (TESS)
TOI-663,TIC 54962195,2024,Transiting Exoplanet Survey Satellite (TESS)
LP 890-9,TIC 44898913,2022,Transiting Exoplanet Survey Satellite (TESS)
HD 28109,TIC 29781292,2022,Transiting Exoplanet Survey Satellite (TESS)
TOI-1230,TIC 287156968,2021,Transiting Exoplanet Survey Satellite (TESS)
TIC 62895484,TIC 62895484,2026,Transiting Exoplanet Survey Satellite (TESS)
TOI-3629,TIC 455784423,2022,Transiting Exoplanet Survey Satellite (TESS)
TOI-712,TIC 150151262,2022,Transiting Exoplanet Survey Satellite (TESS)
TOI-2589,TIC 157698565,2023,Transiting Exoplanet Survey Satellite (TESS)
NGTS-27,TIC 305739565,2024,Transiting Exoplanet Survey Satellite (TESS)
TOI-2048,TIC 159873822,2022,Transiting Exoplanet Survey Satellite (TESS)
TOI-2107,TIC 446549906,2024,Transiting Exoplanet Survey Satellite (TESS)
TOI-712,TIC 150151262,2022,Transiting Exoplanet Survey Satellite (TESS)
TOI-3288,TIC 79920467,2025,Transiting Exoplanet Survey Satellite (TESS)
TOI-1075,TIC 351601843,2022,Transiting Exoplanet Survey Satellite (TESS)
TOI-672,TIC 151825527,2023,Transiting Exoplanet Survey Satellite (TESS)
TOI-1696,TIC 470381900,2022,Transiting Exoplanet Survey Satellite (TESS)
TOI-904,TIC 261257684,2023,Transiting Exoplanet Survey Satellite (TESS)
TOI-1130,TIC 254113311,2020,Transiting Exoplanet Survey Satellite (TESS)
TOI-1268,TIC 142394656,2022,Transiting Exoplanet Survey Satellite (TESS)
TOI-4561,TIC 33716474,2026,Transiting Exoplanet Survey Satellite (TESS)
TOI-1246,TIC 230127302,2022,Transiting Exoplanet Survey Satellite (TESS)
TOI-677,TIC 280206394,2020,Transiting Exoplanet Survey Satellite (TESS)
TIC 77552382,TIC 77552382,2026,Transiting Exoplanet Survey Satellite (TESS)
TOI-6884,TIC 156514476,2026,Transiting Exoplanet Survey Satellite (TESS)
TOI-782,TIC 429358906,2024,Transiting Exoplanet Survey Satellite (TESS)
TOI-1203,TIC 23434737,2021,Transiting Exoplanet Survey Satellite (TESS)
HD 28109,TIC 29781292,2022,Transiting Exoplanet Survey Satellite (TESS)
TOI-4034,TIC 375654303,2026,Transiting Exoplanet Survey Satellite (TESS)
TOI-1691,TIC 268334473,2024,Transiting Exoplanet Survey Satellite (TESS)
TIC 437041147,TIC 437041147,2026,Transiting Exoplanet Survey Satellite (TESS)
TOI-2768,TIC 443556801,2024,Transiting Exoplanet Survey Satellite (TESS)
TOI-6383 A,TIC 328513434,2024,Transiting Exoplanet Survey Satellite (TESS)
TOI-4504,TIC 349972412,2024,Transiting Exoplanet Survey Satellite (TESS)
TOI-5300,TIC 267215820,2025,Transiting Exoplanet Survey Satellite (TESS)
TOI-5799,TIC 328081248,2024,Transiting Exoplanet Survey Satellite (TESS)
NGTS-33,TIC 97921547,2024,Transiting Exoplanet Survey Satellite (TESS)
TIC 423703298,TIC 423703298,2026,Transiting Exoplanet Survey Satellite (TESS)
TOI-1470,TIC 284441182,2023,Transiting Exoplanet Survey Satellite (TESS)
TOI-4342,TIC 354944123,2023,Transiting Exoplanet Survey Satellite (TESS)
TOI-2207,TIC 90850770,2022,Transiting Exoplanet Survey Satellite (TESS)
TOI-2669,TIC 348835438,2022,Transiting Exoplanet Survey Satellite (TESS)
TIC 349520724,TIC 349520724,2026,Transiting Exoplanet Survey Satellite (TESS)
TOI-1346,TIC 219852882,2025,Transiting Exoplanet Survey Satellite (TESS)
TOI-198,TIC 12421862,2023,Transiting Exoplanet Survey Satellite (TESS)
TOI-561,TIC 377064495,2020,Transiting Exoplanet Survey Satellite (TESS)
TOI-2992,TIC 49045066,2025,Transiting Exoplanet Survey Satellite (TESS)
TOI-4201,TIC 95057860,2023,Transiting Exoplanet Survey Satellite (TESS)
TOI-615,TIC 190496853,2023,Transiting Exoplanet Survey Satellite (TESS)
HD 56414,TIC 300038935,2022,Transiting Exoplanet Survey Satellite (TESS)
TOI-628,TIC 281408474,2021,Transiting Exoplanet Survey Satellite (TESS)
TOI-2719,TIC 176314383,2025,Transiting Exoplanet Survey Satellite (TESS)
TOI-159,TIC 394657039,2026,Transiting Exoplanet Survey Satellite (TESS)
TOI-6628,TIC 75650448,2025,Transiting Exoplanet Survey Satellite (TESS)
TOI-2093,TIC 402898317,2025,Transiting Exoplanet Survey Satellite (TESS)
TOI-715,TIC 271971130,2023,Transiting Exoplanet Survey Satellite (TESS)
TOI-1266,TIC 467179528,2020,Transiting Exoplanet Survey Satellite (TESS)
TOI-1836,TIC 207468071,2024,Transiting Exoplanet Survey Satellite (TESS)
TOI-1036,TIC 146172354,2026,Transiting Exoplanet Survey Satellite (TESS)
TOI-1756,TIC 364074068,2026,Transiting Exoplanet Survey Satellite (TESS)
HD 93963 A,TIC 368435330,2022,Transiting Exoplanet Survey Satellite (TESS)
TOI-2169 A,TIC 8516795,2025,Transiting Exoplanet Survey Satellite (TESS)
TOI-4308,TIC 144193715,2023,Transiting Exoplanet Survey Satellite (TESS)
TOI-1798,TIC 198153540,2024,Transiting Exoplanet Survey Satellite (TESS)
TOI-4600,TIC 232608943,2023,Transiting Exoplanet Survey Satellite (TESS)
TOI-2019,TIC 159781361,2024,Transiting Exoplanet Survey Satellite (TESS)
TOI-2227,TIC 405425498,2026,Transiting Exoplanet Survey Satellite (TESS)
TIC 139702105,TIC 139702105,2026,Transiting Exoplanet Survey Satellite (TESS)
NGTS-35,TIC 333736132,2025,Transiting Exoplanet Survey Satellite (TESS)
TOI-1728,TIC 285048486,2020,Transiting Exoplanet Survey Satellite (TESS)
TOI-6038 A,TIC 194736418,2025,Transiting Exoplanet Survey Satellite (TESS)
TIC 257060897,TIC 257060897,2021,Transiting Exoplanet Survey Satellite (TESS)
TOI-776,TIC 306996324,2020,Transiting Exoplanet Survey Satellite (TESS)
TOI-1232,TIC 364395234,2026,Transiting Exoplanet Survey Satellite (TESS)
TOI-5007,TIC 424196109,2026,Transiting Exoplanet Survey Satellite (TESS)
TOI-6041,TIC 192415680,2025,Transiting Exoplanet Survey Satellite (TESS)
HIP 9618,TIC 306263608,2023,Transiting Exoplanet Survey Satellite (TESS)
TOI-269,TIC 220479565,2021,Transiting Exoplanet Survey Satellite (TESS)
TOI-6393,TIC 147821208,2026,Transiting Exoplanet Survey Satellite (TESS)
TOI-5542,TIC 466206508,2022,Transiting Exoplanet Survey Satellite (TESS)
TOI-5573,TIC 459762279,2025,Transiting Exoplanet Survey Satellite (TESS)
TOI-1136,TIC 142276270,2022,Transiting Exoplanet Survey Satellite (TESS)
TOI-1803,TIC 144401492,2025,Transiting Exoplanet Survey Satellite (TESS)
TOI-2485,TIC 328934463,2024,Transiting Exoplanet Survey Satellite (TESS)
HD 108236,TIC 260647166,2020,Transiting Exoplanet Survey Satellite (TESS)
TOI-1758,TIC 367858035,2024,Transiting Exoplanet Survey Satellite (TESS)
HR 858,TIC 178155732,2019,Transiting Exoplanet Survey Satellite (TESS)
TOI-1135,TIC 154872375,2024,Transiting Exoplanet Survey Satellite (TESS)
TOI-270,TIC 259377017,2019,Transiting Exoplanet Survey Satellite (TESS)
TOI-2193 A,TIC 401604346,2022,Transiting Exoplanet Survey Satellite (TESS)
DS Tuc A,TIC 410214986,2019,Transiting Exoplanet Survey Satellite (TESS)
TOI-4479,TIC 126606859,2022,Transiting Exoplanet Survey Satellite (TESS)
TIC 38828280,TIC 38828280,2026,Transiting Exoplanet Survey Satellite (TESS)
TOI-1238,TIC 153951307,2022,Transiting Exoplanet Survey Satellite (TESS)
TIC 46432937,TIC 46432937,2024,Transiting Exoplanet Survey Satellite (TESS)
TIC 87422071,TIC 87422071,2026,Transiting Exoplanet Survey Satellite (TESS)
LP 714-47,TIC 70899085,2020,Transiting Exoplanet Survey Satellite (TESS)
TOI-2266,TIC 8348911,2024,Transiting Exoplanet Survey Satellite (TESS)
HD 332231,TIC 199376584,2020,Transiting Exoplanet Survey Satellite (TESS)
TOI-1199,TIC 99869022,2024,Transiting Exoplanet Survey Satellite (TESS)
TOI-4961,TIC 420202798,2025,Transiting Exoplanet Survey Satellite (TESS)
TOI-6677,TIC 62085710,2026,Transiting Exoplanet Survey Satellite (TESS)
TOI-5489,TIC 468983280,2025,Transiting Exoplanet Survey Satellite (TESS)
TOI-4515,TIC 456862677,2024,Transiting Exoplanet Survey Satellite (TESS)
Ross 176,TIC 193336820,2025,Transiting Exoplanet Survey Satellite (TESS)
TOI-1775,TIC 9348006,2024,Transiting Exoplanet Survey Satellite (TESS)
TOI-5713,TIC 219041246,2024,Transiting Exoplanet Survey Satellite (TESS)
TOI-4184,TIC 394357918,2023,Transiting Exoplanet Survey Satellite (TESS)
HD 35843,TIC 7422496,2025,Transiting Exoplanet Survey Satellite (TESS)
TOI-157,TIC 140691463,2020,Transiting Exoplanet Survey Satellite (TESS)
TOI-4010,TIC 352682207,2023,Transiting Exoplanet Survey Satellite (TESS)
TOI-2654,TIC 200805484,2026,Transiting Exoplanet Survey Satellite (TESS)
TOI-1416,TIC 158025009,2023,Transiting Exoplanet Survey Satellite (TESS)
TOI-3896,TIC 445837596,2026,Transiting Exoplanet Survey Satellite (TESS)
TOI-530,TIC 387690507,2021,Transiting Exoplanet Survey Satellite (TESS)
LHS 1678,TIC 77156829,2021,Transiting Exoplanet Survey Satellite (TESS)
HD 18599,TIC 207141131,2022,Transiting Exoplanet Survey Satellite (TESS)
HD 73583,TIC 101011575,2022,Transiting Exoplanet Survey Satellite (TESS)
TOI-5218,TIC 259172249,2024,Transiting Exoplanet Survey Satellite (TESS)
TOI-1718,TIC 257241363,2026,Transiting Exoplanet Survey Satellite (TESS)
TOI-4364,TIC 4070275,2025,Transiting Exoplanet Survey Satellite (TESS)
TOI-4156,TIC 462553953,2026,Transiting Exoplanet Survey Satellite (TESS)
HD 63935,TIC 453211454,2021,Transiting Exoplanet Survey Satellite (TESS)
HD 2685,TIC 267263253,2019,Transiting Exoplanet Survey Satellite (TESS)
TOI-1346,TIC 219852882,2025,Transiting Exoplanet Survey Satellite (TESS)
TOI-2109,TIC 392476080,2021,Transiting Exoplanet Survey Satellite (TESS)
LTT 3780,TIC 36724087,2020,Transiting Exoplanet Survey Satellite (TESS)
TOI-4405,TIC 177254988,2026,Transiting Exoplanet Survey Satellite (TESS)
TOI-5938,TIC 452508760,2026,Transiting Exoplanet Survey Satellite (TESS)
TOI-561,TIC 377064495,2020,Transiting Exoplanet Survey Satellite (TESS)
TOI-2095,TIC 235678745,2023,Transiting Exoplanet Survey Satellite (TESS)
TOI-5882,TIC 232941965,2025,Transiting Exoplanet Survey Satellite (TESS)
TOI-4511,TIC 333674399,2026,Transiting Exoplanet Survey Satellite (TESS)
HD 23472,TIC 425997655,2019,Transiting Exoplanet Survey Satellite (TESS)
TOI-6420,TIC 143526233,2025,Transiting Exoplanet Survey Satellite (TESS)
TOI-5388,TIC 407591297,2024,Transiting Exoplanet Survey Satellite (TESS)
TOI-122,TIC 231702397,2020,Transiting Exoplanet Survey Satellite (TESS)
TOI-5076,TIC 303432813,2024,Transiting Exoplanet Survey Satellite (TESS)
LHS 3844,TIC 410153553,2019,Transiting Exoplanet Survey Satellite (TESS)
TOI-1601,TIC 139375960,2021,Transiting Exoplanet Survey Satellite (TESS)
TOI-237,TIC 305048087,2020,Transiting Exoplanet Survey Satellite (TESS)
TOI-1694,TIC 396740648,2023,Transiting Exoplanet Survey Satellite (TESS)
TOI-836,TIC 440887364,2021,Transiting Exoplanet Survey Satellite (TESS)
TOI-3353,TIC 391903064,2024,Transiting Exoplanet Survey Satellite (TESS)
TOI-2180,TIC 298663873,2022,Transiting Exoplanet Survey Satellite (TESS)
TOI-2200,TIC 142105158,2026,Transiting Exoplanet Survey Satellite (TESS)
TOI-169,TIC 183120439,2020,Transiting Exoplanet Survey Satellite (TESS)
HD 108236,TIC 260647166,2021,Transiting Exoplanet Survey Satellite (TESS)
TOI-2071,TIC 198360694,2026,Transiting Exoplanet Survey Satellite (TESS)
TOI-712,TIC 150151262,2022,Transiting Exoplanet Survey Satellite (TESS)
TOI-5293 A,TIC 250111245,2023,Transiting Exoplanet Survey Satellite (TESS)
TOI-2092,TIC 393965778,2026,Transiting Exoplanet Survey Satellite (TESS)
TOI-2040,TIC 427730490,2026,Transiting Exoplanet Survey Satellite (TESS)
TOI-5916,TIC 305506996,2026,Transiting Exoplanet Survey Satellite (TESS)
TIC 18942729,TIC 18942729,2026,Transiting Exoplanet Survey Satellite (TESS)
TOI-178,TIC 251848941,2021,Transiting Exoplanet Survey Satellite (TESS)
TOI-4153,TIC 470171739,2024,Transiting Exoplanet Survey Satellite (TESS)
TOI-2076,TIC 27491137,2021,Transiting Exoplanet Survey Satellite (TESS)
TOI-532,TIC 144700903,2021,Transiting Exoplanet Survey Satellite (TESS)
TOI-2411,TIC 10837041,2022,Transiting Exoplanet Survey Satellite (TESS)
HD 22946,TIC 100990000,2022,Transiting Exoplanet Survey Satellite (TESS)
TOI-4600,TIC 232608943,2023,Transiting Exoplanet Survey Satellite (TESS)
HD 86226,TIC 22221375,2020,Transiting Exoplanet Survey Satellite (TESS)
TOI-1798,TIC 198153540,2024,Transiting Exoplanet Survey Satellite (TESS)
NGTS-39,TIC 453147896,2026,Transiting Exoplanet Survey Satellite (TESS)
HD 110113,TIC 73228647,2021,Transiting Exoplanet Survey Satellite (TESS)
TOI-3486,TIC 221861843,2025,Transiting Exoplanet Survey Satellite (TESS)
TOI-5380,TIC 441587756,2026,Transiting Exoplanet Survey Satellite (TESS)
TOI-2374,TIC 439366538,2024,Transiting Exoplanet Survey Satellite (TESS)
TOI-1855,TIC 81247740,2024,Transiting Exoplanet Survey Satellite (TESS)
TOI-1806,TIC 166648874,2024,Transiting Exoplanet Survey Satellite (TESS)
TIC 77319217,TIC 77319217,2026,Transiting Exoplanet Survey Satellite (TESS)
TOI-5398,TIC 8260536,2023,Transiting Exoplanet Survey Satellite (TESS)
TOI-2818,TIC 151483286,2023,Transiting Exoplanet Survey Satellite (TESS)
TOI-2128,TIC 21832928,2024,Transiting Exoplanet Survey Satellite (TESS)
TOI-3321,TIC 306648160,2024,Transiting Exoplanet Survey Satellite (TESS)
TOI-451,TIC 257605131,2020,Transiting Exoplanet Survey Satellite (TESS)
HD 307842,TIC 460984940,2023,Transiting Exoplanet Survey Satellite (TESS)
TOI-5716,TIC 298074836,2025,Transiting Exoplanet Survey Satellite (TESS)
TOI-561,TIC 377064495,2020,Transiting Exoplanet Survey Satellite (TESS)
TOI-6109,TIC 384984325,2025,Transiting Exoplanet Survey Satellite (TESS)
TOI-1064,TIC 79748331,2022,Transiting Exoplanet Survey Satellite (TESS)
TOI-178,TIC 251848941,2021,Transiting Exoplanet Survey Satellite (TESS)
TOI-1136,TIC 142276270,2022,Transiting Exoplanet Survey Satellite (TESS)
TOI-1736,TIC 408618999,2023,Transiting Exoplanet Survey Satellite (TESS)
TOI-5174,TIC 49428710,2022,Transiting Exoplanet Survey Satellite (TESS)
TOI-4552,TIC 248250955,2026,Transiting Exoplanet Survey Satellite (TESS)
TIC 356227008,TIC 356227008,2026,Transiting Exoplanet Survey Satellite (TESS)
TIC 249022743,TIC 249022743,2026,Transiting Exoplanet Survey Satellite (TESS)
TOI-2714,TIC 332534326,2024,Transiting Exoplanet Survey Satellite (TESS)
TOI-1472,TIC 306955329,2024,Transiting Exoplanet Survey Satellite (TESS)
TIC 245076932,TIC 245076932,2026,Transiting Exoplanet Survey Satellite (TESS)
TOI-125,TIC 52368076,2019,Transiting Exoplanet Survey Satellite (TESS)
TOI-3714,TIC 155867025,2022,Transiting Exoplanet Survey Satellite (TESS)
TOI-3785,TIC 458419328,2023,Transiting Exoplanet Survey Satellite (TESS)
TOI-244,TIC 118327550,2023,Transiting Exoplanet Survey Satellite (TESS)
TOI-1466,TIC 237086564,2026,Transiting Exoplanet Survey Satellite (TESS)
TOI-5344,TIC 16005254,2023,Transiting Exoplanet Survey Satellite (TESS)
TOI-2382,TIC 2760219,2025,Transiting Exoplanet Survey Satellite (TESS)
TOI-2010,TIC 26547036,2023,Transiting Exoplanet Survey Satellite (TESS)
TOI-521,TIC 27649847,2025,Transiting Exoplanet Survey Satellite (TESS)
TOI-4513,TIC 408261725,2026,Transiting Exoplanet Survey Satellite (TESS)
TIC 390586021,TIC 390586021,2026,Transiting Exoplanet Survey Satellite (TESS)
TOI-4602,TIC 467651916,2024,Transiting Exoplanet Survey Satellite (TESS)
TOI-178,TIC 251848941,2021,Transiting Exoplanet Survey Satellite (TESS)
TOI-1439,TIC 232982558,2024,Transiting Exoplanet Survey Satellite (TESS)
TOI-3493,TIC 203377303,2025,Transiting Exoplanet Survey Satellite (TESS)
TOI-2567,TIC 258920431,2022,Transiting Exoplanet Survey Satellite (TESS)
HD 191939,TIC 269701147,2020,Transiting Exoplanet Survey Satellite (TESS)
TOI-2445,TIC 439867639,2022,Transiting Exoplanet Survey Satellite (TESS)
TOI-1386,TIC 343019899,2024,Transiting Exoplanet Survey Satellite (TESS)
TOI-1749,TIC 233602827,2021,Transiting Exoplanet Survey Satellite (TESS)
LP 791-18,TIC 181804752,2019,Transiting Exoplanet Survey Satellite (TESS)
HD 93963 A,TIC 368435330,2022,Transiting Exoplanet Survey Satellite (TESS)
TOI-620,TIC 296739893,2022,Transiting Exoplanet Survey Satellite (TESS)
TOI-6894,TIC 67512645,2025,Transiting Exoplanet Survey Satellite (TESS)
TOI-1224,TIC 299798795,2024,Transiting Exoplanet Survey Satellite (TESS)
TOI-654,TIC 35009898,2024,Transiting Exoplanet Survey Satellite (TESS)
HD 73583,TIC 101011575,2022,Transiting Exoplanet Survey Satellite (TESS)
