kind,host,injected_period,injected_depth_ppm,repeat,injected_duration_hours,tls_s,tls_period,tls_sde,tls_detected,tls_alias,bls_s,bls_period,bls_power,bls_depth,bls_ngrid,bls_detected,bls_alias,period_min,period_max,status
transit,TIC_269424395,0.5,700,5,1.7181754352942566,10.857908250298351,2.411863876972198,4.657612704005004,False,,1.3850764171220362,2.4161708652275746,36.81544424647591,0.0009812085194324902,12229.0,False,,1.8940957644400205,11.750019209650294,ok
transit,TIC_277014266,0.5,700,2,1.9050929998178494,27.171675083227456,5.503607189682163,5.579036657436393,False,,3.7306984160095453,5.512885555621867,70.239805621906,0.001066741840398255,10860.0,False,,2.614966514992232,13.294653844426414,ok
transit,TIC_427352241,0.5,700,1,1.864324104421795,29.6018050420098,2.0033083457688736,5.396772226809176,False,,2.9094549999572337,1.9991968929649837,131.05607417077968,0.0007478211294943853,13263.0,False,,1.5351058847639611,10.885900940613611,ok
transit,TIC_367287018,0.5,700,0,1.5789189296869965,30.173672250006348,7.49978606883185,4.064235710088094,False,,2.9703293326310813,5.507353655196491,22.992666194870587,0.0009194860961071017,10352.0,False,,2.334247814511313,12.220257280083377,ok
transit,TIC_309436531,0.5,700,6,1.7325653794373184,48.5593415829353,3.208551065061881,11.725504149702587,False,,6.193850959185511,3.2145620134230275,174.82049324397815,0.004131484744594072,32612.0,False,,0.8402373501984783,12.132508134967104,ok
transit,TIC_219205407,0.5,700,4,1.326719240632592,54.529212709050626,0.9980886034436728,8.415371611333581,True,double,6.852478958200663,6.125801116822414,101.01418899687718,0.005452172427121979,41096.0,False,,0.6455796288358582,11.844648698809115,ok
transit,TIC_137543637,0.5,700,8,1.8986531935232005,27.715649665798992,1.2837191878553982,8.109224453130487,False,,7.407407834194601,1.2825449414831103,42.55520001697094,0.0014075892905351987,36894.0,False,,0.910788576966921,13.425190245557118,ok
transit,TIC_458856474,0.5,700,7,1.4049780359291435,56.35180908301845,6.088793338383917,10.989428417914334,False,,9.717050999868661,6.0714051161503635,7979.144723334616,0.0029733991700090097,47249.0,False,,0.6008522393903458,12.218300096991918,ok
transit,TIC_339250695,0.5,700,9,1.4528699863842938,40.41633162507787,2.3588909697399387,10.087444997396847,False,,9.394858832936734,4.7274294189444355,90.36715746798421,0.006006686040820801,39821.0,False,,0.7348630736817007,12.468885598239458,ok
transit,TIC_271900960,0.5,2500,0,1.896471941597027,49.20919800037518,1.0018477434442727,10.660816613097575,True,double,8.42330216569826,0.9999680640744177,22352.51209811372,0.0022667885643425116,37180.0,True,double,0.9724212379579265,13.940012417489113,ok
transit,TIC_128463355,0.5,2500,4,1.8567565601438398,16.48162387497723,2.5092886530981966,4.859304968333132,False,,3.022812500130385,2.499857485889414,933.9337820626331,0.0022017725777840275,12568.0,False,,2.071928186977763,12.493083331994958,ok
transit,TIC_130191319,0.5,2500,1,1.6334057441945617,45.23469333304092,0.9999652075295343,12.074903404012455,True,double,6.425845500081778,1.0005252582025232,172.60926603885656,0.0020083265068327224,37287.0,True,double,0.7318192958542986,12.0520598267717,ok
transit,TIC_131581531,0.5,2500,2,1.8777139624408101,40.45712233381346,1.5003463562675659,9.831655657200656,True,triple,7.853358583059162,1.4996375638001198,154.10286228041383,0.0022874533314897003,29242.0,True,triple,1.204372646356778,13.88547615664833,ok
transit,TIC_119081096,0.5,700,3,0.6888149512956105,98.79304879205301,0.8364378308531593,6.759859669169684,False,,20.042757999617606,0.255545086811034,47.673704752798294,0.0004194462655127722,125060.0,False,,0.22543658580781264,11.986102644919796,ok
transit,TIC_445137888,0.5,5000,0,1.8027848096146577,21.137461833190173,4.498610420250423,6.206530187995379,False,,2.6805222500115633,3.0003773400644413,2503.450541657597,0.004060120864031247,10765.0,False,,2.6199509658116016,13.256728744808683,ok
transit,TIC_279605855,0.5,2500,8,1.8315063934207143,34.68393141729757,1.502677680617488,6.989985430748945,True,triple,6.033459958154708,1.500788934252061,28.07084091724827,0.0023252066016933724,22160.0,True,triple,1.2139672971722382,12.220350506870085,ok
transit,TIC_219366908,0.5,5000,2,1.1261977279884523,5.592708708252758,0.5001808232253531,27.47080559108087,True,exact,3.3501299172639847,0.49979520951406264,782.920395678622,0.005388636894218834,73565.0,True,exact,0.4223752967713675,12.677219982962118,ok
transit,TIC_417705690,0.5,5000,1,1.2399608558416295,55.67600774997845,0.9992363178555485,16.2666705948509,True,double,11.342268042266369,0.9999718599894519,7843.6442912906605,0.004856634180102687,46276.0,True,double,0.6370122954011914,12.462999496403192,ok
transit,TIC_418971787,0.5,2500,5,0.9640431720251043,108.2248469996266,0.4997350185881919,11.455936255992018,True,exact,23.12912195827812,0.4999370558538584,53.527263059720774,0.0026902762584718053,100048.0,True,exact,0.3750252579440901,13.885505679108052,ok
transit,TIC_452803785,0.5,5000,5,1.4658975903970743,2.78229987481609,2.643598266378126,4.332921448389819,False,,2.1810375000350177,2.622462042229362,2466.232485891865,0.004466856672292622,35595.0,False,,0.6845850866189919,11.385520276689128,ok
transit,TIC_140830390,0.5,5000,4,1.6416125014105958,11.026510333176702,2.506031989536667,4.928157664756537,False,,1.777438583318144,3.001147246019154,304.38458460626066,0.0037812008418805026,8822.0,False,,2.295022343834534,11.273754026130394,ok
transit,TIC_392112968,0.5,5000,6,1.7451209543364117,34.556812916882336,1.1928233480832415,6.447085765429738,False,,7.773984999861568,1.1957658534665425,70.90935651642413,0.004978777851638441,28529.0,False,,1.1603746937656105,13.458473043888706,ok
transit,TIC_165523947,0.5,2500,3,1.822023305618054,200.90513416705653,0.9999489481097478,15.959875978754866,True,double,9.839336999692023,1.000018472909748,1603.1082247601692,0.002185648783124141,58621.0,True,double,0.6014537890844232,13.581403207579784,ok
transit,TIC_140830390,0.5,5000,9,1.6210202463716668,12.225024666171521,2.506031989536667,5.104910489701074,False,,1.6217126250267029,2.5002146081141765,357.10936935552894,0.0037637442006211367,8822.0,False,,2.295022343834534,11.273754026130394,ok
transit,TIC_317397615,0.5,2500,9,1.7617528724287879,178.17182062519714,1.0000541499123305,16.418001059881014,True,double,9.14277600031346,1.000022645478603,1927.177242707215,0.0020748386456562354,47203.0,True,double,0.6015954344760126,12.220270895437341,ok
transit,TIC_56231866,0.5,2500,6,1.8570479855921627,198.50085425004363,0.9996397264557456,17.203868016550935,True,double,11.872757417149842,1.0000174490353753,7341.835995321207,0.002220432401894483,49160.0,True,double,0.6011444472339194,12.459929405156107,ok
transit,TIC_146463781,0.5,2500,7,0.37994330149670963,228.93281874991953,0.4177822842273946,20.12241100705273,False,,,,,,,False,,,,error: ValueError: The maximum transit duration must be shorter than the minimum period
transit,TIC_379931600,0.5,5000,8,1.8540004023535022,65.50083733303472,1.0013920186272098,12.85908460196082,True,double,8.689169249963015,1.000012985505467,15869.994094903059,0.004445807682479868,41786.0,True,double,0.8914581970960513,14.100230533020737,ok
transit,TIC_137543637,1.0,700,2,2.272112008000639,30.05678691668436,1.2837191878553982,9.408243263464723,False,,5.845204041339457,1.2825449414831103,40.1430225849496,0.00136711381107207,36894.0,False,,0.910788576966921,13.425190245557118,ok
transit,TIC_452803785,1.0,700,4,1.6586752174254327,2.1966237500309944,2.6043002589316098,5.077211993818959,False,,2.120876292232424,2.6145281184360325,2438.2873141475225,0.004333159383847758,35595.0,False,,0.6845850866189919,11.385520276689128,ok
transit,TIC_233569098,1.0,700,0,2.7303359777566927,49.242158917244524,2.0039781292767684,6.80597575882847,True,double,7.587366208899766,13.201168255458775,116.87396555483504,0.002160414101756242,32866.0,False,,1.114263835724452,14.100099116238646,ok
transit,TIC_367102581,1.0,700,5,3.064899379203114,23.863684124778956,1.9944329630484114,7.84371290062077,True,double,4.754094124771655,1.999814629335178,634.3923539916939,0.000679136949891711,21934.0,True,double,1.5548384359774596,13.858524276723973,ok
transit,TIC_56231866,0.5,5000,3,1.8073537289120893,205.97619920875877,0.9996397264557456,19.20838974013088,True,double,9.07611500006169,1.0000174490353753,25889.64783099838,0.004208028496619867,49160.0,True,double,0.6011444472339194,12.459929405156107,ok
transit,TIC_41330864,1.0,700,6,2.445710132941654,45.52838845923543,2.133499864616456,16.977116446982702,False,,10.135159750003368,2.135837729690945,1566.1319768901626,0.006799799446092259,32011.0,False,,1.1028553552675266,13.848663321879245,ok
transit,TIC_110936761,1.0,700,7,2.1191584636407037,42.198660334106535,1.0016501191414875,9.281499946747159,True,exact,9.984022750053555,1.000162340957621,214.37103167083157,0.0008518346204881928,41166.0,True,exact,0.808630376367029,13.311691888431811,ok
transit,TIC_299876474,1.0,700,1,1.111392776142325,85.02851512515917,2.596396277986406,17.060910087812935,False,,18.988145499955863,2.5962930525000822,74.59216639641653,0.024390327259524166,94667.0,False,,0.3079564046769961,12.228287598959689,ok
transit,TIC_207084429,1.0,700,9,3.0053069893976545,30.797024707775563,1.9982631534635245,10.660617034188345,True,double,6.752577583771199,1.9999298308725115,4930.119030711389,0.0006810483434567654,23878.0,True,double,1.4108647625708022,13.702867906215246,ok
transit,TIC_180987952,1.0,2500,0,3.145985852039307,19.377469457685947,2.0012700149846476,10.06877287472072,True,double,4.5214789169840515,2.000336038817581,4233.14093786274,0.0024708669286550963,17278.0,True,double,1.499640856094107,12.156231582378483,ok
transit,TIC_180987952,1.0,2500,1,3.030213935947792,22.390431124716997,2.0012700149846476,10.224551640670851,True,double,5.165591042023152,1.9999299593091293,3993.415073144986,0.0023754873697007994,17278.0,True,double,1.499640856094107,12.156231582378483,ok
transit,TIC_241174783,1.0,2500,3,3.676774591422782,17.700465833302587,2.9880645083043302,5.121944096650709,True,triple,3.5345328748226166,3.0008891704149683,3157.974438940521,0.0024187228756380598,10794.0,True,triple,2.6263026292647043,13.290203410690756,ok
transit,TIC_391821647,1.0,700,8,1.738236007863378,73.89728904189542,1.000077532302855,15.748097845191184,True,exact,17.03666870808229,1.0000507907033813,64.08831290748014,0.0006254196703758292,64388.0,True,exact,0.5785786722834448,13.94024546513275,ok
transit,TIC_153651591,1.0,2500,7,3.6503635579050373,18.42052249982953,3.0042316267299376,6.555413231339014,True,triple,2.4147641249001026,2.998205517832702,776.6310675054682,0.002516372506669574,8710.0,True,triple,2.7944537197404764,12.516731123496346,ok
transit,TIC_420645189,1.0,2500,2,1.817412623577415,72.01880354201421,0.9993446805957381,17.113884776462456,True,exact,9.156847666017711,0.9999859656526003,3199.9886262328105,0.002435707448659652,47546.0,True,exact,0.6275508277275819,12.531864401370845,ok
transit,TIC_169904935,1.0,2500,4,1.7574572237173083,57.48191050020978,1.0009580032139305,18.283344878059477,True,exact,7.618746958207339,1.000391507619874,8269.321679505978,0.002217112273062101,43579.0,True,exact,0.6831295919762038,12.54662291830754,ok
transit,TIC_61733521,1.0,2500,8,1.4610974429742827,5.024677082896233,0.9987682503100744,18.64431699877568,True,exact,3.327034375164658,0.9998773570966358,969.4705965285084,0.00244316925786684,58326.0,True,exact,0.5129330364601061,12.489610950094281,ok
transit,TIC_33091633,1.0,700,3,0.8021116420701259,146.7056758753024,7.522060163526151,23.29806890955501,False,,26.086992083117366,7.521646620004727,1330.5843108506663,0.0044388162957988385,145489.0,False,,0.2254514719755292,12.919580415450117,ok
transit,TIC_12036590,1.0,2500,5,1.560952920355673,62.22695608437061,10.8408471110473,6.492889141806128,False,,10.565329333301634,10.84336303012499,2447.355050235922,0.029139954151631668,55962.0,False,,0.47907968443338456,11.819956697074979,ok
transit,TIC_103245940,1.0,2500,6,1.6037410064335427,70.77441379195079,3.2511511892771474,14.752028732074928,False,,11.948512166272849,3.2494415515810573,334.1114293342133,0.008112965242713663,59694.0,False,,0.5305122379320638,12.851346626603103,ok
transit,TIC_192372961,0.5,5000,7,1.9089197729880485,276.7642370839603,0.9996784336475659,20.165172476142594,True,double,14.002330583985895,1.000007910159886,40343.37769845273,0.004469148913078456,61104.0,True,double,0.6014125037610095,13.859131048356167,ok
transit,TIC_305943739,1.0,5000,0,2.337125837307216,49.479195167310536,2.002196889881813,13.8096697698396,True,double,10.349741416051984,2.00000789339513,80183.82750269255,0.0049907698447234135,36376.0,True,double,1.0145130138397676,14.100267517819237,ok
transit,TIC_462715015,1.0,5000,3,1.8366378337407308,41.11197324981913,0.999059424538018,16.780985333600796,True,exact,8.661743834149092,0.9997397196478912,1426.346736010749,0.004452383017418573,49209.0,True,exact,0.6744435687880815,13.223459995087513,ok
transit,TIC_137543637,1.0,5000,7,2.086583505831827,35.188274667132646,1.0017383232194879,11.295952085117834,True,exact,7.228132499847561,0.9999499174618259,663.0357436471664,0.005139742393060546,36894.0,True,exact,0.910788576966921,13.425190245557118,ok
transit,TIC_119081096,1.0,2500,9,0.9439450440445061,109.95084441592917,0.9996798370746739,19.811566901540477,True,exact,20.85437991702929,1.0001723223096133,91.69468344007551,0.002579304680956045,125060.0,True,exact,0.22543658580781264,11.986102644919796,ok
transit,TIC_309402106,1.0,5000,8,2.772226533206821,46.78724041674286,1.9996246506525135,13.993489620591438,True,double,7.95125991711393,1.999946298587582,54057.2505835911,0.004408030820091926,29300.0,True,double,1.2112343804537062,13.940006540045134,ok
transit,TIC_299876474,1.0,5000,6,1.1108097492837832,100.4705606661737,2.596396277986406,16.657595866153713,False,,18.1575387082994,2.5962930525000822,72.99786114650446,0.02412826449168116,94667.0,False,,0.3079564046769961,12.228287598959689,ok
transit,TIC_267867517,2.0,700,0,5.182373130939469,26.595482125412673,8.02539873015301,4.213795168989606,False,,5.557263416238129,5.454230953646149,15.262084252798997,0.0065696226522049496,14472.0,False,,2.146365319078211,13.581472433834492,ok
transit,TIC_379931600,1.0,5000,9,1.910128394277692,61.48051941674203,1.0013920186272098,15.241641409458252,True,exact,11.155910416971892,0.9998369701939382,16666.350402163018,0.00455055860731394,41786.0,True,exact,0.8914581970960513,14.100230533020737,ok
transit,TIC_128463355,2.0,700,3,4.636850359679654,16.404727749992162,4.006251415254628,6.931428475942577,True,double,3.7028930420055985,4.001012188056494,145.69831243799746,0.0007078915041725185,12568.0,True,double,2.071928186977763,12.493083331994958,ok
transit,TIC_348054109,1.0,5000,2,0.5572582977379272,209.53541891695932,1.0002404738389328,20.042032753286698,False,exact,,,,,,False,,,,error: ValueError: The maximum transit duration must be shorter than the minimum period
transit,TIC_452803785,2.0,700,4,2.0822847202057373,2.862566249910742,2.6043002589316098,5.033416931709036,False,,2.2922250838018954,2.6145281184360325,2424.2658422514896,0.004320682414660863,35595.0,False,,0.6845850866189919,11.385520276689128,ok
transit,TIC_75427473,2.0,700,5,5.362527749782205,13.898099167272449,3.9944352139710344,6.053690659462506,True,double,3.505523290950805,3.9984968385831436,460.14545890620207,0.0006928294749877053,8809.0,True,double,2.597920892461318,12.073815417355254,ok
transit,TIC_428685938,1.0,5000,5,0.6234642843075201,216.1859169579111,4.46354893694708,12.684283119759446,False,,,,,,,False,,,,error: ValueError: The maximum transit duration must be shorter than the minimum period
transit,TIC_334597566,2.0,700,2,3.271408688903037,41.21409241715446,9.117525788713552,9.449273477713469,False,,11.51841212483123,9.110725473882523,39.89846319557128,0.002108412062586975,35357.0,False,,1.081706279321565,14.379863076627991,ok
transit,TIC_403308915,2.0,700,9,3.6779702680925963,1.2528810412622988,1.9987208638754024,9.185010442715061,True,exact,1.7135656671598554,2.0012629892406655,112.46762274056344,0.0006729032675539781,16591.0,True,exact,1.390748484569497,11.458417184219112,ok
transit,TIC_143350972,2.0,700,1,2.251962984296555,59.643545042257756,2.0012164445321003,15.396308041240022,True,exact,12.453443415928632,1.9998406675709046,2114.2547303375513,0.0007674924481966528,50878.0,True,exact,0.6191483687434799,12.863423484864246,ok
transit,TIC_372505528,2.0,2500,0,3.099535457623343,2.096358667127788,1.995072247873427,11.531770955957336,True,exact,2.6403737501241267,1.9987777957643311,570.2859221073899,0.0028514812502271713,28686.0,True,exact,1.1154756629892455,13.218712302875124,ok
transit,TIC_230267547,2.0,2500,1,3.5218855313406596,11.75986629165709,2.0069247713182063,8.225812311135728,True,exact,3.4913092916831374,2.0000381854601086,1097.6047173003826,0.0025997596521066587,17523.0,True,exact,1.495881758993823,12.220348478216678,ok
transit,TIC_207084429,2.0,700,7,4.046274984325614,28.052762874867767,1.9982631534635245,12.180517596627043,True,exact,6.118089791852981,2.0022757248656577,6133.8084467374,0.0006142285504205601,23878.0,True,exact,1.4108647625708022,13.702867906215246,ok
transit,TIC_260849386,2.0,2500,2,4.672097666763505,18.806777749676257,4.014696934077913,6.044161660669879,True,double,4.1404403750784695,4.002648658526709,896.8453963974055,0.002272640817321115,15982.0,True,double,2.055748171200872,13.885593755506298,ok
transit,TIC_192372961,1.0,5000,1,3.4357696190476434,274.7134713749401,0.9996784336475659,25.06985234359397,True,exact,12.475579792167991,1.000007910159886,78090.30426225867,0.005156956053613648,61104.0,True,exact,0.6014125037610095,13.859131048356167,ok
transit,TIC_180987952,2.0,2500,5,4.155231785877189,16.282755541615188,2.0012700149846476,11.688974692839203,True,exact,3.096410875208676,2.0008777347526268,5562.151983253681,0.0021722829268146374,17278.0,True,exact,1.499640856094107,12.156231582378483,ok
transit,TIC_327011842,1.0,5000,4,3.6880547572322717,273.7815294158645,0.9996266508426213,21.53364357615495,True,exact,12.512411208823323,0.9999743337594149,36794.98940886761,0.005298915157825338,61104.0,True,exact,0.6013794864770216,13.858799829303265,ok
transit,TIC_219205407,2.0,2500,3,2.3575921810658813,42.984823166858405,1.9980559335475467,12.414212164540405,True,exact,6.002984500024468,1.9997270722896494,791.274998198619,0.002782045247315321,41096.0,True,exact,0.6455796288358582,11.844648698809115,ok
transit,TIC_131581522,2.0,2500,6,2.059647363017443,39.26015862543136,3.0583539130788684,8.968270267809073,False,,7.941747167147696,3.0552867221543063,24.50616369646021,0.0035446495750325333,40722.0,False,,0.6742248523611123,12.058356644488404,ok
transit,TIC_173860688,2.0,700,8,7.251785458686558,99.71464979229495,2.006987191763532,8.280982649884503,True,exact,6.121231916826218,2.005185946600651,143.91988724311608,0.0007709427271335677,45585.0,True,exact,0.6010991450841205,12.009211853167006,ok
transit,TIC_80478272,2.0,2500,8,3.2396927853469313,38.55856670765206,1.998750199243772,12.006197990287044,True,exact,8.553672334179282,2.0007500248724526,952.3464290737162,0.002545921784581059,35357.0,True,exact,1.0817053351885693,14.37985725446491,ok
transit,TIC_187532854,2.0,5000,0,2.892998122970779,24.408217249903828,2.0026685337295502,11.725781456377986,True,exact,5.392112374771386,1.9970316747389438,370.63163156379346,0.00520651953108021,31061.0,True,exact,1.0681501406924299,13.42480419733237,ok
transit,TIC_131581522,2.0,2500,9,2.3277507180382275,43.07146954210475,3.0583539130788684,8.56154290615743,False,,8.442212415859103,3.0552867221543063,21.248796088516883,0.0033006753250448347,40722.0,False,,0.6742248523611123,12.058356644488404,ok
transit,TIC_69997672,2.0,5000,3,4.254674991129284,24.962592124938965,2.0020594828119904,12.904070828052536,True,exact,4.885613125283271,2.0024329920740436,37132.531611128106,0.004099309619530167,17489.0,True,exact,1.9580606445285513,14.100260017878544,ok
transit,TIC_428685938,2.0,700,6,0.7596877447838255,187.17529920767993,4.46354893694708,13.066251937069344,False,,,,,,,False,,,,error: ValueError: The maximum transit duration must be shorter than the minimum period
transit,TIC_394509844,2.0,5000,2,3.0233668061715644,44.82270675012842,2.0054358838328845,11.694327986801504,True,exact,9.029045375064015,1.9999780353451233,7003.258822371816,0.005000966207060621,32752.0,True,exact,1.0060345979012923,13.348011822694149,ok
transit,TIC_285233023,2.0,5000,5,3.3039031619261907,18.682697500102222,1.9966484244425398,9.852099421720206,True,exact,2.2926202500239015,1.999972380096485,297.9039982293815,0.005707270600713735,13739.0,True,exact,1.0480649650152805,9.025076908676503,ok
transit,TIC_119081096,2.0,2500,7,1.1263116444198538,100.71505433274433,2.001993591713337,15.801031086547479,True,exact,19.807750542182475,2.0001788855432285,62.03285652770573,0.003013163969578301,125060.0,True,exact,0.22543658580781264,11.986102644919796,ok
transit,TIC_232967666,2.0,5000,4,2.556027081617863,61.82696458371356,2.0029055663677346,15.409255738789186,True,exact,11.01474150037393,1.9999367036785534,5106.902296523185,0.00546309532672785,48346.0,True,exact,0.7319923949621451,13.672929299786562,ok
transit,TIC_101395259,2.0,5000,9,3.1898542861094885,23.507668458856642,1.9954800913650261,12.347959301457477,True,exact,3.934733958914876,1.9999775029088305,8205.504087991803,0.005244901993785466,24238.0,True,exact,1.089630524562338,12.048866941073008,ok
transit,TIC_256349966,5.0,700,0,4.776040211874806,23.87589320819825,7.603602392049915,4.272828179542525,False,,5.607569749932736,7.5721686089364315,16.334463215716713,0.002011435160660114,27861.0,False,,1.283952854985878,14.03092583250326,ok
transit,TIC_65347776,2.0,5000,6,1.523307424629186,49.70182658312842,2.001864072507675,15.755503591832696,True,exact,6.856128542218357,2.0011880746162016,1084.8945053561745,0.005341877619738204,45719.0,True,exact,0.43009966357140406,10.132820879735268,ok
transit,TIC_97158538,5.0,700,3,5.7470391741130396,14.770207958761603,4.973990371439817,6.830543305145674,True,exact,4.094891499727964,4.996121969440806,622.2942882795736,0.0007210261647349565,13964.0,True,exact,2.017503196675343,12.919619332160881,ok
transit,TIC_128501004,2.0,5000,7,2.3569972023528214,70.35833204211667,2.002336365743302,16.86547617595633,True,exact,13.245795958209783,2.0000282330055086,13818.656871536414,0.005329482560936017,53221.0,True,exact,0.6939476362553558,13.940347323695953,ok
transit,TIC_137284119,2.0,2500,4,7.201374858611084,227.82910691620782,1.9976317963046266,15.865142836235231,True,exact,12.391156499739736,1.9923851462732045,11928.228859918421,0.0025747854439146065,58621.0,True,exact,0.6014606047336037,13.581470343713809,ok
transit,TIC_365639282,2.0,5000,8,1.0179539500313766,94.11481012497097,2.000943104989443,17.3909869852557,True,exact,17.406361582688987,0.20524198833181675,161.27732347115787,0.0012774789952672211,113406.0,False,,0.2050519859456722,10.8858528657422,ok
transit,TIC_437156845,5.0,700,4,3.527293212655069,42.9850614592433,3.486377894163962,11.752107345424648,False,,8.781233999878168,3.48854917826923,28.293134561596563,0.003007662062411015,40340.0,False,,0.7698820811442135,12.852116440183627,ok
transit,TIC_56231866,2.0,5000,1,6.618027235711703,188.4738927502185,1.9993659275333813,23.06229920693866,True,exact,9.350842000450939,1.9976269973988026,45175.365847919275,0.005152826985415278,49160.0,True,exact,0.6011444472339194,12.459929405156107,ok
transit,TIC_271167979,5.0,700,1,2.220187877411423,93.01682862499729,0.6192092653247063,17.53327226662492,False,,18.410805083811283,0.618855619393918,233.1116155384832,0.008441094064853707,89064.0,False,,0.37518400812191827,13.114718689546851,ok
transit,TIC_309436531,5.0,700,6,3.5743968535373325,32.56580445775762,3.208551065061881,12.22205074596423,False,,8.12045875005424,3.2145620134230275,174.5988317967132,0.004128864681732992,32612.0,False,,0.8402373501984783,12.132508134967104,ok
transit,TIC_180987952,5.0,700,9,5.522410113223038,14.918307791929692,4.979413924255356,7.5571527293335805,True,exact,4.477427708916366,5.003423526370598,302.6807674702172,0.0008008129649461251,17278.0,True,exact,1.499640856094107,12.156231582378483,ok
transit,TIC_167009792,5.0,2500,0,5.426631876570219,19.651826582849026,5.008537045659165,10.437834514481432,True,exact,4.688758915755898,5.000160299786482,8809.141827243251,0.002503185851023876,18485.0,True,exact,1.8271028662257163,13.94024150065615,ok
transit,TIC_256349966,5.0,2500,1,5.035689690920249,22.56690337508917,5.0056424637515,8.946381082594382,True,exact,5.122155624907464,4.995512554526896,164.03328083183766,0.002643798526210928,27861.0,True,exact,1.283952854985878,14.03092583250326,ok
transit,TIC_420803693,5.0,700,7,2.6529617564550274,50.500595207791775,5.003076247020763,12.107335842910073,True,exact,9.759073833934963,4.996022714320064,28.214783771845735,0.000801002822230094,56682.0,True,exact,0.5051263875778582,12.219968748084273,ok
transit,TIC_412014494,5.0,2500,3,6.18351656097148,10.1447111251764,5.0289087798353895,7.150669266515461,True,exact,3.4017307911999524,4.9993938061081895,5194.278408811818,0.0026882296799598413,12448.0,True,exact,1.8674764671280935,11.75454888488172,ok
transit,TIC_459850897,5.0,2500,4,5.438555436377601,22.5669422079809,4.978953877880358,6.256478905174485,True,exact,5.560819665901363,4.998262635684341,641.5201944903629,0.0030380958517795455,19798.0,True,exact,1.4360942808835853,12.662471213347757,ok
transit,TIC_458856474,5.0,2500,2,2.9839435901700426,46.72284104209393,5.000982638924434,13.29869503639242,True,exact,8.972842624876648,4.99980791283869,14654.831244564115,0.002763678217088012,47249.0,True,exact,0.6008522393903458,12.218300096991918,ok
transit,TIC_285233023,5.0,2500,7,3.8470581927055214,15.52513066586107,4.979818069181155,6.426992554679603,True,exact,2.9415198750793934,4.97369217141164,22.80634876412629,0.0027828414457302776,13739.0,True,exact,1.0480649650152805,9.025076908676503,ok
transit,TIC_298049015,5.0,700,8,1.6157039536235396,77.30572200007737,1.960665206876666,12.269229901452178,False,,21.10909333266318,1.9595862767848011,45.46870015825451,0.011481381542235172,118808.0,False,,0.29351445646928237,13.352033252155698,ok
transit,TIC_219366908,5.0,2500,9,2.4235969214366317,6.27086904225871,0.629039674497095,17.28103800847588,False,,3.5805328749120235,0.6289219948896176,88.60486119822885,0.0020962824367093793,73565.0,False,,0.4223752967713675,12.677219982962118,ok
transit,TIC_5800958,5.0,5000,0,5.058655181247195,3.3386893328279257,4.978959639172917,7.658382799338268,True,exact,2.062296375166625,5.000358676909603,575.5993686047544,0.004992251945288074,16282.0,True,exact,1.5771753178886774,12.146973907012569,ok
transit,TIC_398912927,5.0,2500,8,4.865842901030878,19.498941083904356,4.985465640113488,8.789826601404016,True,exact,3.9544380414299667,4.998641804862507,739.3090907733397,0.0025911040091257083,21650.0,True,exact,1.1833959502824014,11.92509386949177,ok
transit,TIC_219366908,5.0,5000,1,2.330241488582151,4.46419333294034,4.99101747085021,12.428587689742917,True,exact,4.453821916133165,4.999512418107563,144.29838069475827,0.005040046872589339,73565.0,True,exact,0.4223752967713675,12.677219982962118,ok
transit,TIC_127315102,5.0,5000,4,6.902688089643391,5.750996374990791,4.963367989164446,6.170288447025591,True,exact,1.497373417019844,5.000515580312179,28173.26294083779,0.005261546389590455,8078.0,True,exact,2.4598495763030224,11.272264421446941,ok
transit,TIC_56231866,5.0,700,2,14.664138145447433,182.34267691569403,5.0013346438491695,11.948468208956685,True,exact,8.738076707813889,4.971633047628609,434.80930488040343,0.0007603238884395912,49160.0,True,exact,0.6011444472339194,12.459929405156107,ok
transit,TIC_272828463,5.0,5000,6,9.028097942023875,11.15244899969548,5.003671289769838,28.194627256960587,True,exact,2.1738196248188615,5.001771177548854,13468.592911916263,0.005768928724354405,43550.0,True,exact,0.6016042072181346,11.750062261433179,ok
transit,TIC_90504905,5.0,2500,6,1.2755218335511538,89.10182549990714,5.1140924171067565,6.44311245169501,False,,,,,,,False,,,,error: ValueError: The maximum transit duration must be shorter than the minimum period
transit,TIC_425220920,5.0,5000,8,4.81463167713608,1.2983187078498304,5.000520076797237,16.862947828042913,True,exact,1.8164355410262942,5.001304835510219,5202.552494377151,0.005206026234552398,21957.0,True,exact,1.2000574529437773,12.093595744958169,ok
transit,TIC_334597566,5.0,5000,2,4.573806643505014,35.21805191691965,4.994046583177882,10.796078198457508,True,exact,7.45172933395952,5.003595185759216,680.2436886952132,0.004746927714340965,35357.0,True,exact,1.081706279321565,14.379863076627991,ok
transit,TIC_56231866,5.0,700,5,16.395081899916615,180.6973391668871,9.98513952248588,11.633437640483136,True,double,8.86855937493965,4.978009566083144,466.1493521301447,0.0007866183603876493,49160.0,True,exact,0.6011444472339194,12.459929405156107,ok
transit,TIC_80478272,5.0,5000,3,4.562379795345363,34.60774920787662,4.994043359735484,11.988126255721003,True,exact,7.399209582712501,5.001774209684333,1715.8258495183675,0.004728058218347395,35357.0,True,exact,1.0817053351885693,14.37985725446491,ok
transit,TIC_389371332,5.0,2500,5,1.9773858211050008,87.7193547906354,5.002417317285327,17.254762221820656,True,exact,14.734963500406593,5.003918289762053,49.23276500489602,0.0027313719098438446,94055.0,True,exact,0.3080437815604876,12.19093770936194,ok
transit,TIC_224418572,10.0,700,3,7.578903803559911,19.26270804228261,2.8446827751267363,8.18391640988552,False,,3.618396250065416,2.8437909981647453,18.658922100415058,0.002451087356356886,18972.0,False,,1.617924557296743,13.223692698372806,ok
transit,TIC_395773226,10.0,700,0,6.552586694549433,24.39039049996063,3.849420185136929,6.687347488239385,False,,4.389700875151902,1.9211506823033724,22.79563506673513,0.0007454455899882112,20190.0,False,,1.3195887366090004,12.220136457743132,ok
transit,TIC_48276576,10.0,700,2,4.863021480289936,24.830430666916072,1.6635605080742095,7.316687153547727,False,,6.9162454581819475,1.6668707043886233,22.496144924586037,0.003563951101336292,27460.0,False,,0.9870783132274694,12.14528339875459,ok
transit,TIC_277871306,5.0,5000,7,2.8480377817580362,42.37128454213962,5.009043745875028,14.251270613616283,True,exact,8.566476333886385,5.000499753920665,2986.2096519169495,0.004635818141184687,43338.0,True,exact,0.6379568003252897,12.080669184524128,ok
transit,TIC_232967666,10.0,700,1,4.358475919025112,38.628907416947186,9.982561295975161,11.342395984498916,True,exact,11.684977291151881,9.993287893231825,39.075899073513156,0.0008971603786946327,48346.0,True,exact,0.7319923949621451,13.672929299786562,ok
transit,TIC_230267547,10.0,700,7,7.195911527772475,12.404160083737224,9.977349993688016,4.943853891709088,True,exact,3.2421182920224965,4.975901418965132,52.68712755053118,0.0008187822331065073,17523.0,True,half,1.495881758993823,12.220348478216678,ok
transit,TIC_123106490,10.0,700,4,4.791510581724717,29.790390958078206,3.3009183538528526,12.985774106685511,True,third,5.619112708140165,3.3003249329751934,98.21024634026504,0.0014984140888178502,29718.0,True,third,0.8969169803722268,12.00139018006347,ok
transit,TIC_241174783,10.0,700,8,10.189017654594702,8.290046583395451,10.08432112219543,4.886293971771691,True,exact,2.879967290908098,10.024912616669889,155.2373450554339,0.0008256882094945995,10794.0,True,exact,2.6263026292647043,13.290203410690756,ok
transit,TIC_312899686,5.0,5000,9,3.1182995646188862,56.988967875018716,4.416294758003279,12.02546295727346,False,,10.512668625451624,4.414575392923,53.132028779529904,0.005602834531415045,58227.0,False,,0.6288419904254098,13.848576383964419,ok
transit,TIC_335489455,10.0,700,6,3.4800999107167305,30.967207707930356,2.1188980389179846,5.653116656438873,False,,6.075967041775584,0.5301185189669549,16.528043068150048,0.0006910096925883834,30459.0,False,,0.504945663655632,9.025202530354811,ok
transit,TIC_272828463,10.0,2500,3,11.338100886600463,10.96524849999696,9.998842488778013,21.921829828588173,True,exact,2.1317661246284842,9.991591884166878,2127.629259567362,0.00324582455278879,43550.0,True,exact,0.6016042072181346,11.750062261433179,ok
transit,TIC_261141602,10.0,700,9,4.145522705083472,33.4849144583568,1.4936064078134608,13.317538896183587,False,,9.626535541377962,1.4958103675555556,102.07787878483235,0.0022718326292452337,51207.0,False,,0.6551234929722194,13.282758677207525,ok
transit,TIC_241174783,10.0,2500,4,10.188904201976822,11.573462124913931,9.919912502530655,5.447722980426615,True,exact,2.7162825409322977,9.982419905883427,2728.7536873285135,0.0028350071351572704,10794.0,True,exact,2.6263026292647043,13.290203410690756,ok
transit,TIC_299876474,10.0,700,5,2.1109512173776013,82.82561079226434,2.596396277986406,17.05818765638694,False,,15.349404834210873,2.5962930525000822,74.36012019665722,0.02435236019466417,94667.0,False,,0.3079564046769961,12.228287598959689,ok
transit,TIC_462715015,10.0,2500,5,3.9875596317976685,33.06214883318171,1.7523760284860497,5.836036163396578,False,,7.2224912089295685,9.991754904992531,129.84640548353448,0.003049589755358911,49209.0,True,exact,0.6744435687880815,13.223459995087513,ok
transit,TIC_463203560,10.0,2500,6,3.723571362605848,55.10602037468925,10.002979867325152,9.722532495859252,True,exact,11.254521667025983,10.002695666752391,356.175942780794,0.0028157605243017236,50205.0,True,exact,0.665833007734221,13.265416082318088,ok
transit,TIC_141616639,10.0,2500,2,2.195111126652332,98.44927379162982,6.6610767899294245,7.582195619601942,False,,20.12739916611463,10.008057157425712,21.63782957138939,0.002416564080078016,124166.0,True,exact,0.265611630904397,12.974779404257323,ok
transit,TIC_409459226,5.0,5000,5,18.538455239901445,206.97082258295268,9.996540820111049,11.069172006510202,True,double,9.351269917096943,4.9942639259332955,3489.3739969843937,0.00510858067826548,52932.0,True,exact,0.6013415981026262,12.919699644995934,ok
transit,TIC_386297468,10.0,2500,9,5.879174791288251,21.117781416978687,10.037259298770726,7.514465553811834,True,exact,6.170231542084366,9.995496766473797,57.384469250669135,0.002517050976624365,22635.0,True,exact,1.215941599365083,12.354393802183488,ok
transit,TIC_103245940,10.0,2500,7,3.517046668865542,53.41892916569486,3.2511511892771474,15.439955074837483,False,,11.70876995800063,3.2494415515810573,345.14025321806196,0.008245780236027171,59694.0,False,,0.5305122379320638,12.851346626603103,ok
transit,TIC_41865539,10.0,5000,1,4.142398932972592,5.053503124974668,9.998912606329885,15.666628102260582,True,exact,3.308202249929309,10.008110188186231,163.91507039494093,0.005297168714568757,50521.0,True,exact,0.702537743304039,13.677335092477723,ok
transit,TIC_317397615,10.0,2500,0,13.38018441854604,131.18064004182816,10.006575026831106,17.365240778461082,True,exact,8.543994209263474,9.931409542279646,747.8615370799046,0.0026924997182642156,47203.0,True,exact,0.6015954344760126,12.220270895437341,ok
transit,TIC_241174783,10.0,5000,5,9.419046451526853,8.372098000254482,9.919912502530655,5.683517526850594,True,exact,2.7196122920140624,9.990889605295894,6770.11107620394,0.005462466995881404,10794.0,True,exact,2.6263026292647043,13.290203410690756,ok
transit,TIC_169532369,10.0,5000,2,6.31585160988916,24.317658165935427,9.974323037354953,8.629165803880433,True,exact,6.191815125290304,10.017951939716628,643.2102090976283,0.005586381200031095,23802.0,True,exact,1.23809764353004,12.773074838133072,ok
transit,TIC_417705690,10.0,5000,0,3.8754199977783577,43.64777266699821,10.015842606912361,14.93968005618216,True,exact,9.139775292016566,10.00122865402451,3642.952301463665,0.005363482551196729,46276.0,True,exact,0.6370122954011914,12.462999496403192,ok
transit,TIC_377290815,10.0,5000,6,7.014191747821701,21.6374742500484,9.951571895203962,9.578320502670248,True,exact,6.827596959192306,9.997847606253377,5982.751714523108,0.0055165950538629506,23765.0,True,exact,1.4957335540042582,14.100138564392626,ok
transit,TIC_380517859,10.0,2500,1,1.9158988705689861,152.975031665992,1.11011136343283,16.242438482564637,False,,33.771266624797136,0.2062941702325386,137.5088489461949,0.008988793415690643,183234.0,False,,0.2062187521345472,13.848706959696747,ok
transit,TIC_274662200,10.0,2500,8,1.9728016532842472,98.88527800003067,10.00730152671251,13.543689260049621,True,exact,18.71716433390975,10.000150750634104,71.31804058094517,0.002423356594394717,143421.0,True,exact,0.23226318218423014,13.022313428034627,ok
transit,TIC_307734817,10.0,5000,9,5.540823327211549,21.835276042111218,9.970059665643904,8.644878876264986,True,exact,6.831524207722396,10.000637889960034,310.02121417279113,0.005086527326770613,26172.0,True,exact,1.2038312285941146,13.167299927042095,ok
transit,TIC_420645189,10.0,5000,7,3.77478786592319,44.22967787506059,10.031830829215354,13.218563200345876,True,exact,11.09470708295703,10.00314211771114,3065.3341461755585,0.005401690640001233,47546.0,True,exact,0.6275508277275819,12.531864401370845,ok
eb,TIC_122220263,0.5,700,1,1.8684368547194872,25.3438607910648,1.9973737952647257,6.421230823315445,False,,5.456294124945998,1.4999120236956642,151.82010724023044,0.0006414185129228252,25624.0,True,triple,1.2733446679236022,13.424900101836315,ok
transit,TIC_299876474,10.0,5000,3,2.483031070030543,77.31397766713053,2.596396277986406,16.991718216485342,False,,18.51849350007251,2.5962930525000822,73.98687312018153,0.024291165551946495,94667.0,False,,0.3079564046769961,12.228287598959689,ok
eb,TIC_224418572,0.5,700,2,1.8108918229526132,20.71673758281395,2.8446827751267363,8.841709864998245,False,,3.670525041874498,2.8437909981647453,19.370829675889567,0.0024974087280260023,18972.0,False,,1.617924557296743,13.223692698372806,ok
eb,TIC_34466256,0.5,700,6,1.9074838290097484,1.2767126667313278,1.4031524775349438,8.7941749977004,False,,2.0173461250960827,1.4059467435408044,96.81989525283889,0.002336101766379641,17297.0,False,,1.2125531238175846,10.86435729914171,ok
eb,TIC_468977648,0.5,700,4,1.7917735490200681,18.19261879194528,2.084275948622669,9.944459703113564,False,,3.6428091251291335,2.090911848739064,143.1428705562047,0.004937688187408496,14922.0,False,,1.796052240382795,12.50855902754164,ok
eb,TIC_311121985,0.5,700,3,1.8694875921210015,25.46549962507561,2.0001617284133086,8.125800985232372,False,,4.147883458063006,1.7497718535727418,60.331428032793966,0.00047835208745663425,17930.0,False,,1.5248010650319395,12.478621278188472,ok
eb,TIC_307734817,0.5,700,7,1.7371849463049767,22.177204333245754,2.106912656932251,15.974023045547694,False,,5.326255582738668,2.107125212307592,161.1175127374129,0.003497672464974641,26172.0,False,,1.2038312285941146,13.167299927042095,ok
eb,TIC_256349966,0.5,700,8,1.5570214971337513,23.573087624739856,7.603602392049915,4.43946378775179,False,,6.715747666079551,7.5721686089364315,16.16827496177733,0.002001176743033295,27861.0,False,,1.283952854985878,14.03092583250326,ok
eb,TIC_80478272,0.5,700,5,1.83881935807802,38.53702737484127,5.095034241056155,14.2463453822544,False,,9.876973375212401,5.086046703993103,496.2238506290995,0.003685935738571252,35357.0,False,,1.0817053351885693,14.37985725446491,ok
eb,TIC_237751146,0.5,700,0,0.504264746230661,95.81596279190853,1.671291811225083,15.96516952650907,False,,,,,,,False,,,,error: ValueError: The maximum transit duration must be shorter than the minimum period
eb,TIC_155114483,0.5,2500,3,1.6854953443292653,27.331913374830037,1.4966421657456976,5.631044505554836,True,triple,3.794241416733712,1.5001935830265838,1071.6536285763148,0.0017880186678742168,18012.0,True,triple,1.3303828933212747,11.631001896269245,ok
transit,TIC_434234955,10.0,5000,4,12.830903094639368,175.33274841681123,9.983620951393426,17.131624969147403,True,exact,10.286907791625708,9.996443548267843,783.7986691164868,0.005569937629369756,53601.0,True,exact,0.6012846758129863,12.998428571424018,ok
eb,TIC_230075120,0.5,2500,2,1.5595904465712926,39.98020387487486,1.5036518565027421,6.264293724484678,True,triple,5.65271933330223,1.5002026229907852,89.93961643510342,0.0015522046799080027,27232.0,True,triple,1.1343577784985603,13.007775063319732,ok
eb,TIC_309257814,0.5,2500,1,1.5704855043680523,43.823592125438154,1.2400218601229398,15.954313506282027,False,,8.233810917008668,1.23890265445039,1617.5671390661928,0.008689764930420991,39756.0,False,,0.7005692803323433,12.156164406042981,ok
eb,TIC_257052211,0.5,2500,7,1.8400285598309098,1.5767519157379866,6.003747291393085,4.425227379405179,False,,3.474284333176911,1.7137744548611402,361.917504326011,0.003793623983257133,18548.0,False,,1.5960088504749752,12.989817720448045,ok
eb,TIC_237235093,0.5,2500,0,0.8770636415372308,68.40556087484583,0.49947522916763354,16.342903890745962,True,exact,8.795391000341624,0.49990199000268654,108.38802032565789,0.0013186135591840248,59002.0,True,exact,0.39817981900804095,11.039035070598052,ok
eb,TIC_31114545,0.5,2500,9,1.6252777114208319,0.8937929999083281,3.5015546063972187,6.4945184253138875,False,,1.4758106246590614,2.4981726099828068,397.2764680409252,0.0019942358652052924,12300.0,False,,2.1797396417185895,12.71891567844067,ok
eb,TIC_75427473,0.5,2500,8,1.8374204631834932,22.051856792066246,6.499279127477304,4.135541607152191,False,,2.1513437922112644,3.000270705760272,253.3713360577463,0.0013466260844831493,8809.0,False,,2.597920892461318,12.073815417355254,ok
eb,TIC_73723286,0.5,2500,6,1.6756460196128766,38.27134475018829,1.501101041213172,11.467858210187668,True,triple,5.234527457971126,1.5002534746533422,733.3351994853789,0.001697867632416489,24630.0,True,triple,1.078768397499268,12.077859511949887,ok
eb,TIC_13023738,0.5,5000,1,1.5620573281463552,27.17194266617298,1.5002492942580863,9.129736425490261,True,triple,4.441776166670024,1.5002521709879166,146.5723796960763,0.0033705228929589892,19588.0,True,triple,1.339083426386153,12.14076666888035,ok
eb,TIC_172871230,0.5,2500,5,1.4934696600322015,65.66871570888907,3.413697559976892,13.08670237747544,False,,12.595132333692163,3.4123591117426058,98.49568127504662,0.004464825518623819,50181.0,False,,0.6746232564519318,13.351818502441105,ok
eb,TIC_142087638,0.5,5000,2,1.5892079879539824,45.96441916702315,0.9982406001858402,10.120848314961123,True,double,6.871851624920964,0.9999455060839937,1584.0090652987676,0.0038951571315040314,36029.0,True,double,0.7700161895441158,12.168871064218239,ok
eb,TIC_403308915,0.5,5000,5,1.7897318783280056,1.1100137908942997,1.9987208638754024,8.730018575890394,False,,1.4583738748915493,1.5004968623281216,1075.8988089334791,0.0030141888813690343,16591.0,True,triple,1.390748484569497,11.458417184219112,ok
eb,TIC_201233610,0.5,5000,4,1.8912700675564493,21.551939208060503,1.5022011832632776,5.3489223364361616,True,triple,4.373113708104938,1.499043679864353,66.50289850123316,0.00392957280389942,16648.0,True,triple,1.3628275471123774,11.35366989223279,ok
eb,TIC_367099243,0.5,5000,3,1.4742892687731601,43.812304709106684,1.0003267856742608,13.047858876922298,True,double,5.830640083644539,0.999887275153151,2802.994319765173,0.004037953566606809,33980.0,True,double,0.8199962125065704,12.220296308028757,ok
eb,TIC_380517859,0.5,700,9,0.7046529137908945,159.49496920825914,1.11011136343283,16.2494535584246,False,,32.94502166705206,0.2062941702325386,137.69654829552158,0.008994926167610919,183234.0,False,,0.2062187521345472,13.848706959696747,ok
eb,TIC_437740083,0.5,5000,7,1.7833285380754313,31.91870666667819,1.5004598342437867,10.951479654713122,True,triple,5.833356250077486,1.499931144983442,658.8945288599906,0.0034756168086028183,29367.0,True,triple,1.0379378958294603,12.874843016031484,ok
eb,TIC_131081852,0.5,5000,8,1.5163901074780952,44.559722082689404,0.9986968129359196,10.706177058474646,True,double,5.486145374830812,1.0000320817392203,851.2779695997983,0.0023407253517701114,32366.0,True,double,0.8508821986943138,12.167431440251667,ok
eb,TIC_31114545,1.0,700,1,3.5899757472246376,0.879222041927278,2.994815737565607,5.9860583633238535,True,triple,1.5135569581761956,2.500489463334461,56.35366064989222,0.0005847236701496806,12300.0,False,,2.1797396417185895,12.71891567844067,ok
eb,TIC_307111282,1.0,700,0,2.174782836783167,34.78042608266696,0.9988002907233655,10.812591097258473,True,exact,5.605098624713719,0.999200973463774,63.598883361093954,0.0006014040320214816,31935.0,True,exact,0.7999496661868237,11.708774093028056,ok
eb,TIC_337129672,0.5,5000,6,1.0287957726505836,73.14151462493464,0.4997208397413114,20.57177361930061,True,exact,9.13588395807892,0.5000391828245827,722.0027422066994,0.0024136215477433887,70870.0,True,exact,0.36906140534268767,11.621742212457766,ok
eb,TIC_449951606,1.0,700,3,3.6396013886934426,12.4731809576042,5.143367582404846,12.0526544091964,False,,2.567551207728684,5.139275344968731,186.59625319217082,0.0017535609960629267,48438.0,False,,0.6016014739580096,12.375087006271077,ok
eb,TIC_61733521,1.0,700,5,1.6075082148484285,4.018588958773762,1.0014931461189591,9.83275379195128,True,exact,2.9889555419795215,1.0001658488797034,51.97597339788154,0.0005362100876058424,58326.0,True,exact,0.5129330364601061,12.489610950094281,ok
eb,TIC_69997672,1.0,700,4,3.0826228896989276,24.050397832877934,2.0020594828119904,8.169545404421493,True,double,5.415797083172947,1.9990103009962916,270.8160821977011,0.0005538440917296903,17489.0,True,double,1.9580606445285513,14.100260017878544,ok
eb,TIC_137284119,0.5,2500,4,1.8969555542899323,245.22426324989647,0.999959633631836,18.062413903095123,True,double,14.349258875008672,1.0000036553355824,2983.0546355952947,0.002064685525092522,58621.0,True,double,0.6014606047336037,13.581470343713809,ok
eb,TIC_123106490,1.0,700,7,2.1706193502078728,37.57776158256456,3.3009183538528526,11.99835422573951,False,,6.512483582831919,3.3003249329751934,94.00112036702451,0.001465952716366866,29718.0,False,,0.8969169803722268,12.00139018006347,ok
eb,TIC_110936761,1.0,700,6,2.1801180067439687,43.9964836249128,2.285164282116663,8.076344123316343,False,,8.979825250338763,2.290089741228046,134.8478636048929,0.0010460578392576638,41166.0,False,,0.808630376367029,13.311691888431811,ok
eb,TIC_257052211,1.0,700,8,3.2225845329709846,1.2326648328453302,2.2224141355121807,3.8363154844726277,False,,3.1380413328297436,2.2170421122784627,302.7053905679213,0.0021263030671750363,18548.0,False,,1.5960088504749752,12.989817720448045,ok
eb,TIC_167009792,1.0,2500,0,3.8048765791810237,35.3129601245746,2.0029913079790753,9.308965254010372,True,double,6.43340125028044,2.00011004411989,6313.305546415184,0.0019452241429769963,18485.0,True,double,1.8271028662257163,13.94024150065615,ok
eb,TIC_267867517,1.0,700,9,3.359249461098933,40.54591895826161,9.04620963333753,3.670838652324197,False,,5.380521040875465,5.454230953646149,16.003422497078972,0.006727286710193783,14472.0,False,,2.146365319078211,13.581472433834492,ok
eb,TIC_307111282,1.0,2500,1,2.073747580006916,50.72335712518543,0.9988002907233655,13.454320258940745,True,exact,6.879051999654621,1.000039168037897,1159.6470954688305,0.0019051565445229173,31935.0,True,exact,0.7999496661868237,11.708774093028056,ok
eb,TIC_307734817,1.0,2500,3,2.8042701453700025,35.85040858294815,2.106912656932251,11.111960883141846,False,,6.4594484167173505,2.107125212307592,150.14572993479496,0.003376480582339965,26172.0,False,,1.2038312285941146,13.167299927042095,ok
eb,TIC_33091633,1.0,700,2,0.9438589810266763,146.21362704178318,7.522060163526151,23.54183169752735,False,,28.11532137496397,7.521646620004727,1355.766081874765,0.004480622495067398,145489.0,False,,0.2254514719755292,12.919580415450117,ok
eb,TIC_68152139,1.0,2500,5,2.1944485269379177,2.0951076252385974,2.0049302156837343,7.801583553479312,True,double,1.9717117911204696,1.9983687062480673,548.3697798259138,0.00157515015459342,22887.0,True,double,1.0941927354766143,11.750010767507309,ok
eb,TIC_358072664,1.0,2500,2,2.869616996555597,40.513760457746685,2.00349220030988,6.645773221585774,True,double,9.082594958133996,1.9991019148084843,29.050422257428792,0.001914839038954632,30356.0,True,double,1.2483279819576114,14.403045046458367,ok
transit,TIC_51024887,10.0,5000,8,0.5503188744810968,492.63498212536797,8.261641312562878,20.225871464694848,False,,,,,,,False,,,,error: ValueError: The maximum transit duration must be shorter than the minimum period
eb,TIC_452803785,1.0,2500,7,1.9165708867237767,2.8725691251456738,2.6043002589316098,4.991014754929329,False,,2.3248242498375475,2.623258083762824,2473.627751665189,0.004400652346982329,35595.0,False,,0.6845850866189919,11.385520276689128,ok
eb,TIC_468472950,1.0,2500,9,3.0675328745872728,31.139720290899277,1.9945516132304095,7.448313207976818,True,double,5.977425499819219,2.000104907558735,1149.7204846857055,0.0018524709272554004,26700.0,True,double,1.318004258225197,13.939853109968215,ok
eb,TIC_230075120,1.0,2500,6,2.257800162007581,38.502908458933234,1.9954103237907317,7.582830041447197,True,double,7.289494750089943,2.0002332796440747,82.7682639259257,0.0012220530297889522,27232.0,True,double,1.1343577784985603,13.007775063319732,ok
eb,TIC_386297468,1.0,5000,0,2.8140804742036063,32.8886888329871,2.0032064674666423,6.971142653232129,True,double,5.881591166835278,2.000276313775731,56.638170084819365,0.0028160563451286144,22635.0,True,double,1.215941599365083,12.354393802183488,ok
eb,TIC_277871306,1.0,2500,8,1.8875726739757865,52.58349166577682,1.0000600813376814,14.670033367629184,True,exact,8.432911832816899,0.9999449915230679,1860.3199133532387,0.002024996771545113,43338.0,True,exact,0.6379568003252897,12.080669184524128,ok
eb,TIC_327011842,0.5,5000,9,1.8249944135627536,285.4868902079761,0.9996266508426213,18.158063455894638,True,double,16.632049416657537,0.9999743337594149,7337.342091527821,0.00403830770674566,61104.0,True,double,0.6013794864770216,13.858799829303265,ok
eb,TIC_122220263,1.0,5000,5,2.853003414588437,25.22261979104951,1.9973737952647257,9.938281271680124,True,double,4.971332625020295,1.9999991591150064,2193.3077982897357,0.0024203974090766097,25624.0,True,double,1.2733446679236022,13.424900101836315,ok
eb,TIC_49617263,1.0,5000,6,3.2315982148622595,1.0509465830400586,2.005161677655623,8.60771493029981,True,double,1.1959712081588805,1.999386750476969,2942.1204962241377,0.0039223168597325485,11798.0,True,double,1.4805765338930632,10.114623481282585,ok
eb,TIC_316402246,1.0,5000,7,2.6038411371090664,2.308295457623899,2.003047136748805,11.129767507773218,True,double,2.3347171251662076,1.9987426919142977,5544.616780858092,0.003935359474106922,25224.0,True,double,1.212999883637038,12.989807790453927,ok
eb,TIC_59859387,1.0,5000,4,2.515196903510592,44.854312375187874,2.003381244392839,9.628224173692473,True,double,6.970141417346895,2.000405962850394,2054.6845074524695,0.002905161108252552,28667.0,True,double,1.0682615342950899,12.91968059560758,ok
eb,TIC_9102327,1.0,5000,9,2.0510222583731204,4.675654291175306,0.9994023831070682,21.468829803683857,True,exact,4.334761667065322,0.999961357844879,2277.4571251603033,0.004211176744421867,49089.0,True,exact,0.7219148544981,13.677063760260339,ok
eb,TIC_1101909431,1.0,5000,3,1.2400911476287146,71.20837891707197,0.9996167711139493,13.641920454873345,True,exact,14.980411374941468,0.5000403658381667,44.30770329252745,0.0026727829410364717,102251.0,True,half,0.37479259818388594,14.031092094071928,ok
eb,TIC_463203560,1.0,5000,2,1.8611898674812766,80.06078416621312,1.000518674461904,17.072493423411718,True,exact,11.343522833194584,1.0000220482552682,2766.663703905114,0.003439269301483305,50205.0,True,exact,0.665833007734221,13.265416082318088,ok
eb,TIC_40954422,2.0,700,1,5.531155214209244,20.625045333057642,3.499666496794187,4.710477485073814,False,,3.9082633340731263,3.5189062876105135,114.5716454265772,0.0007799358787396101,11597.0,False,,2.4992086874608392,13.351794864193828,ok
eb,TIC_398733009,0.5,5000,0,0.23963972959787327,486.54936124989763,0.8183203914671399,28.061695994544106,False,,,,,,,False,,,,error: ValueError: The maximum transit duration must be shorter than the minimum period
eb,TIC_435167167,2.0,700,4,4.531812147088553,1.0521289170719683,3.0292914062095817,5.174950018518671,False,,1.610971124842763,3.039973754015019,23.776514311989864,0.0018436148551982813,12660.0,False,,1.869861272042149,11.853933544264565,ok
eb,TIC_365639282,1.0,5000,1,0.8769943690962276,121.78370800008997,8.20293690267841,6.541255803521114,False,,18.633336834143847,0.20524198833181675,154.2378359649569,0.0012492880218547896,113406.0,False,,0.2050519859456722,10.8858528657422,ok
eb,TIC_110936761,2.0,700,2,2.666382883678387,44.106354292016476,2.285164282116663,8.829913500530784,False,,8.602005334105343,2.290089741228046,138.1061285054567,0.0010586201076014253,41166.0,False,,0.808630376367029,13.311691888431811,ok
eb,TIC_128501004,1.0,5000,8,1.9903486742133858,77.87897879071534,0.9992942403139395,15.031134547328131,True,exact,12.480925125069916,1.0000155065211405,3766.648454515486,0.002031564082014064,53221.0,True,exact,0.6939476362553558,13.940347323695953,ok
eb,TIC_272828463,2.0,700,7,5.438742826568163,10.683296083007008,0.7887250835985434,17.501443373003248,False,,2.6965252910740674,0.7888782637940325,448.18029110966825,0.0006671675017716576,43550.0,False,,0.6016042072181346,11.750062261433179,ok
eb,TIC_64836837,1.0,2500,4,3.747560829962044,231.2354832496494,1.000238359473228,19.59705217530093,True,exact,13.684666832908988,1.0001226680387367,421.3008795560021,0.0011894452118647242,65909.0,True,exact,0.601183485355375,14.379047665071978,ok
eb,TIC_265077027,2.0,700,6,2.9578998364436093,43.18846433330327,4.787670327690404,14.203403632444624,False,,7.614975125063211,4.795915173649383,824.1471478666184,0.004863888328258699,32686.0,False,,0.8886456247395239,12.503509087360495,ok
eb,TIC_259151170,2.0,700,0,1.9669157933778538,92.58391220867634,1.0008990540269553,11.674860015653667,True,half,18.343994124792516,1.0002154260415859,70.80945621554037,0.0003884610033658328,77435.0,True,half,0.4789670359941598,13.859257896120639,ok
eb,TIC_131581531,2.0,700,9,3.4164555807998966,37.66862245835364,3.0600398990138435,9.862030790236323,False,,11.310013874899596,3.0580560131447094,25.93577816216271,0.0010815643401287762,29242.0,False,,1.204372646356778,13.88547615664833,ok
eb,TIC_17005768,2.0,2500,0,2.402497086887684,43.19459475018084,6.840272896712601,13.252697599552139,False,,8.052942958194762,6.840893775481444,618.6437864297646,0.002504354522642843,34536.0,False,,0.7199272588411811,11.515317641222842,ok
eb,TIC_279177746,2.0,2500,1,4.1803402605101905,39.53102945908904,1.9981742548061303,9.896051817952953,True,exact,6.2209281250834465,1.999885103025035,1265.3728171762243,0.0021417905521635082,21312.0,True,exact,1.535361201795132,13.581407644051282,ok
eb,TIC_90504905,2.0,700,8,0.8751066628814532,99.43194870930165,5.1140924171067565,6.569690547491702,False,,,,,,,False,,,,error: ValueError: The maximum transit duration must be shorter than the minimum period
eb,TIC_335489455,2.0,2500,4,1.8927253144730027,44.89268337516114,2.0016567557429923,9.48207463528317,True,exact,5.675722707994282,0.998667515214994,40.74391666170532,0.0020897920260341306,30459.0,True,half,0.504945663655632,9.025202530354811,ok
eb,TIC_243333538,2.0,2500,2,2.3759385242826845,73.80155191710219,3.0014225131983867,15.742127010629241,False,,14.59865066735074,2.9967303904247657,381.9698172795414,0.017443096995112057,59352.0,False,,0.6395770761140047,14.100180690702917,ok
eb,TIC_73723286,2.0,2500,5,3.2922373969690657,40.096101416274905,2.0033487032623265,11.148291556817467,True,exact,5.609596457798034,1.999149834204181,3204.099988285984,0.001695585513226447,24630.0,True,exact,1.078768397499268,12.077859511949887,ok
eb,TIC_458914949,2.0,2500,8,5.335823233975768,0.781095250044018,3.9748464621524437,4.40697424218719,True,double,1.305812833365053,4.001197627238069,138.61798250884306,0.0012349235573783234,8787.0,True,double,2.370438087593957,11.458512035485784,ok
eb,TIC_139285736,2.0,2500,7,1.9853879790502629,6.737556790933013,1.5510788730888105,15.343948212970329,False,,4.627208541147411,1.5506075906983599,184.01657118268392,0.0037955550109024325,73957.0,False,,0.4878098485032072,13.676792559126614,ok
eb,TIC_268914377,2.0,700,3,1.1023429978570425,147.58248083293438,2.1557869617111045,18.80228071001226,False,,31.27060612477362,0.20232543140044987,431.07647471261123,0.020914440756896188,152370.0,False,,0.2022993033706912,12.516102183700005,ok
eb,TIC_233390838,2.0,5000,0,3.865037426312644,26.819082542322576,2.0049839321738503,10.862310800832681,True,exact,6.037730250041932,2.0005977332222953,9247.919178343924,0.0038978599665498454,23160.0,True,exact,1.3164140377875073,13.022290555625306,ok
eb,TIC_437740083,2.0,2500,9,3.2928954870311884,37.02137295855209,2.004191046746836,8.193328394009768,True,exact,7.803531000390649,1.999710388464393,360.16582132570096,0.0018815696500861063,29367.0,True,exact,1.0379378958294603,12.874843016031484,ok
eb,TIC_73723286,2.0,5000,1,2.96256733691836,39.185214709024876,2.0033487032623265,13.570137377999894,True,exact,5.666967167053372,1.9999720969027825,13985.32738081937,0.0035460735585475757,24630.0,True,exact,1.078768397499268,12.077859511949887,ok
eb,TIC_143350972,2.0,2500,6,2.252862545470323,73.5348779996857,2.0012164445321003,15.366363409591154,True,exact,11.92666224995628,1.99996152515422,11033.307345990657,0.0017582928754568045,50878.0,True,exact,0.6191483687434799,12.863423484864246,ok
eb,TIC_59859387,2.0,5000,2,2.9560029496218343,45.40739337494597,2.003381244392839,13.017210700828521,True,exact,7.880417250096798,2.000046423920236,4809.228746596464,0.004430001066453485,28667.0,True,exact,1.0682615342950899,12.91968059560758,ok
eb,TIC_326470400,2.0,5000,3,1.5738153380707127,67.50113837514073,1.0008226538500302,13.125749634754007,True,half,9.926522500347346,1.0000448981065355,500.2141107515377,0.0022490509851785362,50750.0,True,half,0.4795717151404607,11.273706362885596,ok
eb,TIC_64836837,2.0,700,5,6.237548636832801,254.07692662486807,2.000295326661569,13.254245401193852,True,exact,18.07119887508452,2.0003261071925165,213.5566826292778,0.0005506973348007809,65909.0,True,exact,0.601183485355375,14.379047665071978,ok
eb,TIC_131581531,2.0,5000,5,3.0024582023686603,61.22291358420625,1.9966604117930071,11.103516828147214,True,exact,9.452869416680187,1.999575346792015,390.87203004498946,0.003500489702572926,29242.0,True,exact,1.204372646356778,13.88547615664833,ok
eb,TIC_425220920,5.0,700,0,4.329101428922663,2.4206818328239024,5.000520076797237,7.833266986627904,True,exact,3.2932919999584556,2.498233923659407,72.89888321052136,0.0005080195606461382,21957.0,True,half,1.2000574529437773,12.093595744958169,ok
eb,TIC_155114483,2.0,5000,9,3.8505470756929014,30.19249904109165,2.003902753449462,11.611892302984556,True,exact,4.609156042337418,1.9994069401423407,8613.384501050283,0.0035112185005002927,18012.0,True,exact,1.3303828933212747,11.631001896269245,ok
eb,TIC_219205407,2.0,5000,7,2.3934731699316254,75.3063494162634,1.9980559335475467,11.181568122719813,True,exact,10.82548183389008,2.000297303393018,1171.9356188028155,0.0033867111369057096,41096.0,True,exact,0.6455796288358582,11.844648698809115,ok
eb,TIC_425220920,5.0,700,3,4.7258876946106145,2.6567947920411825,5.000520076797237,7.980578679035164,True,exact,2.6849406249821186,5.013305204953374,54.191928197602216,0.0005242028814296696,21957.0,True,exact,1.2000574529437773,12.093595744958169,ok
eb,TIC_172871230,2.0,5000,6,2.3505234666181356,92.8848180421628,2.000750024868566,11.004241864296718,True,exact,14.859175583347678,2.000398773299114,127.01352017316137,0.004048930583449578,50181.0,True,exact,0.6746232564519318,13.351818502441105,ok
eb,TIC_314338017,2.0,2500,3,7.553477374532209,233.98012841725722,1.9999311757068663,17.31543270142149,True,exact,13.949703749734908,1.999963243193389,6090.959180628815,0.002014952210926898,61812.0,True,exact,0.6016176508698129,13.939899984233065,ok
eb,TIC_425220920,5.0,700,5,4.714026928052177,3.694474874995649,5.000520076797237,7.199761096681964,True,exact,3.106950916815549,5.001304835510219,63.81293558808661,0.0005103054414955866,21957.0,True,exact,1.2000574529437773,12.093595744958169,ok
eb,TIC_232967666,5.0,700,2,3.5380328977635034,49.894062583334744,4.988149833392378,10.590922751174826,True,exact,13.76517920801416,4.995636699998371,51.129889304240265,0.0006534125272283094,48346.0,True,exact,0.7319923949621451,13.672929299786562,ok
eb,TIC_138361973,2.0,5000,8,2.573871145455025,96.14140829211101,2.0001610410332082,13.653488955749935,True,exact,14.422781707718968,2.0004840588232415,5181.4145491545005,0.00353816279065766,52279.0,True,exact,0.72168599605489,14.100241305628963,ok
eb,TIC_169904935,5.0,700,7,3.133414826597106,42.82167362468317,5.001935281185391,10.39697657004054,True,exact,9.632067166734487,5.00117689217387,179.68029307018745,0.0005824786313951531,43579.0,True,exact,0.6831295919762038,12.54662291830754,ok
eb,TIC_29117085,5.0,700,6,2.2252507901578866,84.96415804186836,13.262448486305395,13.95117999042048,False,,16.25724958302453,13.241573693404789,769.4850247300345,0.007298634222091263,67108.0,False,,0.5042814472364524,13.262448486305395,ok
eb,TIC_1101909431,5.0,700,8,2.233200823646493,62.910415166057646,2.7069451707133747,6.218242584532524,False,,16.504021542146802,2.710560458345553,14.629184464617987,0.004485969514031341,102251.0,False,,0.37479259818388594,14.031092094071928,ok
eb,TIC_420645189,5.0,2500,0,3.196703520803587,63.524057916365564,4.998615047903457,11.461225559336231,True,exact,10.594467584043741,4.998360208900289,456.3909567272498,0.0015977528374495433,47546.0,True,exact,0.6275508277275819,12.531864401370845,ok
eb,TIC_349786918,5.0,2500,1,4.463539199339164,25.79426687490195,2.4927911792795965,7.457632778954344,True,half,5.565704207867384,4.997718099796111,459.0127880567374,0.0019780161888925973,24117.0,True,exact,1.20386932575098,12.665387688010457,ok
eb,TIC_307956396,5.0,700,9,2.0944178999866994,73.38491412531585,4.151077350838783,16.713939228850187,False,,14.0942721250467,4.150805586158165,75.34211737522551,0.008086673431645892,93496.0,False,,0.3747838263079243,13.425129208727398,ok
eb,TIC_269424395,5.0,2500,4,6.699756162620725,1.1482888753525913,2.5040667913446755,5.865334350472876,True,half,1.6225203750655055,5.008410673442943,278.2910275978043,0.0024167270684872155,12229.0,True,exact,1.8940957644400205,11.750019209650294,ok
eb,TIC_406855039,5.0,2500,2,6.698244290006258,24.13842970924452,4.983644944984491,6.792477162311864,True,exact,7.3659265409223735,4.999306739309149,1232.8487431535511,0.001374151205360805,17826.0,True,exact,1.9260439201005344,14.100063177337226,ok
eb,TIC_129881395,5.0,2500,6,3.909125785944229,31.121606457978487,1.1362478999319283,7.440065750149525,False,,6.311605541035533,1.13489835324155,464.408179439237,0.015387421763993055,26400.0,False,,1.0141504432239439,12.088180647170923,ok
eb,TIC_380886535,5.0,2500,3,4.066384090279692,36.941975832916796,5.003126892937545,8.371128522696916,True,exact,7.018346791621298,4.996304154312085,125.37198273148854,0.002278956804782439,27478.0,True,exact,1.118990356759061,12.970906869643146,ok
eb,TIC_349790953,2.0,5000,4,6.659657572090284,296.4397721248679,1.5525358749036908,11.717342422634577,False,,14.704546624794602,1.9990093700924487,1623.7066194018514,0.002978043490181277,61861.0,True,exact,0.6011834825472833,13.940149704843053,ok
eb,TIC_428685938,5.0,700,1,1.0681390549691874,231.97750695887953,4.46354893694708,13.178858681576854,False,,,,,,,False,,,,error: ValueError: The maximum transit duration must be shorter than the minimum period
eb,TIC_47617038,5.0,700,4,19.01498645646572,198.75985937519,5.003166417443928,16.327087866872084,True,exact,10.195011583156884,5.010827525466037,1725.7018547611601,0.0005875685200252106,53794.0,True,exact,0.6015693114168468,13.02443254361105,ok
eb,TIC_437156845,5.0,2500,5,3.168783371505091,55.10153241595253,3.486377894163962,11.453539559786153,False,,10.108396959025413,3.48854917826923,29.464316559170996,0.00306928128447687,40340.0,False,,0.7698820811442135,12.852116440183627,ok
eb,TIC_334597566,5.0,2500,9,4.077822576550076,36.781739375088364,2.500123231675674,7.773298436721345,True,half,10.405106416903436,2.496251876799725,56.4923601155083,0.001443452466525325,35357.0,True,half,1.081706279321565,14.379863076627991,ok
eb,TIC_230075120,5.0,5000,0,4.685059313930845,34.38486612495035,2.503148121826834,8.718542947909567,True,half,7.942448874935508,4.997667058926038,1036.3136280422434,0.004277836450365075,27232.0,True,exact,1.1343577784985603,13.007775063319732,ok
eb,TIC_463203560,5.0,2500,7,3.192285454569464,63.12997283320874,1.9940669079887354,9.041155421205413,False,,13.347670166753232,1.9901212311942003,261.2332040680979,0.0013998123003609389,50205.0,False,,0.665833007734221,13.265416082318088,ok
eb,TIC_9837861,5.0,5000,5,7.561131717586457,6.485644707921892,5.0124309791101,8.860092943328418,True,exact,2.2854704172350466,4.994972019658877,3643.200654388716,0.0035935750329745965,11062.0,True,exact,2.621714549906997,13.423372678718117,ok
eb,TIC_316402246,5.0,5000,7,4.963880141434498,2.316049374639988,2.4938155357877996,9.314116783065694,True,half,2.424131500069052,2.4979059405228634,1961.8195397533675,0.002162635777369708,25224.0,True,half,1.212999883637038,12.989807790453927,ok
eb,TIC_169904935,5.0,5000,1,3.1393400352622773,45.35924183297902,5.001935281185391,13.608174245573373,True,exact,8.506778416223824,4.999588518111951,6006.441257989511,0.004125674623312701,43579.0,True,exact,0.6831295919762038,12.54662291830754,ok
eb,TIC_337129672,5.0,2500,8,2.2376500156044314,75.26212941715494,4.998938252223568,14.421475464538387,True,exact,14.776281457860023,5.00080743528001,145.0356316786442,0.0019057447264627168,70870.0,True,exact,0.36906140534268767,11.621742212457766,ok
eb,TIC_143350972,5.0,5000,2,3.1654076665002426,62.687650125008076,5.003109537020819,14.126547581704342,True,exact,16.309195708017796,4.999714349989007,10451.343899942063,0.0026450483228667907,50878.0,True,exact,0.6191483687434799,12.863423484864246,ok
eb,TIC_334597566,5.0,5000,4,4.490715450557889,47.90188816701993,2.500123231675674,9.024165600849328,True,half,11.201571790967137,5.0023847276779145,270.11194228535766,0.004227072934156754,35357.0,True,exact,1.081706279321565,14.379863076627991,ok
eb,TIC_334597566,5.0,5000,6,4.332637853959666,45.12884737504646,2.500123231675674,9.35331014404721,True,half,11.86139520816505,2.5000244108221024,204.30553651548246,0.0024833389904594517,35357.0,True,half,1.081706279321565,14.379863076627991,ok
eb,TIC_417705690,5.0,5000,9,3.0504632676432113,68.81056249979883,4.998716719190493,12.506176537742288,True,exact,10.018470332957804,4.999121976433612,2343.777401430524,0.004174661406480596,46276.0,True,exact,0.6370122954011914,12.462999496403192,ok
eb,TIC_153651591,10.0,700,4,9.977810216799721,14.158045583870262,6.42576464756305,4.451349005416107,False,,3.701627790927887,4.290043272872547,66.19405487671288,0.0010385597818337018,8710.0,False,,2.7944537197404764,12.516731123496346,ok
eb,TIC_172871230,10.0,700,1,3.4158022320903623,63.118768124841154,3.413697559976892,16.339777429669823,False,,13.84311404125765,3.4120325561996707,97.62829528633063,0.0044355751101080405,50181.0,False,,0.6746232564519318,13.351818502441105,ok
eb,TIC_29117085,5.0,5000,8,2.6621654681829705,99.49177337484434,13.262448486305395,12.579456321122176,False,,14.560429042205215,13.241573693404789,758.1905217324077,0.0072448715254404,67108.0,False,,0.5042814472364524,13.262448486305395,ok
eb,TIC_233390838,10.0,700,5,6.539338211190521,22.588519249577075,3.2239541137989853,11.008386121504342,False,,4.945714792236686,6.446760495970327,648.8924736333465,0.004128569195015581,23160.0,False,,1.3164140377875073,13.022290555625306,ok
eb,TIC_257052211,10.0,700,8,6.489286431779531,1.1056113331578672,2.2224141355121807,3.867628993369395,False,,2.387258832808584,2.2170421122784627,317.17136531307995,0.002176517052150104,18548.0,False,,1.5960088504749752,12.989817720448045,ok
eb,TIC_29117085,10.0,700,0,3.0661917518013606,89.1363392919302,13.262448486305395,13.904184908905247,False,,13.319046000018716,13.241573693404789,769.7896868662558,0.007300078952895981,67108.0,False,,0.5042814472364524,13.262448486305395,ok
eb,TIC_468977648,10.0,700,7,8.062586027073545,16.698190417140722,2.084275948622669,9.90392394024613,False,,4.961995916906744,2.090911848739064,142.88057879768678,0.004933162259076687,14922.0,False,,1.796052240382795,12.50855902754164,ok
eb,TIC_169904935,10.0,700,6,4.258981257678741,37.16679808264598,5.001935281185391,10.932132337366935,True,half,12.39585879119113,10.000402854716096,119.27444350058337,0.0004770247934898906,43579.0,True,exact,0.6831295919762038,12.54662291830754,ok
eb,TIC_260298958,10.0,700,3,2.5415903810564964,107.71586058381945,0.8896632246569841,19.641194865574157,False,,24.65734383324161,0.8891885599875334,236.7941036006786,0.031196082237481385,91844.0,False,,0.314775571616256,12.181288490966825,ok
eb,TIC_367099243,10.0,700,9,4.7839615564349725,45.03350945888087,1.8321744711700638,12.677965677674582,False,,7.3310839999467134,1.8280219459537668,1140.6364151202176,0.0026361962562740575,33980.0,False,,0.8199962125065704,12.220296308028757,ok
eb,TIC_107728509,10.0,2500,0,5.856509604857053,47.11654350021854,4.997420082535231,7.626074722890774,True,half,7.25817700009793,10.005805214529497,227.6047480038365,0.002051595045608122,26841.0,True,exact,1.1232665734204916,12.852245366284244,ok
eb,TIC_445137888,10.0,2500,4,10.09774756099018,18.52458595810458,4.984502851477494,5.1018633257634445,True,half,3.855128000024706,10.012059153175839,410.3091769291444,0.0021424010730328427,10765.0,True,exact,2.6199509658116016,13.256728744808683,ok
eb,TIC_260849386,10.0,2500,3,8.492105654929606,21.90128824999556,5.029302835168495,5.564528071421946,True,half,4.43379837507382,10.000228069910573,363.28142205986336,0.0020523101935688536,15982.0,True,exact,2.055748171200872,13.885593755506298,ok
eb,TIC_437740083,10.0,2500,2,4.618030956838604,40.41002395795658,5.592060402656665,12.202222154041044,False,,6.088940124958754,5.598579170633118,270.15299068098045,0.003483742971502066,29367.0,False,,1.0379378958294603,12.874843016031484,ok
eb,TIC_427352241,10.0,2500,7,7.116358259402455,15.180818417109549,9.997395118383045,5.991485990294799,True,exact,2.795629291795194,10.004273546510522,570.6132931043103,0.002193860614847782,13263.0,True,exact,1.5351058847639611,10.885900940613611,ok
eb,TIC_267867517,10.0,2500,5,7.67490089829942,36.27863904181868,2.441323617159954,3.378903831564621,False,,4.170086875092238,5.454230953646149,16.89886295153508,0.006912931344657027,14472.0,False,,2.146365319078211,13.581472433834492,ok
eb,TIC_230075120,10.0,2500,6,5.974511860566034,27.74735275004059,4.987326742126638,7.924417838509132,True,half,12.567010167054832,9.996444495469527,188.8790308656029,0.0016683890240303278,27232.0,True,exact,1.1343577784985603,13.007775063319732,ok
eb,TIC_412014494,10.0,2500,9,8.135773824409812,19.398453125264496,5.0289087798353895,5.604211311190876,True,half,3.7688445416279137,10.007030623446301,1234.5338493828438,0.002064123013331803,12448.0,True,exact,1.8674764671280935,11.75454888488172,ok
eb,TIC_9102327,10.0,5000,2,3.604728563503607,5.697949541732669,5.001379612561369,11.238896816576766,True,half,3.9136441671289504,4.999747791263152,209.66296303976097,0.002498570856814482,49089.0,True,half,0.7219148544981,13.677063760260339,ok
eb,TIC_69997672,10.0,5000,0,8.313787762686442,27.568623083177954,4.9950206741837375,7.403325366563066,True,half,5.945017999969423,4.992539910354612,2835.1125255484453,0.0018787677318206667,17489.0,True,half,1.9580606445285513,14.100260017878544,ok
eb,TIC_17129975,10.0,2500,8,5.0911410933536265,46.12344275042415,1.5124581304935918,13.818643230145966,False,,10.532967874780297,1.5145325128631582,189.6033472798421,0.00427136309385337,36071.0,False,,0.9875595027458849,13.848531071745116,ok
eb,TIC_259151170,10.0,2500,1,3.3593018868163402,109.65601620823145,10.009221385179181,11.454522843426112,True,exact,20.45254600001499,10.000126733171632,300.65862816626975,0.0020124481230726476,77435.0,True,exact,0.4789670359941598,13.859257896120639,ok
eb,TIC_192372961,5.0,5000,3,14.513954323939867,303.30005858419463,4.998953739077827,17.237815309463276,True,exact,13.925107874907553,5.007313617697939,14294.908082035863,0.004164976464626368,61104.0,True,exact,0.6014125037610095,13.859131048356167,ok
eb,TIC_180987952,10.0,5000,6,7.168350783242226,17.530589332804084,4.979413924255356,7.919928481834102,True,half,5.402380417101085,9.998528947767385,3491.398357333984,0.0038453870174763004,17278.0,True,exact,1.499640856094107,12.156231582378483,ok
eb,TIC_61733521,10.0,5000,7,3.1313521114502283,4.108116624876857,5.008250403503622,12.6369495422425,True,half,7.221273332834244,5.001372447166685,110.52764387138697,0.0016222906065747518,58326.0,True,half,0.5129330364601061,12.489610950094281,ok
eb,TIC_284050395,10.0,5000,4,3.410849120381319,28.953253999818116,5.020631807136979,7.2529551907925045,True,half,8.022649624850601,5.002296739760187,999.1611314423776,0.002767978031932323,27918.0,True,half,0.5480972110892814,9.025050465634642,ok
eb,TIC_166697854,10.0,5000,9,6.113545689397865,1.8991325828246772,9.969725318579274,8.867843081511937,True,exact,2.3104919577017426,10.012049626534495,548.9396351560679,0.00278541197413302,20302.0,True,exact,1.624071427120189,13.67725896128103,ok
eb,TIC_97158538,10.0,5000,8,8.736360864759598,16.99548749998212,10.052499615890788,6.250570624108571,True,exact,2.8134687091223896,9.995467593292243,9412.704688770504,0.0036203729080998186,13964.0,True,exact,2.017503196675343,12.919619332160881,ok
eb,TIC_265077027,10.0,5000,5,4.630989092630464,43.7977532078512,5.016751942031266,7.109863754181601,True,half,5.22236775001511,4.795915173649383,780.5323469076912,0.004733437729845346,32686.0,False,,0.8886456247395239,12.503509087360495,ok
eb,TIC_1101909431,10.0,5000,3,2.333907746817894,56.16559095820412,8.199539301762869,5.584948971709249,False,,9.450223916210234,6.151023707866894,17.63671933668384,0.008508651653711723,102251.0,False,,0.37479259818388594,14.031092094071928,ok
eb,TIC_271167979,10.0,5000,1,2.4389531303081986,83.67001654114574,0.6192092653247063,17.618916424351845,False,,10.476049958262593,0.618855619393918,232.53728827006398,0.008430689306179517,89064.0,False,,0.37518400812191827,13.114718689546851,ok
eb,TIC_438490744,10.0,700,2,0.6610018115038718,375.7123349579051,1.666448495667169,23.508914523955173,False,,,,,,,False,,,,error: ValueError: The maximum transit duration must be shorter than the minimum period
