host,bucket,cadence_min,period,depth_ppm,repeat,duration_h,n_points,window_old_pts,window_new_pts,protected_old_h,protected_new_h,transit_pts,old_status,old_recovered,old_SDE,old_snr,old_period,old_scatter,new_status,new_recovered,new_SDE,new_snr,new_period,new_scatter,status
TIC_425721385,20-sec,0.3333298279903829,2.0,250,1,3.5562803453395335,74016,401,2405,2.2277543504023924,13.360970605281182,640.1371938623155,ok,False,6.019869126388424,3.0932436596060495,1.3203495914618992,0.0020140421638107143,ok,False,3.2919375431587206,5.999685199354132,7.781628396963579,0.0020228436156662795,ok
KELT-10,20-sec,0.3333291561284568,2.0,250,2,2.5460470417365397,81310,401,2405,2.2277498601251864,13.360943674815644,458.2942106790124,ok,False,18.830869972377954,12.90995719405409,4.164247498713328,0.0027081387571660557,ok,False,19.047378145235673,49.56157766867251,4.164247498713328,0.0028333026583085754,ok
TOI-1011,20-sec,0.3333328487497056,2.0,250,0,2.0713289812860785,98349,401,2405,2.2277745391438657,13.361091687384032,372.83975864762255,ok,False,10.002806795165961,5.131924062416322,1.7553705806955828,0.0009238761947491115,ok,True,14.656859903127485,12.001524232483527,2.0000448930560375,0.0009254672887126727,ok
HATS-52,20-sec,0.3333351976471022,2.0,2500,0,2.2034441650190715,80052,401,2405,2.227790237608133,13.361185839021346,396.6177314437398,ok,False,14.16362121828996,6.734013325112062,2.7340374591466574,0.015437433012483775,ok,False,14.428369463156534,49.251498299908604,1.3688118417715862,0.015835823947728627,ok
K2-62,20-sec,0.3333251315052621,2.0,700,1,1.7353724180694727,56380,401,2405,2.227722962226835,13.36078235450259,312.37472138378087,ok,False,5.1182313710337395,3.3283741445745214,1.263024359331508,0.005263173535709938,ok,True,5.382830258026788,3.322246700070085,2.0005584679801953,0.0053013005640430025,ok
WASP-144,20-sec,0.3333298325742362,2.0,2500,1,1.8958256625130474,79181,401,2405,2.227754381037812,13.360970789017301,341.2522031776126,ok,False,10.13301057967114,5.30367974192141,2.279651072216693,0.009551792662071339,ok,False,17.659945102431703,43.93331790060374,2.279651072216693,0.009722657420289597,ok
K2-199,20-sec,0.333330499852309,2.0,2500,2,1.6671303564113997,66266,401,2405,2.2277588406795985,13.36099753574672,300.0860150181396,ok,False,4.831529029998631,4.01377774802505,1.2470275823338395,0.004660953282384119,ok,True,17.423402173629974,14.94718883213813,2.0007400099611727,0.00471992623646352,ok
K2-249,20-sec,0.3333378772367723,6.0,700,0,4.5035723634472085,90886,401,2405,2.2278081461990946,13.361293245907289,810.631975120239,ok,False,5.711754313100519,3.4098875132243336,3.8543744147135786,0.007062547745190804,ok,False,3.619075732268082,4.386423706321538,6.305243870266662,0.0070809600454721415,ok
K2-37,20-sec,0.3333526280766818,6.0,250,1,2.6979727752291005,73437,401,2405,2.2279067309791567,13.36188450874033,485.6069905544852,ok,False,5.584212608198408,3.770627616451471,1.3621892469030545,0.006103125284203557,ok,False,7.2419662234225415,5.212928462684085,7.052246663705895,0.0061209901648335,ok
K2-242,20-sec,0.3333351950277574,2.0,700,0,1.1145055709133076,91718,401,2405,2.2277902201021784,13.361185734029275,200.6098823414973,ok,False,6.224237124955614,3.695612255451206,0.23022405630350068,0.04279036458443296,ok,False,5.152277644032691,3.5686022694592006,0.29715399106733065,0.04288695985736973,ok
EPIC_220674823,20-sec,0.3333512830431573,6.0,250,2,3.211148614047705,72811,401,2405,2.227897741671768,13.361830595313222,577.9756270442145,ok,False,6.584387024050969,4.325148161992227,0.7217707925621455,0.005228774852844385,ok,False,4.82773607922549,3.976295921068179,1.3343793179153776,0.005250369690802908,ok
HD_203387,20-sec,0.3333654491143534,2.0,700,2,7.28755868710282,92964,401,2405,2.227992418247595,13.362398418666999,1311.6341912091177,ok,False,7.439187893648876,14.061735506570109,6.376056239319099,0.000515126065349845,ok,False,6.868073919275048,25.053924917046082,6.716907261968086,0.0005482210180828046,ok
TOI-6054,20-sec,0.3333284881955478,6.0,2500,0,5.055498073157482,95244,401,2405,2.227745396106911,13.360916901838207,910.0028804363697,ok,True,7.253804283222172,7.4715909654214725,1.9998949399374029,0.0006324087473373343,ok,True,11.978165984919944,41.98490575560751,6.013558362914887,0.000659492874539311,ok
BD+05_4868_A,10-min,10.000067907676566,2.0,250,1,1.6954752814903773,2401,401,79,66.83378718297172,13.166756078440812,10.172782607939151,ok,False,15.315364670339216,42.56800574094838,1.2700034740691346,0.0011246055495007558,ok,False,17.412398920296873,27.76777362640814,1.2729844750106794,0.0005192169008183058,ok
NGTS-10,20-sec,0.3333291548187844,6.0,700,1,2.4748288395235902,82621,401,2405,2.227749851372209,13.360943622319608,445.47477538273665,ok,False,19.36621906989387,9.21504844070554,0.7666387468087044,0.050348988874404844,ok,False,15.65716274108526,19.65896549418427,0.7666387468087044,0.050638919187844654,ok
TOI-5350,10-min,10.000925310887396,2.0,700,0,2.617307705015068,3000,401,79,66.83951749443077,13.167884992668405,15.702393270545265,ok,True,10.158596282201076,11.479241747661234,1.9951799135743435,0.0009653665459715432,ok,False,8.649959056092523,8.605702380211845,7.590704311648166,0.0009525441596689757,ok
TIC_287329267,20-sec,0.3333299949736101,6.0,250,0,9.251158755753593,77551,401,2405,2.2277554664069608,13.360977298525539,1665.2252533983951,ok,False,6.484184394057189,3.644753225355093,0.7747694460279443,0.0027505516376971364,ok,False,4.96714252358742,3.0051063025085174,1.145706767292141,0.002761084927429499,ok
Kepler-356,20-sec,0.333330499852309,6.0,2500,2,3.9945711784446827,97470,401,2405,2.2277588406795985,13.36099753574672,719.0289241844807,ok,False,5.467945495747703,3.9134792250745347,1.193506458823973,0.012382739324569653,ok,False,4.496787218927562,4.958212591462589,8.764162147292653,0.012402297833163066,ok
TIC_51318828,10-min,10.00014626144548,2.0,700,2,2.9453855620910256,3514,401,79,66.83431084732729,13.166859244236548,17.67205489851675,ok,False,14.029075252936329,35.061293274124345,6.896429251434088,0.001203208926481291,ok,False,13.358021629979794,16.522811587212033,6.896429251434088,0.0011103279186549513,ok
TIC_62895484,10-min,10.000988490137388,2.0,700,1,1.920388224715035,3033,401,79,66.83993974241821,13.167968178680894,11.52119048997318,ok,False,10.432844879138763,7.775118904371309,2.8418759937674367,0.001553937429653858,ok,True,6.370813548739317,5.365675041040473,0.6672768930473567,0.0015024713568549605,ok
TOI-5350,10-min,10.000925310887396,2.0,2500,1,2.617307705015068,2999,401,79,66.83951749443077,13.167884992668405,15.702393270545265,ok,True,11.133664841829184,29.76812318275811,2.0046041629925355,0.0010095586668952138,ok,True,12.087389375135349,18.09376783935449,1.9951799135743435,0.00104224548543317,ok
WASP-80,20-sec,0.3333345205464866,6.0,700,2,2.2149018285234323,57446,401,2405,2.227785712319019,13.361158698571671,398.68090917655985,ok,False,28.073607956296932,7.562973207845625,12.273897923890647,0.003155596477701302,ok,False,21.96520939993427,8.15521664103397,12.273897923890647,0.003164329360311272,ok
TIC_239541449,20-sec,0.3333351910987403,6.0,2500,1,2.1365267947675504,114667,401,2405,2.227790193843248,13.361185576541175,384.5726797206965,ok,False,15.335530641207116,7.788940748936494,1.9280287782497014,0.0038011800761461093,ok,False,19.212959829366795,27.87702291150952,1.9280287782497014,0.003834124111161891,ok
TIC_129432342,10-min,3.333372032138868,2.0,250,0,7.28755868710282,7780,401,241,22.278036414794766,13.389044329091119,131.1745334785221,ok,False,16.53336921713381,20.63765924378335,1.7921604690213917,0.0013494678751558155,ok,False,17.505527528440716,17.800535318623208,1.7921604690213917,0.001344844591053805,ok
TOI-5350,10-min,10.000925310887396,6.0,250,2,3.774810912920251,3000,401,79,66.83951749443077,13.167884992668405,22.64676994724185,ok,False,9.153400119105173,7.985214999649664,7.590704311648166,0.0009434148110965896,ok,False,9.70106867769615,8.716556405247006,7.590704311648166,0.0009320842733695754,ok
BD+05_4868_A,10-min,10.000067907676566,6.0,700,1,2.4452984961963287,2401,401,79,66.83378718297172,13.166756078440812,14.67169134513092,ok,False,15.208596458618421,42.46914205346385,1.2700034740691346,0.0011267107797035734,ok,False,17.44577006205585,26.860892102924545,1.2729844750106794,0.0005218555165913035,ok
HIP_90988,10-min,3.3334109150018776,2.0,2500,0,7.28755868710282,7687,401,241,22.278296281929215,13.389200508590875,131.17300338170966,ok,True,18.076362122445982,11.677069679102361,2.001205414806583,0.0002385605050618118,ok,True,17.761524812003113,11.409608149425827,2.001205414806583,0.00023405264857515997,ok
HIP_34222,10-min,10.000945762731137,6.0,700,2,2.2827664928274336,3133,401,79,66.83965418091977,13.16791192092933,13.695303706180914,ok,True,12.958106168916968,16.120837775831387,5.992735121973214,0.0003025692427320913,ok,True,14.817406936390269,9.69785174384582,5.992735121973214,0.0002858047082800772,ok
HIP_114933,10-min,3.3333190499979537,2.0,2500,2,7.28755868710282,7696,401,241,22.277682317486324,13.38883151749178,131.17661845974138,ok,True,25.762105159491497,19.636430726366378,2.000049716203616,0.00023632905150365718,ok,True,28.452077812716503,20.096344455666138,2.000049716203616,0.00022456373437237942,ok
TIC_18942729,10-min,10.000993189241854,6.0,2500,1,2.9947149334879226,3024,401,79,66.83997114809972,13.167974365835107,17.966505186960994,ok,True,12.65520607705698,12.027976752814608,5.99304854073793,0.0010533474289795063,ok,True,9.049804395023282,7.434299140291686,5.99304854073793,0.001016680252885504,ok
CT_Cha,10-min,3.333396521047689,6.0,2500,0,5.2854135561519655,11273,401,241,22.27820008233539,13.389142692874884,95.1356405896306,ok,False,3.6213601956105874,13.215591118943697,4.223567079400109,0.004235248491121365,ok,False,5.073064652928685,10.976727239349469,2.9695044952925977,0.003279549562690818,ok
TIC_383666033,30-min,30.00063482591941,2.0,250,0,2.2472200955213006,816,401,27,200.50424275322806,13.500285671663734,4.494345086817539,ok,True,6.281753405103789,5.034982989670118,3.9617110717088253,0.0005875576998986701,ok,False,7.067733814152152,5.0942310809643905,1.2650717299576801,0.0005135442581444428,ok
TIC_185405474,30-min,30.000457938294858,2.0,250,2,4.996246620139591,1220,401,27,200.50306055427063,13.500206072232686,9.992340711096954,ok,False,4.367529914743475,14.806071719320592,2.245934652151062,0.00259997726913951,ok,False,5.971662045969617,12.164449387564321,3.1263591510508277,0.00038259182214400543,ok
TIC_373729723,30-min,29.99949080254737,2.0,250,1,1.810866678915223,821,401,27,200.4965968636916,13.499770861146317,3.62179483145385,ok,False,4.003618444966335,4.3311165537544305,4.9529498455573355,0.0010927106386336859,ok,False,5.7262213581366135,4.17559273052203,1.2749032975426582,0.0008055071374323564,ok
TIC_348135793,30-min,30.000052724517445,2.0,700,0,4.603528545194121,971,401,27,200.50035237552493,13.50002372603285,9.20704090916194,ok,True,7.614380159898433,29.078919207282965,1.982504650819473,0.0005571510798263445,ok,False,5.919409552232843,6.958716236758125,1.9655872172702142,0.00038048400454308,ok
TIC_445839811,30-min,29.99944748415146,2.0,700,1,1.8865734730677652,980,401,27,200.49630735241226,13.499751367868157,3.7732164381982662,ok,True,9.43322842259692,6.366088631853681,4.000056133912373,0.0007239900935368675,ok,True,8.811442629697613,5.153606412265186,4.000056133912373,0.0006800317093908771,ok
HD_125136,10-min,3.3333723543182714,2.0,250,2,7.28755868710282,11656,401,241,22.278038568027114,13.38904562317839,131.17452080015065,ok,False,4.135079528752829,12.567291954939964,5.62399768061016,0.00025240974287728723,ok,False,6.166144175259104,7.98786810984407,1.606725954057428,0.00023813317782866688,ok
TIC_387603144,30-min,30.000567727802263,2.0,2500,0,2.530849816315251,898,401,27,200.50379431414513,13.500255477511018,5.061603845522931,ok,True,16.26445934546745,13.968267317734886,2.0021724208588365,0.0006114717004806504,ok,True,17.017589514935207,9.136490826075615,2.0021724208588365,0.0005659235011220992,ok
TIC_156678143,30-min,29.999807701678947,2.0,2500,1,4.839966643982125,1088,401,27,200.49871480622096,13.499913465755526,9.679995336192615,ok,True,8.863801408096135,27.93986377640407,2.006864721865504,0.0006514645965306117,ok,True,8.66800224273161,11.997094007916134,2.006864721865504,0.0005649700487684569,ok
TIC_78672342,30-min,30.00046133001888,2.0,700,2,7.28755868710282,973,401,27,200.50308322229284,13.500207598508496,14.574893246346424,ok,False,9.18523651284374,6.156328022724356,2.9776380321590987,0.0005170274388265418,ok,False,12.035243522904578,8.086352974914236,2.9776380321590987,0.00034389427862594423,ok
TIC_376838000,30-min,30.000283030403807,6.0,250,0,6.293305276022853,945,401,27,200.5018915865321,13.500127363681713,12.586491806717085,ok,False,6.433285075670968,6.946869872476399,9.95908356471853,0.0002814398732442732,ok,False,4.191763722520431,3.8847033775187896,2.5964861193590187,0.000264995171794298,ok
TIC_470852531,30-min,30.000318569509545,2.0,2500,2,3.119926928733456,951,401,27,200.50212910622213,13.500143356279295,6.239787597264428,ok,True,10.326248100373325,9.33842442011306,1.99652259511008,0.0004525783509736387,ok,True,11.40643153577089,7.231629512719102,1.99652259511008,0.0003949883742925865,ok
TIC_329145325,30-min,30.000320097733493,6.0,700,0,4.971711168058054,1015,401,27,200.50213931985218,13.500144043980072,9.943316241683029,ok,False,9.090093709174631,18.395189167166407,2.155950802064894,0.0015383421876360179,ok,False,9.74019887773491,9.258446295151867,2.155950802064894,0.0013212807675109354,ok
TIC_423703298,30-min,30.000129306790768,6.0,250,1,2.5976154390008737,822,401,27,200.50086420038497,13.500058188055846,5.195208485477194,ok,False,4.9411474247068625,2.472468118162505,3.6654444663936436,0.0008090755745660533,ok,False,4.750184961719512,4.567229982846937,1.4571631848636901,0.0007085179535542125,ok
TIC_449197624,30-min,30.000594312350582,6.0,700,2,6.041573064981938,1145,401,27,200.50397198754305,13.500267440557762,12.082906762606545,ok,False,9.683152809213226,10.247594702309655,3.4005157183013814,0.001116928327051407,ok,False,9.905953111860155,9.163180734776843,3.4005157183013814,0.0009860684565896555,ok
TIC_124702477,30-min,29.999428259470733,6.0,2500,0,6.167439170502395,1054,401,27,200.49617886746273,13.49974271676183,12.335113423814041,ok,True,8.176277019255947,10.014460672136664,6.022855932635871,0.0005133128894378419,ok,True,7.54777145292326,8.010895546929321,6.022855932635871,0.00048587627597826004,ok
TIC_139285736,30-min,29.99947587359202,6.0,700,1,2.7375877950699405,1181,401,27,200.49649708850666,13.499764143116408,5.475271247948278,ok,False,16.87686323307362,11.598370441776154,1.5510788730888105,0.001104748708830476,ok,False,18.244205155396443,11.651521846085828,1.5510788730888105,0.0009080403143543042,ok
TIC_141405814,10-min,3.3333022829174297,6.0,250,1,21.86267606130846,9588,401,241,22.277570257498155,13.388764169718343,393.5318349016958,ok,False,9.107368073986459,10.74215429885046,1.1362601234750145,0.000758463921792034,ok,False,10.927341169976096,7.760403457823566,1.1362601234750145,0.0007491632788739127,ok
TIC_403256331,30-min,30.000221172776943,6.0,250,2,14.537535187612791,859,401,27,200.50147817139256,13.500099527749624,29.074856023004052,ok,False,8.355594829571714,11.142630590860929,11.461299423556186,0.0006594520513286287,ok,False,6.130824308375702,4.558040226872923,0.7722991500663609,0.00028514118665503115,ok
TIC_9102327,30-min,30.00013368420696,6.0,2500,1,3.5557174809529113,1190,401,27,200.50089345611653,13.500060157893133,7.111403272495593,ok,True,12.608558304441829,16.78310241490049,5.99777389570278,0.0005466737678374006,ok,False,12.598942496988103,11.33579985623696,3.2617422628078208,0.0005270120525460388,ok
HD_13189,10-min,3.333280140941497,6.0,250,0,21.86267606130846,11273,401,241,22.277422275292338,13.38867523278168,393.53444901513626,ok,False,6.539456219805869,22.598698182202433,12.553294277913398,0.0001733004898116083,ok,False,5.651055400461707,12.525384914204507,6.318109501290956,0.00016743381020314314,ok
TIC_175476629,30-min,29.99971794197336,6.0,2500,2,2.643188215929598,1196,401,27,200.4981149121886,13.499873073888011,5.286426134489979,ok,True,14.16438282889719,8.22340033526532,5.9937502070553474,0.0013828635195917496,ok,True,9.846621175597337,5.95575029541552,5.9937502070553474,0.0013051612990816984,ok
TIC_173860688,10-min,3.3333200532069895,6.0,700,0,14.222869923811645,9397,401,241,22.277689022266713,13.388835547048075,256.0126785928248,ok,False,11.928996708321222,8.342990560410167,0.8445589897317405,0.0014130436380707916,ok,False,11.904491765289682,7.941757966376612,0.8445589897317405,0.001402226051325615,ok
TIC_129432342,10-min,3.333372032138868,6.0,2500,2,14.789267398653703,7780,401,241,22.278036414794766,13.389044329091119,266.2037226459381,ok,False,16.294640243434145,20.158846700887253,1.7921604690213917,0.0013593575812577963,ok,False,17.50700351170201,17.76806496331408,1.7921604690213917,0.0013380615158273164,ok
