host,bucket,raw_var_oot_rms,raw_var_excess,raw_var_ls_amp,raw_var_ls_power,raw_var_ls_period,old_var_oot_rms,old_var_excess,old_var_ls_amp,old_var_ls_power,old_var_ls_period,new_var_oot_rms,new_var_excess,new_var_ls_amp,new_var_ls_power,new_var_ls_period
TOI-5238,20-sec,0.0058594428056297256,1.031117761883171,0.0005572719453425102,0.08640365186124638,4.41050222542973,0.005800797693776341,1.0202059264942407,1.8080915974955488e-05,0.0001659648291986313,0.5271214505846604,0.005809357901689115,1.0216839311899546,0.0001514690397672236,0.00921769949815377,0.30461574746801806
TIC_403308915,30-min,0.00035454597683682915,1.0788785633254723,0.00011898075370492917,0.051069402346207306,1.8481318039063088,0.00035775372965355187,1.0886434013128652,0.00012464196053588143,0.05568203540853146,1.8481318039063088,0.00032444140157152,0.987246915891635,8.697108470133066e-05,0.03495270175932591,0.22035417661959839
EPIC_212297394,20-sec,0.0245963853822858,1.0185278728240177,0.0009360258356486097,0.019400965015492773,3.589229424136754,0.024540255419645107,1.0169782021130096,2.4541009032761407e-05,1.7799120107149036e-05,0.25058275240379807,0.02460089151211999,1.0192230652301992,0.0003837631575486713,0.00370412808654583,0.24022401657608197
TOI-6628,30-min,0.0009563218891631782,1.0251628432993334,0.00019008714860736453,0.019750509892490543,3.7500393187220125,0.0009510979795780731,1.0195456995738255,0.0002263585715263584,0.02851545635316907,5.113689980075472,0.0008572461607760511,0.9188694031630503,0.00013401073083561693,0.011601043287745177,0.22366039674286362
Barnard's_star,20-sec,0.0005294822846258717,1.0855195884907156,5.916658918082407e-05,0.05733295416830035,10.863686798922526,0.000514739128256285,1.0554252990852446,1.8931144207813607e-06,0.0001961237525812253,0.3992399718537334,0.0005204580095484685,1.0671554243038062,2.111692280658521e-05,0.012079920614167329,0.23148342064832692
HD_154088,20-sec,0.00031814053689623067,1.0983458717208654,4.010376239680558e-05,0.0871046395744637,2.8294088010602003,0.0003098169908922341,1.069653572433751,1.1404366921577697e-06,0.00016822900921926645,0.5963949923803364,0.00031171289770104215,1.0761974712161024,9.171533596324988e-06,0.008441434632573049,0.2816309686240478
TIC_154870955,30-min,0.0011692974236272658,0.8497109973087593,0.00035988298048585533,0.04710176698376934,4.912545166909149,0.0011618946136220376,0.8442653725268605,0.00037955831861652,0.054083324931986566,5.1172345488636966,0.001032995067623825,0.7506302830732218,0.00015260063993148218,0.010666443667191645,0.2876197404513553
TIC_35883621,30-min,0.00044393081075322,1.9433954498264197,7.317931109928466e-05,0.01530362465441739,2.49150266010414,0.0004374425341639181,1.915010185969686,7.936457433251335e-05,0.01816439528113392,4.069454344836761,0.0003947771762134184,1.7282035925242738,6.077366925654802e-05,0.012821872441395262,0.21800648275911227
TIC_249862365,30-min,0.00027895461563760116,1.5855674366516763,0.00014424330643808238,0.1222629676955786,10.615544395458198,0.0002726328180171603,1.5495643365305283,0.00011633439671169241,0.09212084948822824,3.6490933859387553,0.00019971164207933681,1.1351295339100484,9.226173871581549e-05,0.09587271672880034,0.24739616175855966
TIC_38825265,30-min,0.0015454593848053505,1.1449403095117714,0.0008115085719501715,0.12157468868550578,3.054783378848275,0.0015272539775663643,1.13153099024711,0.0007759096943389733,0.1254760461496243,3.054783378848275,0.001212710045118683,0.8988102336035327,0.00020154198443374948,0.013066460829142482,0.26830045941852804
HD_109833,20-sec,0.004329830017087848,3.740667654191862,0.005083344067865858,0.8395275450830983,5.08120278876094,0.0015138797115011459,1.3065732580151739,5.584216065988289e-06,0.00023676665247812233,0.391090112358165,0.0015256567933592808,1.3167617622817778,4.966031430440821e-05,0.012405857268914014,0.3229537397425611
TIC_384549882,20-sec,0.0015356900338939412,1.2406965873279303,0.0008129589375385016,0.41210606074593537,1.9605832736694557,0.0013136288479861547,1.0612904810735744,4.008503075980985e-06,3.8959015763761455e-05,0.4038410729817484,0.001350642041796075,1.091204052161909,0.0003205345386796175,0.16990692431790122,0.3038904074187656
Kepler-480,20-sec,0.012404156482526909,1.0206435650238488,0.000884756815475516,0.046579776413187196,7.730525926188829,0.012288808732955313,1.0110589600544062,2.964163559515057e-05,0.0001019549151594378,0.36448752756269126,0.012310010132292333,1.0126321745899436,0.0002690648427638376,0.006803954292851715,0.36648872586288495
TIC_4672985,20-sec,0.0037994908101368174,1.023809932518389,0.00011643986488478037,0.011664344027569832,2.5942710493620544,0.0037807393853093504,1.0187214917284142,7.410337303582128e-06,6.390473436570985e-05,0.3972477544335646,0.0037986300560195266,1.023537509079363,9.568852347566162e-05,0.00884522495405306,0.28123734827155017
TIC_54364414,30-min,0.00041197132657256203,1.0125045685429597,0.00014003915309596283,0.048113074548388195,0.6901762637522347,0.0004087944162903721,1.0047280666856615,0.0001413867483909892,0.05059502962366062,0.6901762637522347,0.00037490922329794246,0.9214330612515678,7.731198153650444e-05,0.01965878666532801,0.22916532252744104
TIC_34085383,30-min,0.0006826661635192229,1.0891892161520633,0.00019078950636409656,0.03352760599075015,12.801856325825385,0.0006549934066002686,1.0450576224217856,0.00018636390405270614,0.03343801322612971,5.120742530330154,0.0005989313155396125,0.9556785654868113,0.0001575541320986224,0.029717189339878877,0.28963475850283676
WASP-159,20-sec,0.0065277076908113706,1.028235043124508,0.0006613613600452808,0.0675666743591433,3.8526600436601695,0.006388543560590116,1.0063487612572624,8.408336640808987e-06,2.824857807004888e-05,0.21260498568693245,0.006422276742590569,1.0116390351091373,0.0003180153760196786,0.028587896208947455,0.34927961934281754
TIC_237913194,20-sec,0.004978837229978655,1.025300151860703,0.00020380254297505513,0.017822427921078163,4.101729005868492,0.004939540638179466,1.0172062902653298,7.25294604605874e-06,3.57812309552281e-05,0.21895350565134303,0.004977624240993628,1.0250577083853032,0.00014779001644233701,0.010484543530284012,0.276521056575404
Kepler-1239,20-sec,0.10170404857974803,0.9881795474162413,0.009341050770030612,0.07034214960560324,4.722480131121552,0.0997612210948162,0.9681770560000018,0.00021797236900321197,8.058272047122913e-05,0.6871973982051359,0.10032005641835066,0.9750563661365406,0.002552890252687079,0.008932304163937518,0.25464274483308147
TIC_152714791,10-min,0.0009637174658216225,1.0102285752376392,0.00012257670542573437,0.02201446233490203,0.640646777439598,0.000954139615072172,1.0002092942206477,0.00010187438382718265,0.015930125777314962,0.317787847384286,0.0009503993007709153,0.9962852681084611,0.00010028089485541519,0.015968380814613353,0.317787847384286
Kepler-1982,20-sec,0.01043181878773177,1.1240853729344507,0.0020690697067273426,0.17860230852305767,4.722495179490507,0.010011029975686,1.079342493000946,3.0262469604787605e-05,0.00016498596469502548,0.32540095576896716,0.010038947705778636,1.0822171764409536,0.00021636949052124531,0.006520466383892,0.42480132020756906
HR_8799,20-sec,0.007191417703342366,27.972684696288074,0.007827503546962178,0.5273784366953322,0.5055596059517055,0.00042823079272885536,1.6665422462520638,7.421936266385855e-06,0.0019643798767841904,0.5055596059517055,0.0026306780133264576,10.23804566500182,0.002940192518581621,0.6309207602379446,0.5055519076886996
TIC_410528770,30-min,0.0004204098391535978,1.0029857348673064,0.00017869175822056142,0.06520663148453601,2.768919835907767,0.00042875891660721396,1.0228331390567857,0.00015907510072048255,0.05243380070389757,2.705989839637136,0.0003943729333952797,0.9407574888082173,0.00012650420895042854,0.048275905712331646,0.2749735633811408
TIC_285674856,30-min,0.0009919216495639393,4.50730778536908,0.000295108337009129,0.048224469154135245,0.8779905270172722,0.0009855823513571307,4.478434400493072,0.0002898269904207962,0.047661654302348914,0.8779905270172722,0.0009099443781466294,4.1347643361988435,0.00016446450967749448,0.019875447968959344,0.290479452968401
