injected_period,injected_depth_ppm,repeat,source_file,recovered_period,recovered_sde,recovered,alias,elapsed_s,sigma_point,n_points,baseline_days,n_in_transit,expected_snr,snr_bin
1.0,500,3,TIC_127425841.csv,1.519377962031891,11.801986279530416,False,,8.517076957970858,0.0002907151706823991,833,22.979040222901176,41.650000000000006,11.099663469498722,10-20
1.0,200,1,TIC_54044474.csv,3.707854842800829,16.07977893447306,False,,67.31556754198391,0.0008521620322546094,15515,23.90824101531507,775.75,6.536852828498041,5-10
1.0,200,2,TIC_347098457.csv,3.1539855658808778,13.642880729862352,False,,79.36584762507118,0.0014610077635151338,16875,25.00265528162936,843.75,3.9763478089491677,<5
1.0,500,2,TIC_312221462.csv,0.9986937741324964,12.953430112147595,True,exact,82.36897345806938,0.001279973405332999,15973,24.18842933396445,798.6500000000001,11.03944667887672,10-20
1.0,200,0,TIC_184679932.csv,2.170120451728721,16.849798882510523,False,,84.61943962506484,0.0007229056040823078,14228,23.813555519551755,711.4000000000001,7.379132941478219,5-10
1.0,500,0,TIC_39077574.csv,3.5772109950811095,8.0435462366132,False,,92.48228004202248,0.007412349001005454,15403,25.947039051073716,770.1500000000001,1.8719825879777967,<5
1.0,1000,0,TIC_260609205.csv,4.467773113552906,15.223615809036245,False,,91.58170724997764,0.005147432680857807,18235,27.88072432013928,911.75,5.866069585729199,5-10
1.0,500,1,TIC_284564230.csv,0.9992415442080816,15.305935608775952,True,exact,118.32750812498853,0.0012210347543476867,19610,28.200402907915304,980.5,12.822295398311844,10-20
1.0,200,3,TIC_23389848.csv,8.012632224981724,8.14589765841143,False,,137.83875054097734,0.0012040029735238432,18958,28.199724666487782,947.9000000000001,5.114270536930395,5-10
1.0,1000,1,TIC_392112968.csv,1.1963841672763609,9.466169006147467,False,,113.81417904200498,0.017196864733974228,18849,26.916946087777433,942.45,1.7851712508175877,<5
1.0,1000,3,TIC_232967666.csv,1.0006006072058171,18.61906867456231,True,exact,123.48911525006406,0.0012595226407392465,18613,27.34585859957315,930.6500000000001,24.220729096533578,20-40
1.0,3000,0,TIC_402740809.csv,1.000635456103481,17.415206347345723,True,exact,123.56385495804716,0.005457578953273821,17330,24.91967334161245,866.5,16.181005704779853,10-20
1.0,3000,1,TIC_156816238.csv,2.143512038249624,14.257893601459308,False,,119.66305191710126,0.005504026135568994,15402,26.034205791085697,770.1,15.1256598264215,10-20
1.0,1000,2,TIC_377304435.csv,0.9992325514262632,14.327855525560668,True,exact,153.30915758304764,0.001972512748646489,19533,28.200286079260877,976.6500000000001,15.843446380808276,10-20
3.0,200,1,TIC_169177766.csv,1.6889547936699545,12.601346757909536,False,,6.419586749980226,0.00033263146555911514,836,26.791778109916095,41.80000000000001,3.8873604090523646,<5
1.0,3000,3,TIC_330332501.csv,0.9999519765969024,20.73454956431879,True,exact,151.57119562500156,0.0014305266018000144,18881,27.162844470629807,944.0500000000001,64.43514567865968,40-80
3.0,200,3,TIC_219766989.csv,1.0221310361813527,18.04644832683534,False,,6.398616833030246,0.0008704494708601446,981,24.166713097514958,49.05000000000001,1.6091848527489123,<5
3.0,500,0,TIC_328167090.csv,0.7124033600714255,12.26164828787526,False,,5.566807833034545,0.00032460577805250236,909,22.833479687770478,45.45000000000001,10.384383107288468,10-20
1.0,8000,3,TIC_256886630.csv,1.0003163206813086,27.472438433348792,True,exact,83.08845595794264,0.00047461905681375765,12632,26.044897444858407,631.6,423.60968000964846,>80
3.0,500,1,TIC_399613138.csv,8.183521224843945,8.425897058153847,False,,15.63446800003294,0.0016467670796898662,2623,27.152409608019752,131.15000000000003,3.477138385022413,<5
3.0,200,0,TIC_458856474.csv,6.088793338383917,14.010809638639,False,,90.54410474991892,0.00043675303928897296,15975,24.43660019398385,798.7500000000001,12.941943377491096,10-20
1.0,8000,2,TIC_49967354.csv,0.9991880509436258,20.78119226707065,True,exact,134.80325491703115,0.0017183660790976302,19611,28.199707949247568,980.5500000000001,145.78376697020866,>80
3.0,200,2,TIC_46772529.csv,10.669251573357242,17.749861571588976,False,,110.8287087500794,0.005452311376338826,19078,27.330140990252403,953.9000000000002,1.1329239817372905,<5
3.0,500,2,TIC_353586703.csv,3.0048947175123772,19.34316398063499,True,exact,60.910979499924,0.003931893613043772,12468,26.850287555598698,623.4000000000001,3.1750578666363363,<5
3.0,1000,0,TIC_339538183.csv,2.604749134400609,11.282068035265196,False,,51.353613708983175,0.0007138262793088249,9834,25.08608095115369,491.7000000000001,31.06401389542957,20-40
3.0,500,3,TIC_352924930.csv,2.9913026704901116,10.17349293580195,True,exact,64.15880404191557,0.0012841512594164728,13890,24.440618681099295,694.5000000000001,10.261006136529442,10-20
3.0,1000,1,TIC_327017634.csv,3.004366507892097,11.354831197140934,True,exact,48.881518041016534,0.0005437261773143144,11700,22.54745071511752,585.0000000000001,44.48337095771993,40-80
3.0,3000,0,TIC_284050395.csv,3.010456170050548,10.96751900700712,True,exact,41.69429695792496,0.00110689955440205,11133,18.0501009312693,556.6500000000001,63.94464031196583,40-80
3.0,3000,1,TIC_344926234.csv,2.997478158189683,16.771353007690404,True,exact,65.87492674996611,0.0006709438693737956,13033,24.15721886352594,651.6500000000001,114.14115570273218,>80
3.0,1000,2,TIC_267527924.csv,2.9972253617408064,11.853392561504396,True,exact,88.9985573340673,0.0011484585985226837,16906,25.027920357097628,845.3000000000002,25.315708762899185,20-40
3.0,3000,2,TIC_347442932.csv,1.3288727463142609,13.90419521888201,False,,99.67284825001845,0.0076952928671765435,16073,23.82955308443934,803.6500000000002,11.05171244325335,10-20
3.0,3000,3,TIC_178959058.csv,2.9986646821918286,14.350963350328533,True,exact,115.17758170794696,0.0009054338037698876,17318,24.724150822774845,865.9000000000002,97.4986090591741,>80
3.0,8000,1,TIC_273774284.csv,3.000019939746394,12.4972360645974,True,exact,114.3678610830102,0.01306679067094171,18603,26.703698159481064,930.1500000000002,18.672288478303635,10-20
3.0,8000,0,TIC_268439377.csv,2.9946015755337503,12.413098477668644,True,exact,126.49544633401092,0.007225050477833139,19097,27.77106354022044,954.8500000000001,34.2150104968453,20-40
5.0,200,1,TIC_470852531.csv,1.4965640860513798,6.297382122217447,False,,5.614526457968168,0.0003800466188817487,986,23.500200241021503,49.300000000000004,3.6950182023861067,<5
3.0,8000,3,TIC_31268146.csv,2.994166587271292,16.234053036882557,True,exact,74.63294487504754,0.0011327802632237816,14664,25.508161749497276,733.2000000000002,191.22978711978405,>80
3.0,8000,2,TIC_289125016.csv,3.0016105288304744,15.269449701173263,True,exact,104.5031608750578,0.0023669196021846163,18137,25.85248274503556,906.8500000000001,101.78275672011642,>80
5.0,200,0,TIC_237235093.csv,0.9882427341155596,5.877694404949926,False,,48.82765087496955,0.0027053931802591045,12786,22.07807014119612,639.3000000000001,1.8691835786393025,<5
1.0,8000,1,TIC_95010343.csv,1.0002973372377408,22.451683668470316,True,exact,436.7223725829972,0.0014921520240427535,86206,23.815473480985474,4310.3,351.99027431198044,>80
1.0,8000,0,TIC_360286627.csv,1.000430535371471,18.03242566116934,True,exact,480.90912879107054,0.005807209502796466,91137,24.172649825359258,4556.85,92.99398517050658,>80
5.0,200,2,TIC_406855039.csv,9.038268450835744,5.801338913030401,False,,80.86756154103205,0.0009122721262131234,19607,28.200126354674467,980.35,6.8642985916666905,5-10
5.0,200,3,TIC_373424049.csv,0.963723708962854,8.820074085880014,False,,56.63378991605714,0.0005863451298399749,16516,24.590351766734557,825.8000000000001,9.801986785016462,5-10
5.0,1000,1,TIC_71854745.csv,2.5876781075269535,7.099614481955306,False,,5.162550542037934,0.00036428253530065965,990,23.499805237677037,49.5,19.31364520104789,10-20
5.0,500,2,TIC_1101909431.csv,2.7095899226831737,5.957540693631681,False,,49.51877829199657,0.008410712736372637,10573,28.062184188143874,528.65,1.3668514646786216,<5
5.0,500,0,TIC_220435095.csv,3.4194106577337915,14.762191970512688,False,,80.8343688340392,0.0029068199147340695,16101,25.335142066777962,805.0500000000001,4.8804886217654175,<5
5.0,3000,0,TIC_361034196.csv,5.008305612697898,12.695115839231145,True,exact,3.476758374948986,0.0003358050022431767,824,23.68752130092389,41.2,57.34330255483479,40-80
5.0,1000,0,TIC_389525208.csv,5.00459836175571,9.175416268555727,True,exact,68.09073570801411,0.0011506755886841376,16780,24.36283469571208,839.0,25.17260034085207,20-40
5.0,500,3,TIC_154927364.csv,6.991350182567892,14.326019299140173,False,,101.71045387501364,0.0013034149223325588,19611,28.200031934019535,980.5500000000001,12.012189851849607,10-20
5.0,1000,2,TIC_258777134.csv,5.939786442402024,15.391690628612656,False,,82.42442212498281,0.0013789436537497554,18424,26.85033621409525,921.2,22.010527160856956,20-40
5.0,8000,0,TIC_372505528.csv,4.994757979273093,19.705668664227304,True,exact,4.06669587502256,0.0006206848960000623,962,26.437424605750266,48.1,89.39049618838072,>80
5.0,1000,3,TIC_141663464.csv,1.7661553158397143,13.08675051250486,False,,82.73480366601143,0.00031516897922312154,18049,26.33916300365354,902.45,95.31650499294375,>80
3.0,1000,3,TIC_50365310.csv,2.9975150314343852,11.984508887148822,True,exact,413.6959393749712,0.0018565316823882306,98742,25.09129776607324,4937.100000000001,37.84718620717098,20-40
5.0,3000,1,TIC_233569098.csv,5.004099349406138,13.039556746630955,True,exact,91.32347033300904,0.0020093444844960016,19611,28.200198232477305,980.5500000000001,46.75216506756333,40-80
5.0,3000,3,TIC_294090620.csv,4.996958248297583,19.190147226855277,True,exact,55.785901165916584,0.00035594445479706873,16457,25.01851265053847,822.85,241.76830177446564,>80
1.0,3000,2,TIC_343648136.csv,1.0012931324761565,14.864319204635445,True,exact,691.3684947079746,0.003440719491659948,111579,27.948243086760158,5578.950000000001,65.12507276678264,40-80
8.0,200,0,TIC_141405814.csv,1.136260123475015,9.134638759731516,False,,27.368195415940136,0.0007422179579230794,9588,24.27986656102121,479.40000000000003,5.899939423664323,5-10
5.0,3000,2,TIC_233569098.csv,5.004099349406138,12.393275996065844,True,exact,89.65891387499869,0.0020093444844960016,19611,28.200198232477305,980.5500000000001,46.75216506756333,40-80
5.0,8000,1,TIC_452483795.csv,4.9944592084022394,10.78687662567915,True,exact,65.08456708397716,0.009399551871426638,18137,25.8522058102144,906.85,25.630115705576358,20-40
5.0,500,1,TIC_385624852.csv,4.990238195596899,11.30728335766934,True,exact,206.48125720908865,0.0008739343087745068,79107,24.316621581117033,3955.3500000000004,35.98186541652419,20-40
8.0,200,3,TIC_281979481.csv,1.0845006859484805,11.231639458320243,False,,30.7089125829516,0.0013443541663561858,12502,20.26492319427848,625.1,3.7195555376264053,<5
5.0,8000,2,TIC_9727392.csv,5.011536331258094,12.963963237760629,True,exact,77.60161241702735,0.0020940261113569464,17574,27.405993566663255,878.7,113.24739149636402,>80
8.0,500,1,TIC_65347776.csv,8.027225826783576,7.270713101691598,True,exact,33.06451029202435,0.0017323316395139923,12933,20.265641759470554,646.6500000000001,7.339620547619633,5-10
8.0,1000,1,TIC_320506985.csv,5.292308129509208,7.499600821830859,False,,3.0508970000082627,0.0004410270142289011,840,22.60437693787071,42.0,14.694656992245463,10-20
8.0,200,1,TIC_89759617.csv,0.7456861975508988,8.33489915522757,False,,59.15771091601346,0.0016577262486531354,18322,26.58892167764816,916.1,3.6516456111917712,<5
8.0,500,0,TIC_431999925.csv,0.9699328848804182,6.656511632820481,False,,59.10388170799706,0.0337235122130593,16307,24.454459790681994,815.35,0.4233594352730712,<5
8.0,200,2,TIC_45684223.csv,6.5853461422764825,18.06647836363775,False,,68.61566287500318,0.004942859943279245,20257,28.80589338676191,1012.85,1.2877283500971597,<5
8.0,1000,2,TIC_152714791.csv,7.996932393799907,9.412242605130617,True,exact,29.618126500048675,0.0009364133159743976,8292,24.090633739541772,414.6,21.74438195122348,20-40
8.0,500,2,TIC_80478272.csv,5.092269125056348,17.91061961972604,False,,74.71385016699787,0.001960860955483089,17986,28.759714508929846,899.3000000000001,7.646725531475558,5-10
8.0,1000,0,TIC_137500798.csv,8.012795882817397,11.412024331445188,True,exact,73.54405212495476,0.0012072323138017644,19609,28.200153411778047,980.45,25.937127314672423,20-40
8.0,3000,2,TIC_314338017.csv,8.019865001871121,15.005237521403986,True,exact,48.32277712493669,0.0005303437366937539,11763,27.87979996846616,588.15,137.1853896557466,>80
8.0,3000,0,TIC_420645189.csv,8.004281380927782,11.845231884297304,True,exact,61.13035470806062,0.0010921235380218167,16838,25.063728802741707,841.9000000000001,79.7039311450803,40-80
8.0,3000,3,TIC_51024887.csv,8.22774870331339,10.01161121944538,False,,50.05546641605906,0.04730200403715204,13983,22.90719345132311,699.1500000000001,1.6769761839516835,<5
8.0,3000,1,TIC_286696848.csv,8.944980668610368,15.72872318481596,False,,74.38484795799013,0.004464722855530262,16457,25.202731784060234,822.85,19.274675975851746,10-20
8.0,8000,2,TIC_49899799.csv,8.011994866202953,24.32126999930192,True,exact,51.276934499968775,0.0004625485775853878,14350,25.554418306736125,717.5,463.28004054039826,>80
12.0,200,1,TIC_336456596.csv,0.7790818662236321,12.605306509433207,False,,3.596218792023137,0.0005533639915000289,1015,23.812852808516027,50.75000000000001,2.5747621940764223,<5
8.0,8000,1,TIC_389999924.csv,7.983906907317374,11.531283116618958,True,exact,76.51011462509632,0.008356465820161326,18357,26.5310555695969,917.85,29.00368648383236,20-40
8.0,8000,3,TIC_143350972.csv,7.987080367198266,24.159399695674335,True,exact,63.23841016704682,0.00033455182135512306,17317,25.726846969728513,865.85,703.635786069064,>80
5.0,8000,3,TIC_360286627.csv,4.99865349155291,12.312069555739352,True,exact,242.00857412500773,0.005807209502796466,91137,24.172649825359258,4556.85,92.99398517050658,>80
12.0,500,1,TIC_329145325.csv,1.0768013935790628,10.829634968759104,False,,3.7716415830655023,0.0014143510235117673,1015,23.8127593384213,50.75000000000001,2.5184354187757387,<5
12.0,200,2,TIC_341805908.csv,1.490302586959937,13.970562135757442,False,,67.76439804106485,0.0014906105335041027,19515,27.88944809869554,975.7500000000002,4.1911681948796025,<5
12.0,500,0,TIC_19155785.csv,6.406643549087668,8.991196729575512,False,,51.002592334058136,0.001225207193738665,14596,23.614145415705025,729.8000000000002,11.024588694336613,10-20
12.0,200,3,TIC_312899686.csv,4.419857294265675,12.25816966663636,False,,60.99668304203078,0.008242787105165945,14999,27.697152767928856,749.9500000000002,0.664464934972084,<5
12.0,500,2,TIC_389525208.csv,6.764423485586763,11.096669437322223,False,,60.13788791699335,0.0011506755886841376,16780,24.36283469571208,839.0000000000001,12.586300170426037,10-20
12.0,1000,1,TIC_172464366.csv,2.92866541427444,13.61705549753806,False,,48.21717887499835,0.001962303641363937,14235,21.772436210155092,711.7500000000001,13.59557337689324,10-20
12.0,500,3,TIC_305943739.csv,11.96909786141729,10.514614665322783,True,exact,64.66122649994213,0.0003806757385966419,19602,28.200535035638495,980.1000000000001,41.11970590912663,40-80
12.0,1000,0,TIC_141776043.csv,4.071446601465848,11.647872481802953,False,,62.60104645800311,0.002309450528282129,16891,25.016610835891242,844.5500000000002,12.58357435481777,10-20
8.0,1000,3,TIC_388624270.csv,8.01739249768883,10.016664748864526,True,exact,293.88694058405235,0.0022365813882604113,98109,25.095859723334343,4905.45,31.31516613727767,20-40
8.0,500,3,TIC_124709665.csv,7.986155064207871,10.433484322417817,True,exact,305.20524579193443,0.0016244272971417577,100911,25.841251078372352,5045.55,21.8637162621688,20-40
12.0,200,0,TIC_348684813.csv,12.028545219901831,9.10851634660975,True,exact,199.5274679590948,0.0020867642717292017,92882,24.057090439803687,4644.100000000001,6.531416583845523,5-10
12.0,8000,0,TIC_326114850.csv,6.013817246931092,8.455937324277123,True,half,3.66207066597417,0.00030553582902757034,902,22.75007462841063,45.10000000000001,175.8393672526395,>80
12.0,1000,2,TIC_233497719.csv,3.803565980469976,17.68241059963531,False,,73.26329616701696,0.006150048409259433,18201,26.484172036544578,910.0500000000002,4.90517033054964,<5
12.0,3000,0,TIC_87597187.csv,2.041263529326734,14.862393989197528,False,,61.34627533296589,0.00720946308219103,16457,25.22519837096206,822.8500000000001,11.936545812253751,10-20
12.0,8000,3,TIC_190442486.csv,11.97905950754361,18.23109588402608,True,exact,3.304293666034937,0.0004908343202553579,797,25.97949026051242,39.85000000000001,102.88906672297017,>80
12.0,3000,1,TIC_461662295.csv,11.984677006250664,11.400622409653442,True,exact,63.804723375011235,0.0009797642759428527,17082,26.318378272296286,854.1000000000001,89.48577742020905,>80
12.0,1000,3,TIC_347011522.csv,12.01225638058664,9.101311910075708,True,exact,75.62226049997844,0.00342089982325188,17991,28.759947659948466,899.5500000000002,8.76742980265202,5-10
12.0,8000,1,TIC_137543637.csv,6.730482705176124,9.368026983831212,False,,46.53176975005772,0.004408046961543152,12029,26.850380491114265,601.4500000000002,44.50855951816689,40-80
12.0,3000,2,TIC_38686737.csv,2.244919628328869,17.27629924115763,False,,60.605993875069544,0.004540385166820164,16677,25.3105780072342,833.8500000000001,19.079743198674283,10-20
12.0,3000,3,TIC_115446313.csv,11.986548202143448,11.4320829433853,True,exact,57.59168237494305,0.0010051653530682742,18214,26.484991356491037,910.7000000000002,90.06818526682362,>80
8.0,8000,0,TIC_297153209.csv,7.993500102595568,13.277454510558284,True,exact,335.21448854205664,0.001844798188263925,113463,27.69803782369536,5673.150000000001,326.62788358589455,>80
12.0,8000,2,TIC_308425348.csv,12.009350348578602,10.016133655836692,True,exact,238.40693483303767,0.016128842489449076,109190,26.532282890862007,5459.500000000001,36.64909218563305,20-40
