host,period,depth_ppm,repeat,flux_source,n_raw,baseline_d,duration_d,t0,n_after_clip,savgol_status,savgol_recovered,savgol_alias,savgol_SDE,savgol_snr,savgol_period,savgol_scatter,savgol_tls_s,savgol_window_pts,savgol_window_hours,gp_protect_status,gp_protect_recovered,gp_protect_alias,gp_protect_SDE,gp_protect_snr,gp_protect_period,gp_protect_scatter,gp_protect_tls_s,gp_protect_rho_days,gp_protect_rho_floor,gp_protect_n_fit,gp_tight_status,gp_tight_recovered,gp_tight_alias,gp_tight_SDE,gp_tight_snr,gp_tight_period,gp_tight_scatter,gp_tight_tls_s,gp_tight_rho_days,gp_tight_rho_floor,gp_tight_n_fit,status
TIC_155114483,2.0,84,1,pdcsap_flux,13135,23.262003792538508,0.15454183504798588,1766.1509289318806,13104,ok,False,,7.704577861995112,21.80300303239701,10.53967422464449,0.0008350676292527444,177.2,401,13.366338193503907,ok,False,,8.603289526814738,5.904045942188049,10.53967422464449,0.0007974188627685219,92.6,0.501,0.5,13104,ok,False,,7.001906592282521,4.4105193942625025,10.53967422464449,0.0007865789124316239,59.0,0.22419791037616615,0.1,13104,ok
TIC_427352241,2.0,84,0,pdcsap_flux,14683,21.771801881227248,0.16999601855278448,1468.6053001035355,14683,ok,False,,4.538815252074316,8.500875983518258,2.520418940390133,0.0013901509468020766,141.0,401,13.366419132282317,ok,False,,5.109168609247558,5.577954821847787,2.6351675604915408,0.0013652503276637047,122.4,0.501,0.5,14683,ok,False,,5.683750945561472,4.984264917903301,2.6351675604915408,0.0013563091141344386,73.0,0.2851055808601061,0.1,14683,ok
TIC_367287018,2.0,84,4,pdcsap_flux,16749,24.440514560166775,0.22544926524647355,2719.592714487056,16749,ok,False,,3.8446880771301575,4.33618339200336,8.88891001536712,0.0023517998960020255,169.6,401,13.366785982678266,ok,False,,3.9880706927691,4.216692831388386,3.573236350585037,0.0023399024831304233,111.7,0.501,0.5,16749,ok,False,,4.122743578866023,4.2168904894266666,3.573236350585037,0.0023338981647337163,72.2,0.3566562237295038,0.1,16749,ok
TIC_367913453,2.0,84,2,pdcsap_flux,16553,24.440453494975372,0.1672688096989965,2720.3523448368874,16553,ok,False,,4.244086557155488,4.39710148706151,1.6972654285218414,0.004253675783001106,232.7,401,13.366747894098808,ok,False,,4.558544361452538,4.041909591013429,1.6972654285218414,0.004263166952448342,144.6,1.1672847920746574,0.5,16553,ok,False,,4.558742272109801,4.041890900954227,1.6972654285218414,0.004263197726138393,118.7,1.1675494972039515,0.1,16553,ok
TIC_136971594,2.0,250,4,pdcsap_flux,18882,27.16289449918304,0.15635997428384454,2797.3088649371516,18882,ok,False,,5.23210153928444,4.279378969559301,1.8805558794452497,0.0007297375513869344,112.9,401,13.36685110482722,ok,True,exact,4.93070053827883,4.832700506084773,2.0083085718378437,0.0007259464225737261,70.5,1.005137133137943,0.5,18882,ok,True,exact,4.929332315693755,4.831597098977759,2.0083085718378437,0.0007259117307167373,69.2,1.0046751803935519,0.1,18882,ok
TIC_65347776,2.0,250,2,pdcsap_flux,12933,20.265641759470554,0.0727255694343463,1387.6627350658976,12933,ok,False,,5.605246989683851,4.928250264102065,0.739391200525357,0.001725289380965774,170.3,401,13.3669256780031,ok,False,,7.121510172375356,7.247233190391675,10.067650986155186,0.0017321804942104018,161.9,30.500000000000004,0.5,12933,ok,False,,7.121563527186758,7.247216449288226,10.132820879735268,0.0017321835321770932,196.0,30.100000000000005,0.1,12933,ok
TIC_312899686,2.0,250,3,pdcsap_flux,14999,27.697152767928856,0.09363417064672086,3339.8311562003737,14999,ok,False,,13.660788968953938,8.802086243252875,4.416294758003279,0.008212963888720254,198.8,401,13.366649037976458,ok,False,,13.453443950256375,7.9200322306475055,4.416294758003279,0.008199746057135795,208.0,0.9372253110989525,0.5,14999,ok,False,,13.455432865464063,7.925077739939675,4.416294758003279,0.008199347091242376,203.5,0.9386976639959699,0.1,14999,ok
TIC_177722855,2.0,700,1,pdcsap_flux,17458,25.839287949912432,0.12454253765631805,2203.4104749478897,17458,ok,True,exact,11.814080445295653,11.312848640160027,2.0001957166117976,0.0013981239282360434,133.2,401,13.36687581010483,ok,True,exact,11.059115567935429,7.199548982900708,2.0001957166117976,0.0013870173069097027,109.0,0.501,0.5,17458,ok,True,exact,9.81492452408116,6.521377043863535,2.0001957166117976,0.0013851950905014916,98.7,0.3691254814126185,0.1,17458,ok
TIC_11111899,2.0,700,4,pdcsap_flux,18321,26.589014666714775,0.16272346160934983,2421.0119843652315,18321,ok,False,,6.6266333410924565,10.973644050823223,2.473428947232156,0.0011057907800391216,64.2,401,13.366691494291445,ok,False,,5.509286382264585,5.039111535903608,2.473428947232156,0.0010729455901310422,71.2,0.6156242636879328,0.5,18321,ok,False,,5.506068128417628,5.035308259318291,2.473428947232156,0.0010728121452901998,62.1,0.6146968343200734,0.1,18321,ok
TIC_49617263,2.0,2500,0,pdcsap_flux,808,20.229246962565185,0.16635974008106716,1386.6407423370138,757,ok,False,,3.139464263476174,4.231546198801358,3.0086935059682443,0.000310341075046806,2.5,401,200.50095494906236,ok,False,,3.4090173823382135,4.35065818126266,3.0086935059682443,0.000313169026300073,2.6,30.500000000000004,0.5,757,ok,False,,3.409018063083608,4.3506572883405585,3.0086935059682443,0.00031316908926416054,2.5,30.100000000000005,0.1,757,ok
TIC_274662200,2.0,250,0,pdcsap_flux,12603,26.04462685606927,0.0482015983514668,1712.3083848643564,12603,ok,False,,15.14628370446876,8.223800993462008,1.229024472623801,0.0020587472420891873,509.4,401,13.366732554506598,ok,False,,15.142235733348063,7.892775623479036,1.229024472623801,0.002046479191751456,417.8,0.8032950619261798,0.5,12603,ok,False,,15.140630542096995,7.892605768423648,1.229024472623801,0.002046407773655702,264.9,0.8027728355645798,0.1,12603,ok
TIC_334597566,2.0,700,2,pdcsap_flux,17991,28.759726153255997,0.13454230345354065,2853.6959536150785,17991,ok,False,,9.472329148357165,8.117783837503282,9.117525788713552,0.0037243524240817938,113.1,401,13.366642670185684,ok,False,,4.869778580418792,4.833782962659946,6.363445590741553,0.00365165012843315,118.2,0.6675181193526023,0.5,17991,ok,False,,4.871672955758106,4.833941644320114,6.363445590741553,0.0036517563024456518,107.3,0.6669719634934157,0.1,17991,ok
TIC_402848417,2.0,2500,2,pdcsap_flux,885,22.458683707832733,0.13999672116111664,1790.7761586791041,885,ok,True,exact,11.503324983902065,18.1242426458088,1.9980692379050107,0.001160021640679849,5.2,401,200.50318582359523,ok,True,exact,12.853265621895003,17.697223344489426,1.9980692379050107,0.0010443233392281883,9.9,3.2437423395556886,0.5,885,ok,True,exact,12.853184212413252,17.698550728789645,1.9980692379050107,0.0010444835446771442,4.1,3.2467900505648255,0.1,885,ok
TIC_237751146,2.0,250,1,pdcsap_flux,14653,21.77257683706989,0.03940925882077792,1468.8471777486586,14653,ok,False,,16.262709493152308,11.65222458397126,1.671291811225083,0.021952424837736514,544.2,401,13.366894327027694,ok,False,,15.911350360985486,9.639847160138686,1.671291811225083,0.021870494441281144,427.4,0.501,0.5,14653,ok,False,,13.711276437869417,7.502632469881574,1.671291811225083,0.021752460944964205,340.1,0.26858301554395914,0.1,14653,ok
TIC_13023738,2.0,2500,1,pdcsap_flux,14723,24.28153333776072,0.1554509046659152,2088.28025250591,14723,ok,True,exact,11.53860399389039,10.38803406800157,2.0003443990572536,0.0038295218984363494,55.3,401,13.366490530315787,ok,True,exact,10.429516879426416,7.544983147808834,2.0003443990572536,0.0038067414301262525,86.2,0.501,0.5,14723,ok,True,exact,9.919999183992948,6.760588482746254,2.0003443990572536,0.003794908510331675,43.3,0.30570886343633225,0.1,14723,ok
TIC_33091633,2.0,84,3,pdcsap_flux,17399,25.839160830900255,0.047271620132325096,2202.6164512031646,17264,ok,False,,23.806479774627327,42.31384144343241,7.522060163526151,0.0013345566923357128,610.4,401,13.366813060012646,ok,False,,10.053077195419705,6.1277455054848,0.2837374003589415,0.0012146318097928305,409.5,0.5010000000033913,0.5,17264,ok,False,,8.49141562415417,5.2265809301907735,0.8524785170947156,0.001208813284582049,354.7,0.3811550154414929,0.1,17264,ok
TIC_256349966,6.0,84,0,pdcsap_flux,12874,28.061851665006543,0.21764347412912363,3400.153967997001,12874,ok,False,,5.038510468679414,5.086394541679918,7.603602392049915,0.0034220309097901724,63.2,401,13.366554925967648,ok,False,,4.6801045805477015,5.443385500161449,7.603602392049915,0.0034142084378883295,42.3,0.501,0.5,12874,ok,False,,4.615606054572184,5.251868832836294,7.603602392049915,0.003417002478693486,51.2,0.42825371230561227,0.1,12874,ok
TIC_35377903,6.0,84,2,pdcsap_flux,14118,27.161950240770693,0.25768462894781907,2801.776891091113,14118,ok,True,half,9.568323401693187,19.57707143955717,2.9848449549828437,0.0013585413482405226,33.9,401,13.366337970302993,ok,False,,6.659196137817072,5.373369976813293,8.977737729123469,0.0012850732655677888,30.9,0.998149766151046,0.5,14118,ok,False,,6.659136564591681,5.373394641274849,8.977737729123469,0.0012850718351321562,53.7,0.9986121565984724,0.1,14118,ok
TIC_367913453,6.0,84,1,pdcsap_flux,16553,24.440453494975372,0.24124336891420936,2724.4145347249373,16553,ok,False,,4.19897315696009,4.374113298237883,1.6972654285218414,0.004253805673771672,63.4,401,13.366747894098808,ok,False,,4.457653991680003,4.986907477933771,8.744625854612007,0.0042734107743698495,62.6,4.708194376942966,0.5,16553,ok,False,,4.512102707749045,4.031706585701038,1.6972654285218414,0.00426401633147207,82.5,1.2180526101415916,0.1,16553,ok
TIC_123106490,6.0,84,3,pdcsap_flux,15685,24.002780360126962,0.17147159108736929,2964.854184759356,15685,ok,False,,13.384152000226333,13.708314752550507,3.3009183538528526,0.0020511305272471847,72.1,401,13.366667191650777,ok,False,,13.613201969566198,10.87064890000918,3.3009183538528526,0.0020334500699593014,68.4,0.501,0.5,15685,ok,False,,13.226069441699323,8.490398325793759,3.3009183538528526,0.0020187158786271696,78.7,0.22215642175389022,0.1,15685,ok
TIC_367102581,6.0,250,0,pdcsap_flux,112718,27.720057810949584,0.24779889524339982,2884.857087501802,112710,ok,False,,5.068946746211986,5.172247940310993,5.570088986730615,0.0017354589727735423,46.6,401,2.2277879355751793,ok,True,half,12.337051179817069,12.99820443875892,2.982011421106391,0.0017463674682175307,45.5,1.1562010475443798,0.5,22542,ok,True,half,12.336800240088968,12.997496654396526,2.982011421106391,0.0017463755436191951,47.7,1.1560565062817432,0.1,22542,ok
TIC_309436531,6.0,84,4,pdcsap_flux,15446,24.265016269934222,0.1638881582297618,3831.625238964675,15446,ok,False,,12.26475346042174,17.49139316107978,3.208551065061881,0.0037272410364397146,89.2,401,13.366524785091315,ok,False,,13.270466087007527,12.64428087758443,3.208551065061881,0.003688199298875817,89.1,0.501,0.5,15446,ok,False,,13.44617874033674,8.961909159174295,3.208551065061881,0.003642842106509014,139.4,0.213957652828821,0.1,15446,ok
TIC_266843799,6.0,250,2,pdcsap_flux,988,24.229425445876814,0.4418424745874378,1571.7090339068936,988,ok,False,,15.37573907714652,15.849577713727909,0.8061284102224774,0.00046790115539551065,42.7,401,200.50190681561799,ok,False,,14.591312610915638,8.987440345611546,0.8069093772098894,0.00033943132293584805,48.9,0.501,0.5,988,ok,False,,12.001394639449197,6.913981281115695,0.8069093772098894,0.0002640745716424365,60.2,0.199868801539265,0.1,988,ok
TIC_349790953,2.0,700,0,pdcsap_flux,18275,27.88029940968613,0.3036482786292842,1327.2887097920145,18141,ok,False,,16.748244024693626,32.16952363602653,1.5525358749036908,0.0025504308854748304,612.3,401,13.366530222878282,ok,False,,16.086512164842176,8.183863828144228,1.5525358749036908,0.0023595650806149467,375.0,0.501,0.5,18141,ok,False,,14.276143680109106,6.85176088953759,1.5525358749036908,0.002355856481217957,403.6,0.39194602467012873,0.1,18141,ok
TIC_173860688,2.0,2500,4,pdcsap_flux,9397,24.018423706334033,0.3036482786292842,2964.0873980569004,9397,ok,True,exact,12.304870579684936,24.67099962450485,2.001683210007868,0.0015097914261730412,232.0,401,22.277689022266713,ok,True,exact,11.126232925754199,6.75871324181151,2.001683210007868,0.001387033464909005,222.1,0.5037334933157768,0.5,9397,ok,True,exact,11.125834797483893,6.758422104957247,2.001683210007868,0.0013870169629513957,365.4,0.5037906141842057,0.1,9397,ok
TIC_153651591,6.0,250,3,pdcsap_flux,16917,25.033462246992713,0.3673258068035297,2234.449454405769,16917,ok,False,,5.997605439050465,7.505076233921787,6.42576464756305,0.0016993806343513814,65.4,401,13.366736869724264,ok,False,,3.615990485828217,4.0719106012872235,6.42576464756305,0.0016643296261845094,120.9,0.501,0.5,16917,ok,False,,2.9834145746240623,3.8079602596065367,6.42576464756305,0.0016632172986589117,32.2,0.4430609737523117,0.1,16917,ok
TIC_395773226,6.0,700,0,pdcsap_flux,16749,24.440272915486275,0.22157678992663793,2719.309808662551,16749,ok,False,,7.019004654315574,6.21420102957988,3.849420185136929,0.002919378681126707,126.8,401,13.366635858181326,ok,False,,9.088440820570582,9.78067015472841,1.9266726871524353,0.0029258202420912793,32.2,30.49130676727381,0.5,16749,ok,False,,9.088441535203547,9.780644363197423,1.9266726871524353,0.0029258177352898835,21.6,30.0996538348582,0.1,16749,ok
TIC_367099243,6.0,250,4,pdcsap_flux,15686,24.44059261605753,0.16126594769808558,2722.782494170661,15660,ok,False,,12.691420902122568,41.73674121942312,1.8321744711700638,0.0014156067940657355,159.8,401,13.366840868220606,ok,False,,10.079728742170794,5.987647063573068,1.8321744711700638,0.0013069704538192057,35.8,0.501,0.5,15660,ok,False,,8.902278178742188,5.26916450613727,1.8321744711700638,0.0012987894507735416,27.0,0.3068232999530992,0.1,15660,ok
TIC_409459226,2.0,700,3,pdcsap_flux,17457,25.83939928999189,0.3036482786292842,2202.1552072462323,17457,ok,False,,12.155767173636741,8.747771271993175,1.2811780642474466,0.0017662366753785227,423.7,401,13.366934069919807,ok,False,,9.76109785778584,6.676205724081989,1.2811780642474466,0.001754998211147752,328.9,0.9881278744119857,0.5,17457,ok,False,,9.744632807971707,6.6633684521599745,1.2811780642474466,0.0017548694107048734,401.4,0.9844831169914602,0.1,17457,ok
TIC_307734817,6.0,700,2,pdcsap_flux,15924,26.334599854084217,0.20873320274248797,1903.383118444485,15923,ok,False,,16.15320873157892,22.47272600329566,2.106912656932251,0.0027969309268241656,24.5,401,13.366616153041832,ok,False,,16.29938238234454,19.674300821616363,2.106912656932251,0.002771462398220716,22.1,0.501,0.5,15923,ok,False,,16.088103843207538,14.590734206921708,2.106912656932251,0.0027332566141638685,22.7,0.18663971530241463,0.1,15923,ok
TIC_143350972,6.0,2500,0,pdcsap_flux,17320,25.726846969728513,0.1337327371154856,1443.9742579676283,16947,ok,False,,14.061648062633237,13.636954557952194,1.0802119101832859,0.00033650249838393544,43.0,401,13.366907681882367,ok,False,,14.359328278112963,10.284298962444248,1.0802119101832859,0.0003307637528243136,41.8,0.501,0.5,16947,ok,False,,11.652987912107129,6.9945316597735845,1.0802119101832859,0.0003265811681344374,40.3,0.19920596194012785,0.1,16947,ok
TIC_334597566,6.0,700,4,pdcsap_flux,17991,28.759726153255997,0.19404357934403793,2855.0160734809765,17991,ok,False,,8.941550097124257,8.075794905089898,9.117525788713552,0.0036989001901711815,41.9,401,13.366642670185684,ok,False,,4.74563693888069,4.8045000624098515,6.363445590741553,0.003650978478604694,56.3,0.7084533472291854,0.5,17991,ok,False,,4.750453568701042,4.8038550167530785,6.363445590741553,0.0036511991796170924,54.5,0.7073944514289349,0.1,17991,ok
TIC_299876474,6.0,250,1,pdcsap_flux,15725,24.456575197919392,0.08391073701363803,3833.510081898947,15725,ok,False,,17.125270967926998,12.796460161819477,2.596396277986406,0.04183526833305705,354.5,401,13.366467654410371,ok,False,,16.841395202578976,9.52753662748674,2.596396277986406,0.04130768836897187,105.2,0.501,0.5,15725,ok,False,,15.3704377700721,8.133848018947292,2.596396277986406,0.041312137209081196,117.7,0.2639016678579744,0.1,15725,ok
TIC_302814895,6.0,2500,3,pdcsap_flux,96641,26.706026591983573,0.24386557944588555,3318.095015633237,96626,ok,False,,4.774280944995352,4.135596997203757,6.257676528309952,0.0026532991959070593,26.6,401,2.227763317827339,ok,True,exact,8.202532312287296,9.859811042415636,6.020890574732283,0.0026674279071098738,23.4,0.9194109856723764,0.5,24157,ok,True,exact,8.20340691471699,9.860881540029963,6.020890574732283,0.002667436970428679,22.1,0.9195741663469069,0.1,24157,ok
TIC_173860688,6.0,700,1,pdcsap_flux,9397,24.018423706334033,0.5926195801588185,2967.445719204334,9397,ok,False,,11.587958772423061,8.304583199501835,0.8445589897317405,0.0014111242975909661,95.3,401,22.277689022266713,ok,False,,11.458656426441502,7.665116200408135,0.8445589897317405,0.0014092560712390268,106.3,0.6783720816987273,0.5,9397,ok,False,,11.452371214007544,7.659852145300237,0.8445589897317405,0.001409057454874903,108.5,0.6772201938855167,0.1,9397,ok
TIC_447283466,6.0,2500,1,pdcsap_flux,16519,24.590697577749552,0.08915515807699041,1544.0657667867163,16519,ok,True,exact,26.383687292944614,57.17705599414572,5.998760352406659,0.00043282195952721144,109.2,401,13.366887493140894,ok,True,exact,20.234951421575513,7.384307426843722,5.998760352406659,0.00039761993999584184,76.3,1.648298444899837,0.5,16519,ok,True,exact,20.392125202175244,7.442302336884938,5.998760352406659,0.00039755816717334863,76.1,1.7293914999399385,0.1,16519,ok
TIC_452803785,10.0,84,2,pdcsap_flux,902,22.77104055337827,0.1694391026759963,1747.4524060899855,902,ok,False,,4.941315763791991,14.618967102361747,2.6043002589316098,0.0020090785868005284,2.5,401,200.5015813668033,ok,False,,4.6443825177236455,3.045308173324897,0.7301880411733519,0.00044272131881411457,2.1,1.9143031601730331,0.5,902,ok,False,,4.644787937156238,3.044753665984393,0.7301880411733519,0.0004426969289294717,2.7,1.9149195949935611,0.1,902,ok
TIC_260271203,10.0,84,0,pdcsap_flux,18277,27.88075554563875,0.18813181102167387,1330.028340211399,18208,ok,False,,12.733489599031955,32.67129669354827,5.663229191990716,0.009673442267170294,68.3,401,13.366755977473076,ok,False,,6.9741246823797605,5.36416583566475,2.8221472766970646,0.009147694086968102,68.8,0.501,0.5,18208,ok,False,,6.665667184856852,4.6578981088657745,2.8221472766970646,0.009137212053255283,74.3,0.3201372074884241,0.1,18208,ok
TIC_169532369,10.0,84,3,pdcsap_flux,17142,25.546149676266168,0.2518269232432238,1447.9879508366844,17133,ok,False,,10.229355304333899,22.894786927621148,3.6151203365186477,0.0026435940510962544,32.8,401,13.366833767368007,ok,False,,6.325090657900692,5.3136664071838835,2.111818631407973,0.002527957161713567,68.6,0.501,0.5,17133,ok,False,,6.668106536095342,5.200921275825509,2.111818631407973,0.0025183796448299545,48.5,0.3533137856373044,0.1,17133,ok
TIC_237751146,6.0,700,3,pdcsap_flux,14653,21.77257683706989,0.056837986600400396,1468.9554473451635,14653,ok,False,,16.307056366968318,11.75900429981072,1.671291811225083,0.021977894514736484,144.1,401,13.366894327027694,ok,False,,14.063148283176256,11.87255394082171,0.8349648732405105,0.0221718510796065,163.9,30.464508286636732,0.5,14653,ok,False,,13.683022302539117,7.477041975554918,1.671291811225083,0.021756477500845264,164.4,0.26683351170073444,0.1,14653,ok
TIC_131581522,10.0,84,1,pdcsap_flux,15870,24.116713288976825,0.16788461549548256,2967.081133446143,15870,ok,False,,9.285146157071217,6.307768350776011,3.0583539130788684,0.011957800902009572,55.4,401,13.366691844410525,ok,False,,4.890767926771518,3.7206243753475623,3.0583539130788684,0.011850443290618351,91.0,0.6925980535052273,0.5,15870,ok,False,,4.898427633394961,3.7219779149799876,3.0583539130788684,0.011852459964774293,63.9,0.6941210453870327,0.1,15870,ok
TIC_11111899,10.0,84,4,pdcsap_flux,18321,26.589014666714775,0.2782532053119572,2428.3560633585826,18320,ok,False,,7.93619903378867,11.493550906849988,2.473428947232156,0.001102347098351502,22.7,401,13.366691494291445,ok,False,,5.5748706513139625,5.847808662792355,2.473428947232156,0.0010758663168864105,23.0,0.7116780104809889,0.5,18320,ok,False,,5.575460879572759,5.848401919399481,2.473428947232156,0.0010758673435276567,35.6,0.7117798526461898,0.1,18320,ok
TIC_459850897,10.0,250,2,pdcsap_flux,17338,25.324942426695543,0.27792520851686875,2307.37953522983,17338,ok,False,,7.565012823246644,14.871707028945309,2.376692512922471,0.003229635372478381,31.4,401,13.366622612738865,ok,False,,5.724626145732686,2.3173768734203675,1.5450950248682922,0.0019324414440383651,39.0,0.5032463683454369,0.5,17338,ok,False,,5.62710083840852,2.2039603499736597,1.5450950248682922,0.001921033280144688,26.8,0.101,0.1,17338,ok
TIC_437156845,10.0,250,0,pdcsap_flux,17845,25.70423288036727,0.1834294873006198,3701.922866981425,17845,ok,False,,11.49125427965636,7.1626834391079255,3.486377894163962,0.005507886626828364,49.2,401,13.366664924629731,ok,False,,12.70986060428695,7.656401849570615,3.486377894163962,0.005488752356839645,66.8,1.146407907408122,0.5,17845,ok,False,,12.709407657557563,7.655354102656458,3.486377894163962,0.005488468218209352,43.0,1.147612737654039,0.1,17845,ok
TIC_153651591,10.0,250,4,pdcsap_flux,16917,25.033462246992713,0.4355129009286284,2232.009293465282,16917,ok,False,,6.0000264748355105,7.494016541696779,6.42576464756305,0.0017006444270690085,13.7,401,13.366736869724264,ok,False,,3.5048110913930257,4.099752423155755,6.42576464756305,0.0016639795085888211,15.7,0.501,0.5,16917,ok,False,,2.907625888644664,3.340134641799605,5.350670900364483,0.0016622700399124648,15.4,0.4294196492464334,0.1,16917,ok
TIC_146463781,2.0,2500,3,pdcsap_flux,16340,24.4546452696261,0.024999414493056545,1492.2645470516272,16340,ok,False,,20.19371566770358,13.839489117046202,0.4177822842273946,0.06201945751501268,844.7,401,13.366932229606391,ok,False,,19.039058471144216,16.2836512378056,0.4177822842273946,0.06281435959188526,323.1,30.500000000000004,0.5,16340,ok,False,,19.039065995499886,16.28362881389544,0.4177822842273946,0.06281434876772055,330.3,30.100000000000005,0.1,16340,ok
TIC_260271203,10.0,250,1,pdcsap_flux,18277,27.88075554563875,0.18813181102167387,1329.6010852808572,18208,ok,False,,12.727840853902713,32.65604905228153,5.663229191990716,0.009677836394439185,66.0,401,13.366755977473076,ok,False,,6.999451077649181,5.374766018188222,2.8221472766970646,0.009148228001859464,52.4,0.501,0.5,18208,ok,False,,6.68234745116589,4.657620653046611,2.8221472766970646,0.009137936102624878,44.2,0.31996511389212046,0.1,18208,ok
TIC_9837861,10.0,700,0,pdcsap_flux,7213,26.846745357436248,0.41660256437767895,3293.116551613646,7213,ok,False,,6.140515474966705,7.105927527558574,3.2896330192738072,0.0007635901036378864,5.4,401,22.27738666818186,ok,False,,5.499608666806791,4.6947798146163775,3.2896330192738072,0.0007461055912957577,5.4,0.501,0.5,7213,ok,False,,3.9158463529022867,3.8680367922234744,3.2896330192738072,0.0007422622150255305,6.1,0.30903356876478205,0.1,7213,ok
TIC_139285736,10.0,700,2,pdcsap_flux,1187,27.35358511825325,0.13524038470469427,1361.2080471646448,1183,ok,False,,18.071815088764414,13.10333959301148,1.5510788730888105,0.0011261837524034041,6.6,401,200.4964970852243,ok,False,,20.569889245511085,12.240456729057154,1.5510788730888105,0.0008274277362796126,5.2,0.501,0.5,1183,ok,False,,20.769504873304385,11.997739704106628,1.5510788730888105,0.0008102329511524986,5.0,0.446599768547419,0.1,1183,ok
TIC_127315102,10.0,2500,0,pdcsap_flux,11698,22.54730667909621,0.39794871821151423,1604.8233412430234,11505,ok,False,,2.705268340691826,9.022622052159063,10.849140371215881,0.0005081126310798336,8.7,401,13.366750614086413,ok,False,,4.802738101905585,2.598544193281278,9.186285597615427,0.0004757786493496746,8.7,0.501,0.5,11505,ok,False,,3.8477734680680706,2.1852280122669128,9.186285597615427,0.0004750568535938268,8.9,0.3184234231421207,0.1,11505,ok
TIC_409459226,6.0,2500,4,pdcsap_flux,17457,25.83939928999189,0.9109448358878525,2205.8290367584054,17457,ok,False,,10.255603148721146,8.821296011153402,1.2811780642474466,0.0017676574589236271,210.4,401,13.366934069919807,ok,False,,7.347405491190857,6.185776507236275,1.2811780642474466,0.001754103062647775,172.6,1.2697661189641418,0.5,17457,ok,False,,7.317051547696458,6.17076537355431,1.2811780642474466,0.0017542552846101177,147.4,1.2636142868349924,0.1,17457,ok
TIC_458914949,10.0,2500,2,pdcsap_flux,931,22.917024070971593,0.3901762823089455,1796.1066671286255,896,ok,False,,5.813171534957271,7.78394104132251,6.247808178590357,0.0003584569511628264,0.9,401,200.50335723861463,ok,False,,3.2561030336154184,3.7954707852058505,2.714481726798363,0.0003205842970568033,0.8,0.501,0.5,896,ok,False,,3.2115116178710332,3.6988610475878954,2.714481726798363,0.00031764238964649593,0.8,0.43075138042933336,0.1,896,ok
TIC_294283951,10.0,700,3,pdcsap_flux,18322,26.589144152683275,0.2608071956850516,2428.541176878092,18322,ok,False,,5.601331122630817,4.3424301651458785,4.375709125347813,0.003096841677932966,30.5,401,13.366758712778392,ok,False,,7.249413809193905,4.967005479549125,4.375709125347813,0.0031144748165305124,47.7,1.9920535129441874,0.5,18322,ok,False,,7.246989660134924,4.96594207406691,4.375709125347813,0.003114418767303142,49.6,1.99099457773426,0.1,18322,ok
TIC_434234955,6.0,2500,2,pdcsap_flux,17217,25.996857142848057,0.4719978957017139,2179.0623520077006,17217,ok,False,,10.862600677508345,8.1243819873817,6.061954074749559,0.0023143638032574877,238.8,401,13.366494922122001,ok,False,,6.1425997101684695,4.835768269532942,1.5151825007241646,0.0022818606554194866,209.3,0.5420362924596023,0.5,17217,ok,False,,6.142617679568782,4.835961593221345,1.5151825007241646,0.0022817644103957425,222.2,0.5421835968203114,0.1,17217,ok
TIC_277871306,10.0,2500,1,pdcsap_flux,13688,24.16133836904828,0.16166666677342764,2260.3601668625415,13688,ok,False,,19.146303749460284,35.06246928638764,3.957860966211816,0.0011462677679247328,65.9,401,13.366831069262844,ok,False,,20.60266602917565,14.316193172066571,3.957860966211816,0.0010932768881544198,66.9,0.6200168497817111,0.5,13688,ok,False,,20.63230256458153,14.483638928305332,3.957860966211816,0.0010934497070645669,42.2,0.6276877701028151,0.1,13688,ok
TIC_389371332,10.0,250,3,pdcsap_flux,16183,24.381875418723894,0.0995042789118642,1501.0943837706666,16183,ok,False,,5.842344216049926,4.858054868147076,2.0041478853994943,0.004108065320015461,91.7,401,13.366635532132932,ok,False,,4.999166941445473,4.94555649673345,3.9423712676321876,0.004114153120339791,107.2,30.500000000000004,0.5,16183,ok,False,,4.999253985539237,4.94559630880343,3.9423712676321876,0.0041141544394483216,123.8,30.100000000000005,0.1,16183,ok
TIC_437740083,10.0,2500,4,pdcsap_flux,13868,25.749686032062982,0.22384615399397673,3586.277806309831,13868,ok,False,,12.079803134698665,15.903425358897076,5.592060402656665,0.0021922405754103602,52.1,401,13.366463190392096,ok,False,,11.033881318242262,7.634123023974909,5.592060402656665,0.0021544786858677546,35.4,1.4210639748026646,0.5,13868,ok,False,,11.03140803015218,7.629243344942149,5.592060402656665,0.0021541831387343687,27.5,1.4204834315593553,0.1,13868,ok
TIC_437156845,10.0,2500,3,pdcsap_flux,17845,25.70423288036727,0.1834294873006198,3692.247120106718,17845,ok,False,,11.876054923563865,7.666164063915658,3.486377894163962,0.005502839528845724,75.2,401,13.366664924629731,ok,False,,11.93701753445309,7.384031420696006,3.486377894163962,0.005468041880428216,47.8,0.8245228820289485,0.5,17845,ok,False,,11.935939885621469,7.3818573689903895,3.486377894163962,0.005468405793049347,39.9,0.8240741982380323,0.1,17845,ok
TIC_271167979,10.0,700,4,pdcsap_flux,17896,26.229437379093724,0.11347756417750209,2774.977272068918,17896,ok,False,,17.513111641126457,19.53708708618827,0.6192092653247063,0.00915306239608566,127.9,401,13.366844238116755,ok,False,,17.546246426417984,20.12069145783612,0.6192092653247063,0.009207558914484517,121.3,30.500000000000004,0.5,17896,ok,False,,17.54618358555835,20.1209321100278,0.6192092653247063,0.009207916913092076,66.9,30.100000000000005,0.1,17896,ok
TIC_144956678,10.0,700,1,pdcsap_flux,16960,25.06553895443949,0.45597461568573056,2236.101403663263,16960,ok,False,,13.384039894929238,14.922867725237996,1.513626066608837,0.0009796876779025706,198.7,401,13.36680856973544,ok,False,,13.741114801083459,8.067418722337205,1.513626066608837,0.0009682640162517268,109.8,0.501,0.5,16960,ok,False,,11.843876692140192,6.980596167908738,1.513626066608837,0.0009669924501425015,48.0,0.39490001135825015,0.1,16960,ok
