host,injected_period,injected_depth_ppm,repeat,baseline_days,r_star,m_star,is_control,injected_duration_hours,n_transits_in_baseline,rp_earth_implied,tls_period_min,tls_period_max,period_in_search_range,recovered_period,recovered_sde,recovered_snr,detected,alias,score,classified_planet,status,elapsed_s
TIC_150105350,3.0,84,3,215.48817756672133,3.03262,1.09,False,7.530907405416807,71.82939252224044,3.0317043095070746,3.0395541227885037,107.73305482436638,True,53.337109180280265,11.931778494179522,-2.4370544679205746,False,,0.6363572302911371,True,ok,51.3713317909278
TIC_31526716,3.0,84,5,216.87491403761533,3.55794,1.29,False,7.86716674201656,72.29163801253844,3.55686569071219,3.553716345803032,108.43190146306699,True,100.05253049061858,10.941482833359272,46.00749345842941,False,,0.405642703229113,True,ok,56.72499645780772
TIC_149503727,3.0,84,2,216.6947678562201,2.55106,1.0,False,5.5215867826058265,72.2315892854067,2.5502897151015027,2.449423710333238,108.33959688647622,True,2.998556580278492,18.866764817354767,6.738997067815561,True,exact,0.4209771597621687,True,ok,57.0045220842585
TIC_31604147,3.0,84,1,216.46936059439395,1.90923,1.19,False,4.643753894232617,72.15645353146465,1.9086535137406573,1.4541384008207943,108.22565253138885,True,85.67854988313279,21.74578652726558,12.008616010057755,False,,0.5434031509392291,True,ok,110.66408554185182
TIC_41083208,3.0,84,8,216.8179236880569,2.47346,1.71,False,5.2095821454860785,72.2726412293523,2.4727131461882363,1.7895337928151953,108.3985451904529,True,2.875946629186283,11.185567127997313,3.0575660334240644,False,,0.637378061726249,True,ok,67.6073512500152
TIC_374910243,3.0,84,9,216.0354625243358,2.18139,1.44,False,4.9317278831289775,72.01182084144527,2.180731335846772,1.6149446940638539,108.01148125381644,True,66.22452313902912,13.23573653674743,19.182634670882848,False,,0.29253515528956686,False,ok,73.83967954199761
TIC_150272131,3.0,84,4,215.4882395559739,1.75116,1.7,False,3.8318552959477925,71.82941318532464,1.7506312425019979,1.0692067734697968,107.72891917839219,True,76.6669887843282,14.239457994112918,10.41545137594485,False,,0.4043793422495339,True,ok,137.16182575002313
TIC_31604303,3.0,84,7,216.50407029714597,1.91863,1.05,False,4.446098034604292,72.16802343238199,1.918050675438914,1.5592610901705477,108.2409240544543,True,86.27033113418878,21.6188317909637,35.32387974509304,False,,0.6874434599105658,True,ok,97.28691441565752
TIC_150140723,3.0,84,0,217.74881350069154,1.30334,1.31,False,2.8303991486641404,72.58293783356385,1.3029464604048482,0.7819147240446209,108.86468455874969,True,84.01646547448371,19.117829741744742,24.873914120406347,False,,0.6587768186434302,True,ok,150.17231283383444
TIC_150104808,3.0,1200,3,214.36688028520098,2.14703,0.99,False,5.608749260075639,71.45562676173365,8.112560321785612,1.902226885657502,107.17603276387355,True,3.000333379075012,27.60139857587052,57.21680374056457,True,exact,0.8039184695796309,True,ok,122.4254767918028
TIC_31604303,3.0,1200,2,216.50407029714597,1.91863,1.05,False,4.9074733574995335,72.16802343238199,7.249550127472614,1.5592610901705477,108.2409240544543,True,3.000066856173809,31.240047974769578,52.225940854247995,True,exact,0.8067869713834528,True,ok,157.29162575025111
TIC_31513962,3.0,1200,5,216.41100826176762,1.87362,1.08,False,4.561183947507618,72.13700275392254,7.079479685940092,1.4840723560659144,108.1978652476033,True,3.0002593105756605,31.94132886879611,40.111079354864216,True,exact,0.4074041099420323,True,ok,162.18316733418033
TIC_150140723,3.0,1200,0,217.74881350069154,1.30334,1.31,False,3.113312786070077,72.58293783356385,4.924674722661564,0.7819147240446209,108.86468455874969,True,3.000879407925974,33.99558891575743,47.677536951965294,True,exact,0.4670892675198868,True,ok,268.4001819579862
TIC_150105350,3.0,1200,7,215.48817756672133,3.03262,1.09,False,7.0713098659847065,71.82939252224044,11.458765216626448,3.0395541227885037,107.73305482436638,True,5.997800948075759,21.34307202875311,69.48608177672055,True,double,0.3076526103736389,True,ok,91.78463158383965
TIC_150104808,3.0,1200,6,214.36688028520098,2.14703,0.99,False,5.48316623281311,71.45562676173365,8.112560321785612,1.902226885657502,107.17603276387355,True,3.000333379075012,26.715982101248834,50.307911295053,True,exact,0.8190386481733729,True,ok,121.39930441696197
TIC_41115548,3.0,1200,9,216.8748207687495,8.20095,1.0,False,10.988482003011237,72.2916069229165,30.98731809567063,14.125120686154238,108.43185482734486,True,15.041590897384877,5.676319305038896,34.06870485907202,False,,0.8948757642608033,True,ok,16.240320541895926
TIC_150140723,3.0,1200,4,217.74881350069154,1.30334,1.31,False,3.0660563018588958,72.58293783356385,4.924674722661564,0.7819147240446209,108.86468455874969,True,3.000879407925974,34.06262050885581,47.18373189056785,True,exact,0.4728795227714578,True,ok,273.8135291249491
TIC_150108811,3.0,84,6,217.7487904164136,0.579531,0.571058,False,1.6038241322968396,72.58293013880454,0.5793560123566238,0.35121066226856384,108.8669878156351,True,52.25058704533553,22.55378117163712,14.5425524131429,False,,0.7183811832912482,True,ok,510.36598562495783
TIC_150148658,3.0,1200,1,217.74882675298295,1.0015,0.92,False,2.37867651831457,72.58294225099432,3.7841712329442485,0.628470242433287,108.86781615105969,True,2.999682341229773,30.974482826037487,28.161048787732952,True,exact,0.6453879480257068,True,ok,402.03975533274934
TIC_31527078,3.0,1200,8,216.45826986215116,1.17666,1.04,False,2.956512597731394,72.15275662071706,4.446013902103025,0.75289583855849,108.21941272278119,True,3.000106603455454,31.19722646839873,27.628618955995364,True,exact,0.4071227123795772,True,ok,307.82278562523425
TIC_150272131,3.0,2500,0,215.4882395559739,1.75116,1.7,False,3.683845079406842,71.82941318532464,9.550476408,1.0692067734697968,107.72891917839219,True,3.0001462327898243,38.609454182190476,62.75884479237314,True,exact,0.5128531775113134,True,ok,246.557139582932
TIC_31512788,3.0,2500,3,216.42912539900226,1.15226,1.05,False,2.4560984566688324,72.14304179966742,6.284195588,0.7260992067446947,108.20622937661881,True,2.9998604521357604,45.51842942095894,67.48454855624846,True,exact,0.578420049220742,True,ok,331.72185208275914
TIC_41173667,3.0,2500,8,216.8416941133928,9.05944,1.0,False,10.47072572601847,72.28056470446427,49.408373872,16.346730830761096,108.40973595346928,True,21.005301109392995,7.180321753664306,38.532761112269135,False,,0.8952916361630738,True,ok,18.813000790774822
TIC_374910243,3.0,2500,7,216.0354625243358,2.18139,1.44,False,4.720703279873116,72.01182084144527,11.896864782,1.6149446940638539,108.01148125381644,True,2.9989509503411154,41.350126771493095,159.73563420533497,True,exact,0.33195968424678035,True,ok,179.284354750067
TIC_31527078,3.0,2500,5,216.45826986215116,1.17666,1.04,False,2.8773968737170326,72.15275662071706,6.417268308,0.75289583855849,108.21941272278119,True,3.000106603455454,42.58370126638411,52.35441230799622,True,exact,0.5847914134720176,True,ok,359.54724154109135
TIC_41033344,3.0,2500,9,218.12739840775703,2.67922,1.19,False,6.616024886346805,72.70913280258567,14.611930035999999,2.416872159509487,109.0539769610588,True,2.9989320674460846,30.86552685143218,122.64719083064483,True,exact,0.392428798923196,True,ok,130.86111979186535
TIC_41173537,3.0,2500,2,216.036528139623,0.679786,0.69,False,1.9011503926511817,72.012176046541,3.7074168868,0.40585638536610835,108.0106251850119,True,3.000312948599563,38.400287668748874,41.5697637797862,True,exact,0.7732386858674587,True,ok,589.1579421251081
TIC_41083258,3.0,2500,6,216.44431789846567,1.10817,1.0,False,2.4937932051926133,72.14810596615523,6.043737546,0.7016038248162639,108.2131311820082,True,3.0007748905328158,34.79271905877655,28.159620453260196,True,exact,0.6302866470123627,True,ok,371.6949997092597
TIC_41083578,3.0,2500,1,216.41419808778755,0.712362,0.84,False,1.8233471746647112,72.13806602926252,3.8850798756000007,0.3946187008662672,108.19838145886561,True,3.000206579735433,67.58221705785817,94.9110626118528,True,exact,0.844528719658393,True,ok,691.7638406669721
TIC_31604176,3.0,5000,0,216.44990768708067,1.12881,0.93,False,2.9969310673878673,72.1499692290269,8.706328579779036,0.7481789703588672,108.21731496216341,True,3.000375986926158,41.270067284024506,55.31798045897928,True,exact,0.8656879963124927,True,ok,346.3580462918617
TIC_41089123,3.0,5000,3,218.12737599505363,1.79178,1.05,False,4.415192047662808,72.70912533168455,13.819708739891105,1.4072207730854156,109.05674354096381,True,3.0002795386401604,48.66394817771826,158.16256790351497,True,exact,0.674206299975652,True,ok,185.8959990409203
TIC_150108811,3.0,2500,4,217.7487904164136,0.579531,0.571058,False,1.8094832655631805,72.58293013880454,3.1606461678000004,0.35121066226856384,108.8669878156351,True,2.999631871595387,44.23053574860388,28.16690897652716,True,exact,0.7933466245047469,True,ok,691.3789687091485
TIC_41083258,3.0,5000,1,216.44431789846567,1.10817,1.0,False,2.4625112640210225,72.14810596615523,8.547135604976688,0.7016038248162639,108.2131311820082,True,3.0007748905328158,37.22841413623737,53.21707894697015,True,exact,0.8895981822332713,True,ok,365.59910637512803
TIC_389920950,3.0,5000,2,214.7074165644667,1.30703,1.32,False,3.1072329122219218,71.56913885482224,10.080910555034587,0.7824274073888856,107.3488471885771,True,2.9992723343372965,62.48121118233431,223.00927811572836,True,exact,0.7271260011003664,True,ok,347.5466809999198
TIC_41173667,10.0,84,0,216.8416941133928,9.05944,1.0,False,34.79244257644342,21.68416941133928,9.056704529324733,16.346730830761096,108.40973595346928,True,87.18641770769797,4.083536848907495,18.40189693549163,False,,0.8121363510302864,True,ok,15.127374709118158
TIC_149503727,3.0,5000,7,216.6947678562201,2.55106,1.0,False,5.966443170986161,72.2315892854067,19.675912320701542,2.449423710333238,108.33959688647622,True,2.998556580278492,35.72322173311537,196.01370842856144,True,exact,0.4295319263928826,True,ok,125.23543141689152
TIC_374910243,3.0,5000,6,216.0354625243358,2.18139,1.44,False,4.239563033083903,72.01182084144527,16.824707524423232,1.6149446940638539,108.01148125381644,True,2.9989509503411154,45.36000084368012,185.0195422187363,True,exact,0.6175400381038992,True,ok,163.7212388748303
TIC_150140723,3.0,5000,4,217.74881350069154,1.30334,1.31,False,2.957083011138949,72.58293783356385,10.052450183085911,0.7819147240446209,108.86468455874969,True,3.000879407925974,47.00888029340952,147.0739802794264,True,exact,0.7566534334691333,True,ok,332.7887748340145
TIC_41033344,10.0,84,1,218.12739840775703,2.67922,1.19,False,9.248578016169159,21.812739840775702,2.678411017574752,2.416872159509487,109.0539769610588,True,96.42545335097013,12.943531628933982,37.97683689354826,False,,0.3844879430681812,True,ok,61.14231437491253
TIC_41033344,10.0,84,2,218.12739840775703,2.67922,1.19,False,9.313187177789008,21.812739840775702,2.678411017574752,2.416872159509487,109.0539769610588,True,96.42545335097013,12.762522142042913,37.98983210592357,False,,0.4120724548891205,True,ok,58.63169625028968
TIC_150105350,10.0,84,4,215.48817756672133,3.03262,1.09,False,11.201911685218644,21.548817756672133,3.0317043095070746,3.0395541227885037,107.73305482436638,True,53.337109180280265,12.067404711008814,-2.4360712626904006,False,,0.6364891535363826,True,ok,43.98080262495205
TIC_41033344,10.0,84,3,218.12739840775703,2.67922,1.19,False,8.970462965029869,21.812739840775702,2.678411017574752,2.416872159509487,109.0539769610588,True,96.42545335097013,12.888336030252448,37.979595349670966,False,,0.4048732177471016,True,ok,59.14721162477508
TIC_40976749,10.0,84,5,216.79851473561257,2.03018,1.21,False,7.172205828846138,21.679851473561257,2.0295669932517337,1.5814080311567236,108.3923129279955,True,70.68824952715431,14.452966678528309,13.503795567249362,False,,0.6069841498137889,True,ok,86.6296237083152
TIC_31526716,10.0,84,7,216.87491403761533,3.55794,1.29,False,12.780859771549771,21.687491403761534,3.55686569071219,3.553716345803032,108.43190146306699,True,100.05253049061858,10.96749510722008,45.94726780973702,False,,0.3933691663624973,True,ok,51.93442395795137
TIC_41232189,3.0,5000,9,216.87474811459106,2.47163,2.66,False,4.468896189512581,72.29158270486369,19.063281604202,1.432537305050426,108.42695739770681,True,2.999104859481722,45.2223834744299,184.06344882705667,True,exact,0.6763493327818484,True,ok,179.02849741699174
TIC_31526716,10.0,1200,1,216.87491403761533,3.55794,1.29,False,12.782390574820987,21.687491403761534,13.44368866354634,3.553716345803032,108.43190146306699,True,9.995896869732471,18.05262030011748,55.16557482785033,True,exact,0.35456413753766636,True,ok,64.58073183288798
TIC_31512788,3.0,5000,8,216.42912539900226,1.15226,1.05,False,2.6658857196456935,72.14304179966742,8.887194629154767,0.7260992067446947,108.20622937661881,True,2.9998604521357604,63.26688890333529,126.20925910934471,True,exact,0.7234727725327403,True,ok,345.0851378329098
TIC_41089123,10.0,1200,2,218.12737599505363,1.79178,1.05,False,6.250988077091762,21.81273759950536,6.770246961322861,1.4072207730854156,109.05674354096381,True,10.000103399715822,26.238829985553682,28.47578599785268,True,exact,0.3475568120030669,True,ok,129.4243381251581
TIC_41033344,10.0,1200,3,218.12739840775703,2.67922,1.19,False,8.893985318070463,21.812739840775702,10.123442087597493,2.416872159509487,109.0539769610588,True,10.004743531054375,18.239766936788925,41.16688085454809,True,exact,0.3098188022690829,True,ok,81.13787858281285
TIC_167006493,10.0,1200,0,216.69342063717477,0.982014,1.01,False,3.4233178608637553,21.669342063717476,3.7105433141772477,0.5823952519499718,108.33907143557906,True,10.002546263740335,43.527163085377616,55.05649447097464,True,exact,0.9037243931393648,True,ok,273.5219951667823
TIC_31513988,10.0,84,9,216.73602268458035,0.793387,0.97,False,2.9955525262079794,21.673602268458033,0.7931474391802763,0.43163260669993025,108.35967801523921,True,69.18539004322335,42.41880339414946,23.696789095194717,False,,0.9065527215226187,True,ok,296.2770354170352
TIC_374910243,10.0,1200,5,216.0354625243358,2.18139,1.44,False,7.077484463614644,21.60354625243358,8.242389701280333,1.6149446940638539,108.01148125381644,True,9.996055301103578,28.564974954843187,66.27733583722981,True,exact,0.2523600627563722,False,ok,115.98385487496853
TIC_31604105,10.0,84,6,216.44991396220848,0.830753,0.92,False,2.96711405662816,21.64499139622085,0.8305021566288987,0.47486633483533514,108.21731810206427,True,60.37430686261162,20.785307439139263,15.617337008727775,False,,0.6138920885789091,True,ok,399.82215595804155
TIC_40975922,10.0,84,8,216.42070839805638,0.549435,0.544747,False,2.5265687029277775,21.642070839805637,0.549269099753355,0.33192496270835464,108.2020208730595,True,56.73889819238426,35.2294468031181,11.553746723141836,False,,0.62827201601618,True,ok,464.8362324591726
TIC_41089123,10.0,1200,8,218.12737599505363,1.79178,1.05,False,6.59196096677432,21.81273759950536,6.770246961322861,1.4072207730854156,109.05674354096381,True,10.000103399715822,27.301814136672174,28.934127869507734,True,exact,0.36649495880484306,True,ok,139.29827166721225
TIC_150271680,10.0,1200,7,214.08406148191852,1.30609,0.92,False,5.153718544383389,21.40840614819185,4.935065607225315,0.9361730164267875,107.03508630698254,True,10.005303167927064,24.33607893202142,35.375795393116206,True,exact,0.6756239296171128,True,ok,185.86423612525687
TIC_150140723,10.0,1200,9,217.74881350069154,1.30334,1.31,False,4.056602597332002,21.774881350069155,4.924674722661564,0.7819147240446209,108.86468455874969,True,10.002739158942784,24.97330013817889,10.321846259443639,True,exact,0.8120499102882685,True,ok,201.65832841675729
TIC_41115548,10.0,2500,3,216.8748207687495,8.20095,1.0,False,30.96101868355577,21.68748207687495,44.72634111000001,14.125120686154238,108.43185482734486,True,20.076813509445813,6.705639937213405,66.44696346024003,True,double,0.7945557794669121,True,ok,15.16831516707316
TIC_150148658,10.0,1200,4,217.74882675298295,1.0015,0.92,False,3.3803868733062856,21.774882675298294,3.7841712329442485,0.628470242433287,108.86781615105969,True,9.999854116253278,23.09999646481862,10.298180856312626,True,exact,0.8051583638119257,True,ok,363.7333539579995
TIC_167006919,10.0,2500,2,209.73230555297937,1.69725,1.0,False,6.427597014609184,20.97323055529794,9.25646205,1.3301487231172417,104.859208348879,True,9.998072121729862,41.112232065506284,101.2154115974404,True,exact,0.44135161284366403,True,ok,180.68924916582182
TIC_150104808,10.0,2500,5,214.36688028520098,2.14703,0.99,False,7.458828946922336,21.4366880285201,11.709472214,1.902226885657502,107.17603276387355,True,10.004547101730655,25.408846844942165,58.838778501931856,True,exact,0.7396463040074932,True,ok,122.51867674989626
TIC_31604176,10.0,2500,1,216.44990768708067,1.12881,0.93,False,3.6608258836393976,21.644990768708066,6.156303978,0.7481789703588672,108.21731496216341,True,70.76576535081826,22.08760212073053,17.824468582486396,False,,0.7824172720650002,True,ok,274.7344655841589
TIC_374910243,10.0,2500,6,216.0354625243358,2.18139,1.44,False,6.3102917128368325,21.60354625243358,11.896864782,1.6149446940638539,108.01148125381644,True,9.996055301103578,35.542044550278995,96.11718493782583,True,exact,0.23719221283008754,False,ok,128.40121475001797
TIC_31526975,10.0,2500,0,216.41104250744775,0.912549,0.99,False,3.424529377862976,21.641104250744775,4.976859736200001,0.5269954489905262,108.19996569969284,True,9.996848284375222,37.102142216743346,34.901858319272144,True,exact,0.7087038429854329,True,ok,426.820698375348
TIC_40975842,10.0,2500,7,216.8748678903039,1.89855,1.22,False,6.125102296245176,21.68748678903039,10.35431199,1.4245357603229793,108.42701728838449,True,10.001164223875621,44.01891187374367,101.37096342632931,True,exact,0.6078659037923344,True,ok,161.0780561659485
TIC_41033344,10.0,2500,9,218.12739840775703,2.67922,1.19,False,9.883213680358539,21.812739840775702,14.611930035999999,2.416872159509487,109.0539769610588,True,10.004743531054375,25.12705564008298,77.20739885290345,True,exact,0.30789652210323876,True,ok,104.4165312917903
TIC_150271680,10.0,2500,8,214.08406148191852,1.30609,0.92,False,4.984262492958973,21.40840614819185,7.123153642,0.9361730164267875,107.03508630698254,True,9.995083349664263,32.72559589461426,67.24653650499032,True,exact,0.6560979753966398,True,ok,223.814236916136
TIC_149503727,10.0,5000,2,216.6947678562201,2.55106,1.0,False,8.954273105219968,21.66947678562201,19.675912320701542,2.449423710333238,108.33959688647622,True,10.004878287490627,36.84680838085814,124.29864444756065,True,exact,0.3147933158147234,True,ok,96.91347674978897
TIC_31604147,10.0,5000,1,216.46936059439395,1.90923,1.19,False,6.474945187824289,21.646936059439394,14.725581554355053,1.4541384008207943,108.22565253138885,True,10.002616377212817,39.89586918206063,98.02507253018472,True,exact,0.5696591818410319,True,ok,159.51098379213363
TIC_167006919,10.0,5000,4,209.73230555297937,1.69725,1.0,False,5.947204667516866,20.97323055529794,13.090614170701862,1.3301487231172417,104.859208348879,True,9.998072121729862,52.594128352792794,120.80890420244017,True,exact,0.557604005225386,True,ok,173.27472445834428
TIC_41085097,3.0,5000,5,216.46653281944646,19.8974,1.0,False,9.73732683025361,72.15551093981549,153.46542135815187,0.6016145826327647,108.22701641244964,True,2.9999906161845264,59.343788160050956,119.20082517210476,True,exact,0.5144829986993557,True,ok,1586.0659507918172
TIC_389920950,10.0,5000,3,214.7074165644667,1.30703,1.32,False,3.899793942713565,21.47074165644667,10.080910555034587,0.7824274073888856,107.3488471885771,True,10.000349126684535,74.22326572157898,119.17050277760987,True,exact,0.6895715389026351,True,ok,287.48256645770743
TIC_31604105,10.0,5000,0,216.44991396220848,0.830753,0.92,False,3.171055995981502,21.64499139622085,6.407463245929052,0.47486633483533514,108.21731810206427,True,9.997413534649452,42.96650033307622,39.80557109666758,True,exact,0.6544683334455461,True,ok,489.0205572498962
TIC_41033344,10.0,5000,7,218.12739840775703,2.67922,1.19,False,9.763229291793404,21.812739840775702,20.664389629357984,2.416872159509487,109.0539769610588,True,10.004743531054375,32.43693444337581,108.82662156968465,True,exact,0.3377168432960421,True,ok,99.07564637484029
TIC_31526716,10.0,5000,9,216.87491403761533,3.55794,1.29,False,12.10544099397121,21.687491403761534,27.44181457210604,3.553716345803032,108.43190146306699,True,9.995896869732471,29.003034975907017,115.02090275172792,True,exact,0.4551343610813411,True,ok,72.81489391624928
TIC_40975842,20.0,84,0,216.8748678903039,1.89855,1.22,False,8.379360507846414,10.843743394515196,1.8979767385345532,1.4245357603229793,108.42701728838449,True,55.235469606895606,24.189559619296368,25.572692043629583,False,,0.6773353123048997,True,ok,97.9751390828751
TIC_150140723,10.0,5000,6,217.74881350069154,1.30334,1.31,False,4.64179150340032,21.774881350069155,10.052450183085911,0.7819147240446209,108.86468455874969,True,10.002739158942784,49.236099940971606,94.33234862854461,True,exact,0.778156967915423,True,ok,279.79172058356926
TIC_41033344,20.0,84,2,218.12739840775703,2.67922,1.19,False,10.7198869769703,10.906369920387851,2.678411017574752,2.416872159509487,109.0539769610588,True,96.42545335097013,12.87143130511569,37.97621690254144,False,,0.40553203054085996,True,ok,61.40512179164216
TIC_41173667,20.0,84,4,216.8416941133928,9.05944,1.0,False,41.85105538219367,10.84208470566964,9.056704529324733,16.346730830761096,108.40973595346928,True,87.18641770769797,4.336787080193752,18.051354716585507,False,,0.8118826469159444,True,ok,12.50333633320406
TIC_150140723,10.0,5000,8,217.74881350069154,1.30334,1.31,False,3.884422028825761,21.774881350069155,10.052450183085911,0.7819147240446209,108.86468455874969,True,10.002739158942784,48.85040017912335,89.03440717768197,True,exact,0.8324478167984998,True,ok,278.7298988336697
TIC_150140723,20.0,84,1,217.74881350069154,1.30334,1.31,False,5.5311232934805385,10.887440675034577,1.3029464604048482,0.7819147240446209,108.86468455874969,True,84.01646547448371,19.150439206185943,24.884160715545967,False,,0.6587768186434302,True,ok,153.96516750007868
TIC_31527078,20.0,84,3,216.45826986215116,1.17666,1.04,False,4.957485055796824,10.822913493107558,1.1763047110500473,0.75289583855849,108.21941272278119,True,95.50584028153618,17.546355793926278,22.3766022735506,False,,0.6757679123849648,True,ok,230.73577775014564
TIC_150108811,10.0,5000,5,217.7487904164136,0.579531,0.571058,False,2.681962185668735,21.774879041641363,4.469828676365309,0.35121066226856384,108.8669878156351,True,10.000922101528298,51.640626507300695,39.46204484013646,True,exact,0.7835316430886972,True,ok,675.8536000000313
TIC_167006493,20.0,84,5,216.69342063717477,0.982014,1.01,False,4.078066133659213,10.834671031858738,0.9817174838246404,0.5823952519499718,108.33907143557906,True,85.92436794244546,15.7392947721358,29.3457148082044,False,,0.9455942270321674,True,ok,194.6847226251848
TIC_150065109,20.0,84,7,214.76321749063618,1.35667,1.4,False,5.953296557219711,10.73816087453181,1.3562603575716585,0.8034023314941854,107.37188655306284,True,51.92553322739427,17.794192281308092,14.625679753037472,False,,0.6313014892646837,True,ok,145.36349070910364
TIC_389920950,20.0,84,6,214.7074165644667,1.30703,1.32,False,5.755567856770854,10.735370828223335,1.3066353462204403,0.7824274073888856,107.3488471885771,True,53.502994175745016,19.394111867547593,35.14991997663646,False,,0.6602655811282984,True,ok,182.6941253328696
TIC_150104808,20.0,84,9,214.36688028520098,2.14703,0.99,False,9.944724656174792,10.71834401426005,2.1463817107454854,1.902226885657502,107.17603276387355,True,66.77005746931087,10.101933806247056,31.229440897002174,False,,0.6006233554815779,True,ok,82.69893725030124
TIC_40976749,20.0,1200,2,216.79851473561257,2.03018,1.21,False,8.701336659092389,10.839925736780629,7.671042190413135,1.5814080311567236,108.3923129279955,True,20.01076871757352,26.3552217879253,46.19436734501954,True,exact,0.6401821789703632,True,ok,115.42851170804352
TIC_41085097,10.0,1200,6,216.46653281944646,19.8974,1.0,False,36.88054757232271,21.646653281944644,75.1823950977383,0.6016145826327647,108.22701641244964,True,19.99413053334654,20.43825515303166,27.03269055267787,True,double,0.27876338710941717,False,ok,1578.9826446659863
TIC_167006493,20.0,84,8,216.69342063717477,0.982014,1.01,False,4.015208726713686,10.834671031858738,0.9817174838246404,0.5823952519499718,108.33907143557906,True,85.92436794244546,15.79437024578415,29.338674775128236,False,,0.9455391882601673,True,ok,180.77151441620663
TIC_31604303,20.0,1200,3,216.50407029714597,1.91863,1.05,False,9.113425797479666,10.825203514857298,7.249550127472614,1.5592610901705477,108.2409240544543,True,86.27033113418878,19.893291915386232,34.44516847301666,False,,0.6877072194069486,True,ok,123.14802799979225
TIC_31410025,20.0,1200,0,216.44579908563992,1.11095,0.97,False,5.043657398153369,10.822289954281995,4.1977284385815405,0.7151524106534499,108.21248289119023,True,20.001760126179853,31.0353533493319,26.172217696480253,True,exact,0.7275938278445582,True,ok,216.34278762480244
TIC_150271680,20.0,1200,6,214.08406148191852,1.30609,0.92,False,6.372209528888179,10.704203074095926,4.935065607225315,0.9361730164267875,107.03508630698254,True,19.99785486234107,21.0841357474091,12.942559035473021,True,exact,0.8467015575859538,True,ok,165.74257974978536
TIC_31527078,20.0,1200,4,216.45826986215116,1.17666,1.04,False,4.888676348860463,10.822913493107558,4.446013902103025,0.75289583855849,108.21941272278119,True,95.50584028153618,17.117228930819863,22.276664142945673,False,,0.6774813384267864,True,ok,248.27528070798144
TIC_150105350,20.0,1200,9,215.48817756672133,3.03262,1.09,False,13.943446739171346,10.774408878336066,11.458765216626448,3.0395541227885037,107.73305482436638,True,20.003474702570404,23.253110515140506,74.46547957266735,True,exact,0.42558850805009973,True,ok,73.73043841589242
TIC_41085097,10.0,2500,4,216.46653281944646,19.8974,1.0,False,36.91618143810474,21.646653281944644,108.51644012000001,0.6016145826327647,108.22701641244964,True,20.00045104610317,29.346331578811174,47.99509442335887,True,double,0.3514070067376449,True,ok,1579.938110999763
TIC_31527078,20.0,1200,7,216.45826986215116,1.17666,1.04,False,5.4657320005291785,10.822913493107558,4.446013902103025,0.75289583855849,108.21941272278119,True,95.50584028153618,16.876842612373036,22.24351252511854,False,,0.6755598739776781,True,ok,252.37266949983314
TIC_41033344,20.0,2500,1,218.12739840775703,2.67922,1.19,False,12.045464513270236,10.906369920387851,14.611930035999999,2.416872159509487,109.0539769610588,True,19.97707674292395,20.34010858810988,56.695584423556234,True,exact,0.39271184949242927,True,ok,80.2793141673319
TIC_41089123,20.0,2500,0,218.12737599505363,1.79178,1.05,False,7.292532057610438,10.90636879975268,9.772009764,1.4072207730854156,109.05674354096381,True,19.99889315054445,28.98638406492471,37.703231393612484,True,exact,0.6716635625486828,True,ok,129.1088662496768
TIC_40975922,20.0,1200,1,216.42070839805638,0.549435,0.544747,False,3.105933496185706,10.821035419902818,2.0760420582852954,0.33192496270835464,108.2020208730595,True,56.73889819238426,34.76117810762985,11.526068424882936,False,,0.6286442374422612,True,ok,503.4809294999577
TIC_31513962,20.0,2500,2,216.41100826176762,1.87362,1.08,False,7.490968872526365,10.82055041308838,10.218348756000001,1.4840723560659144,108.1978652476033,True,20.01268110784764,24.778866483796993,26.584717824179826,True,exact,0.5997172991807009,True,ok,141.87907370878384
TIC_41173667,20.0,2500,7,216.8416941133928,9.05944,1.0,False,44.42473241575608,10.84208470566964,49.408373872,16.346730830761096,108.40973595346928,True,19.943848693448878,8.384779337601946,47.052039957567914,True,exact,0.7228302533580483,True,ok,12.772308084182441
TIC_40976749,20.0,2500,3,216.79851473561257,2.03018,1.21,False,9.174384922989955,10.839925736780629,11.072195684,1.5814080311567236,108.3923129279955,True,20.01076871757352,31.08749917591915,83.88484589062239,True,exact,0.6110563568214938,True,ok,151.6948628332466
TIC_31526975,20.0,1200,8,216.41104250744775,0.912549,0.99,False,4.15614363821175,10.820552125372387,3.4480695700968957,0.5269954489905262,108.19996569969284,True,19.99404514307013,28.01124436647536,14.379053651313985,True,exact,0.7585291225922562,True,ok,387.6743747079745
TIC_374910243,20.0,2500,4,216.0354625243358,2.18139,1.44,False,9.150042116731724,10.80177312621679,11.896864782,1.6149446940638539,108.01148125381644,True,19.99579838608062,37.19042080562113,93.75251559479862,True,exact,0.3342818817099311,True,ok,139.2161183753051
TIC_374910243,20.0,2500,6,216.0354625243358,2.18139,1.44,False,9.327714583806022,10.80177312621679,11.896864782,1.6149446940638539,108.01148125381644,True,19.99579838608062,35.09983200621019,84.5945173602185,True,exact,0.3976284030052197,True,ok,124.94781104195863
TIC_40975922,20.0,1200,5,216.42070839805638,0.549435,0.544747,False,2.7374402469807797,10.821035419902818,2.0760420582852954,0.33192496270835464,108.2020208730595,True,56.73889819238426,34.88737812517472,11.53220462580279,False,,0.62827201601618,True,ok,509.42069829208776
TIC_40975842,20.0,2500,8,216.8748678903039,1.89855,1.22,False,8.743206939082112,10.843743394515196,10.35431199,1.4245357603229793,108.42701728838449,True,20.01410826834328,31.830988189346723,83.79479623672562,True,exact,0.7553154232663268,True,ok,166.72530291695148
TIC_31604147,20.0,5000,0,216.46936059439395,1.90923,1.19,False,8.863821955244974,10.823468029719697,14.725581554355053,1.4541384008207943,108.22565253138885,True,19.99243592222861,35.83329679389386,86.09102545135663,True,exact,0.6690370262096959,True,ok,186.03140625031665
TIC_31512788,20.0,2500,5,216.42912539900226,1.15226,1.05,False,5.224322457813777,10.821456269950113,6.284195588,0.7260992067446947,108.20622937661881,True,19.995705777495985,23.850394509477027,39.39149082548442,True,exact,0.8469359493784051,True,ok,295.0522494171746
TIC_150065109,20.0,2500,9,214.76321749063618,1.35667,1.4,False,5.107546081304959,10.73816087453181,7.399006846,0.8034023314941854,107.37188655306284,True,20.00124559423053,49.34811522771891,82.63688323624986,True,exact,0.5688546334139832,True,ok,255.49823975004256
TIC_31526716,20.0,5000,6,216.87491403761533,3.55794,1.29,False,13.989440038906768,10.843745701880767,27.44181457210604,3.553716345803032,108.43190146306699,True,19.98513601931582,23.680998140458502,88.33724343241455,True,exact,0.5200343734550035,True,ok,88.42239170894027
TIC_40975842,20.0,5000,5,216.8748678903039,1.89855,1.22,False,8.694644159794722,10.843743394515196,14.643208445300349,1.4245357603229793,108.42701728838449,True,20.01410826834328,39.59897371164247,106.27501404998107,True,exact,0.8196583591532048,True,ok,203.31935237534344
TIC_31527078,20.0,5000,2,216.45826986215116,1.17666,1.04,False,4.8827173422531915,10.822913493107558,9.075387874560644,0.75289583855849,108.21941272278119,True,20.007944618310617,35.69424121509817,45.125424494698144,True,exact,0.7338933924637162,True,ok,372.3252956662327
TIC_31604303,20.0,5000,8,216.50407029714597,1.91863,1.05,False,9.29646990884453,10.825203514857298,14.798082230863875,1.5592610901705477,108.2409240544543,True,20.017571637748027,27.691383212506192,80.79243122520559,True,exact,0.8234030375887667,True,ok,163.5094628748484
TIC_150105350,40.0,84,0,215.48817756672133,3.03262,1.09,False,17.845899204426,5.387204439168033,3.0317043095070746,3.0395541227885037,107.73305482436638,True,53.337109180280265,12.183707931074617,-2.3503196536674213,False,,0.6329979326761752,True,ok,41.90280129108578
TIC_41173667,40.0,84,2,216.8416941133928,9.05944,1.0,False,55.75888591869885,5.42104235283482,9.056704529324733,16.346730830761096,108.40973595346928,True,87.18641770769797,4.370085407456658,18.06983098040872,False,,0.8217716603061103,True,ok,15.74440574971959
TIC_41083208,40.0,84,1,216.8179236880569,2.47346,1.71,False,12.524203809668059,5.420448092201423,2.4727131461882363,1.7895337928151953,108.3985451904529,True,2.875946629186283,11.224219040036374,3.0466433844365075,False,,0.6370593377273283,True,ok,111.00673512462527
TIC_31512788,20.0,5000,7,216.42912539900226,1.15226,1.05,False,5.422262935879862,10.821456269950113,8.887194629154767,0.7260992067446947,108.20622937661881,True,19.995705777495985,43.5847610869039,70.24354319672459,True,exact,0.8256047505963074,True,ok,362.85605987533927
TIC_150272131,20.0,5000,9,215.4882395559739,1.75116,1.7,False,6.378353605858696,10.774411977798696,13.506413263317882,1.0692067734697968,107.72891917839219,True,19.996987705310367,35.42846242431497,59.32414653257971,True,exact,0.5846202789099014,True,ok,271.7446884592064
TIC_389920950,40.0,84,3,214.7074165644667,1.30703,1.32,False,7.231205585137529,5.367685414111667,1.3066353462204403,0.7824274073888856,107.3488471885771,True,53.502994175745016,19.366158907476986,35.16001961767703,False,,0.6605805334490752,True,ok,253.64085233258083
TIC_31526716,40.0,84,6,216.87491403761533,3.55794,1.29,False,19.008151404502108,5.4218728509403835,3.55686569071219,3.553716345803032,108.43190146306699,True,100.05253049061858,10.961242599294184,45.96909390234609,False,,0.3933691663624973,True,ok,76.42693837499246
TIC_150108811,20.0,5000,1,217.7487904164136,0.579531,0.571058,False,3.401756552373936,10.887439520820681,4.469828676365309,0.35121066226856384,108.8669878156351,True,19.999945003179818,52.8529582347103,31.412548925408856,True,exact,0.7178483600753479,True,ok,812.2143062497489
TIC_41089123,40.0,84,7,218.12737599505363,1.79178,1.05,False,9.230101395932087,5.45318439987634,1.7912389774151019,1.4072207730854156,109.05674354096381,True,97.52418854092436,13.252372899825604,20.759201460398213,False,,0.5025591564306409,True,ok,153.30999833298847
TIC_150108811,20.0,5000,3,217.7487904164136,0.579531,0.571058,False,3.2707230242309033,10.887439520820681,4.469828676365309,0.35121066226856384,108.8669878156351,True,19.999945003179818,50.7985143767736,32.66840181824672,True,exact,0.7751872785938386,True,ok,910.234951082617
TIC_150250528,40.0,84,4,214.08406531920036,0.81855,0.9,False,4.699972940016737,5.352101632980009,0.8183028412880664,0.46961061012662353,107.03300490252253,True,55.71263516915501,26.529297007803265,22.66240346706201,False,,0.8083935852831035,True,ok,500.28341458318755
TIC_40976749,40.0,1200,0,216.79851473561257,2.03018,1.21,False,11.490102865083502,5.419962868390314,7.671042190413135,1.5814080311567236,108.3923129279955,True,40.01803953828713,27.976925938790448,42.121054762695344,True,exact,0.7711445714283994,True,ok,199.3005342092365
TIC_389920950,40.0,84,9,214.7074165644667,1.30703,1.32,False,7.3968855916863285,5.367685414111667,1.3066353462204403,0.7824274073888856,107.3488471885771,True,53.502994175745016,19.373494280464822,35.17146596641147,False,,0.6605805334490752,True,ok,275.99363941606134
TIC_167006919,40.0,1200,1,209.73230555297937,1.69725,1.0,False,10.536731514697717,5.243307638824485,6.413065027573266,1.3301487231172417,104.859208348879,True,53.428412247435126,14.949251017996406,24.693148661219766,False,,0.523770463990275,True,ok,171.903975749854
TIC_31604303,40.0,1200,5,216.50407029714597,1.91863,1.05,False,11.675140698805453,5.412601757428649,7.249550127472614,1.5592610901705477,108.2409240544543,True,86.27033113418878,20.525340907920082,34.41123285005103,False,,0.7019057856655939,True,ok,239.11043483298272
TIC_31604176,40.0,1200,3,216.44990768708067,1.12881,0.93,False,7.177772630174196,5.4112476921770165,4.2652125106937575,0.7481789703588672,108.21731496216341,True,70.76576535081826,26.962384939345768,18.102434702154362,False,,0.7748648700312512,True,ok,435.12622679164633
TIC_150108811,40.0,84,5,217.7487904164136,0.579531,0.571058,False,4.331861811131505,5.443719760410341,0.5793560123566238,0.35121066226856384,108.8669878156351,True,52.25058704533553,22.567581193106772,14.541718323007515,False,,0.7374316585241631,True,ok,914.3412009170279
TIC_41083258,40.0,1200,4,216.44431789846567,1.10817,1.0,False,6.657659353763055,5.411107947461642,4.187224198913458,0.7016038248162639,108.2131311820082,True,56.692270259097135,21.45442117271401,9.673415043224374,False,,0.6697597094691311,True,ok,451.63191949995235
TIC_40976749,40.0,1200,6,216.79851473561257,2.03018,1.21,False,11.48997492514916,5.419962868390314,7.671042190413135,1.5814080311567236,108.3923129279955,True,40.01803953828713,26.002404528891784,44.951182942846565,True,exact,0.7784340832789477,True,ok,203.55214858287945
TIC_374910243,40.0,1200,7,216.0354625243358,2.18139,1.44,False,11.321811491009399,5.400886563108395,8.242389701280333,1.6149446940638539,108.01148125381644,True,39.971054349167666,26.3511797532153,48.7927478525235,True,exact,0.3943455313396343,True,ok,163.67217641603202
TIC_41083578,40.0,1200,2,216.41419808778755,0.712362,0.84,False,3.9692493335059726,5.410354952194689,2.6916622944010293,0.3946187008662672,108.19838145886561,True,39.98724552350277,50.30656135167844,14.258973574247616,True,exact,0.9159227809661079,True,ok,629.2536951252259
TIC_150272131,40.0,2500,0,215.4882395559739,1.75116,1.7,False,8.665932705538586,5.387205988899348,9.550476408,1.0692067734697968,107.72891917839219,True,40.00816206758676,31.687006051170474,23.838924501072952,True,exact,0.5439810691864474,True,ok,232.96240066597238
TIC_150105350,40.0,2500,3,215.48817756672133,3.03262,1.09,False,17.45653733892508,5.387204439168033,16.539302956,3.0395541227885037,107.73305482436638,True,39.94098439927706,22.50738207595064,87.71349696832003,True,exact,0.5003936413774015,True,ok,98.88772041583434
TIC_31512788,40.0,2500,2,216.42912539900226,1.15226,1.05,False,6.70593727121494,5.410728134975057,6.284195588,0.7260992067446947,108.20622937661881,True,89.62736134337153,17.434418332747747,31.551823225013724,False,,0.764190447012312,True,ok,312.17752037523314
TIC_31604176,40.0,2500,1,216.44990768708067,1.12881,0.93,False,6.745429153075995,5.4112476921770165,6.156303978,0.7481789703588672,108.21731496216341,True,70.76576535081826,25.730626119728914,17.932907101324897,False,,0.7761347082239407,True,ok,343.32789437519386
TIC_150250528,40.0,1200,8,214.08406531920036,0.81855,0.9,False,4.683389493585749,5.352101632980009,3.0928940216939735,0.46961061012662353,107.03300490252253,True,55.64896027592506,26.320035069375518,22.421164542394713,False,,0.7618669812434327,True,ok,506.489837042056
TIC_31513962,40.0,2500,4,216.41100826176762,1.87362,1.08,False,11.301701402659994,5.41027520654419,10.218348756000001,1.4840723560659144,108.1978652476033,True,40.00524466109011,25.639920778631435,37.405388116867606,True,exact,0.5361217948854426,True,ok,185.3942028330639
TIC_41089123,40.0,2500,5,218.12737599505363,1.79178,1.05,False,10.85701476991168,5.45318439987634,9.772009764,1.4072207730854156,109.05674354096381,True,39.99119597751358,30.28895423554526,44.17170614954873,True,exact,0.7622765900766764,True,ok,181.40803529229015
TIC_40976749,40.0,2500,7,216.79851473561257,2.03018,1.21,False,10.62181029495412,5.419962868390314,11.072195684,1.5814080311567236,108.3923129279955,True,40.01803953828713,29.144556203063107,53.986232611837195,True,exact,0.8189320061628056,True,ok,156.24994054203853
TIC_149503727,40.0,2500,8,216.6947678562201,2.55106,1.0,False,15.437150848607487,5.417369196405502,13.912971028,2.449423710333238,108.33959688647622,True,40.056518860185456,22.5833961292657,81.55255863284744,True,exact,0.38207558289046983,True,ok,150.2432225830853
TIC_40975922,40.0,1200,9,216.42070839805638,0.549435,0.544747,False,4.082520177001189,5.410517709951409,2.0760420582852954,0.33192496270835464,108.2020208730595,True,56.73889819238426,34.900595736591825,11.53995754256093,False,,0.62827201601618,True,ok,715.1608165409416
TIC_150271680,40.0,2500,6,214.08406148191852,1.30609,0.92,False,7.59775380163903,5.352101537047963,7.123153642,0.9361730164267875,107.03508630698254,True,40.016228862216245,31.349512007862995,53.37552706658422,True,exact,0.7859802239532766,True,ok,279.01883612480015
TIC_150105350,40.0,2500,9,215.48817756672133,3.03262,1.09,False,17.142907623272045,5.387204439168033,16.539302956,3.0395541227885037,107.73305482436638,True,39.94098439927706,20.72495929786961,85.84947471141172,True,exact,0.5186950970673181,True,ok,111.8939569578506
TIC_31526716,40.0,5000,3,216.87491403761533,3.55794,1.29,False,19.85074382740334,5.4218728509403835,27.44181457210604,3.553716345803032,108.43190146306699,True,39.95155334837943,23.046028111202336,93.84493949530314,True,exact,0.5745879438786633,True,ok,88.28950854204595
TIC_40976749,40.0,5000,2,216.79851473561257,2.03018,1.21,False,9.549051468521057,5.419962868390314,15.658449301561646,1.5814080311567236,108.3923129279955,True,40.01803953828713,35.41888766927819,79.23397714468764,True,exact,0.8159108571995661,True,ok,186.86997716594487
TIC_41085097,40.0,84,8,216.46653281944646,19.8974,1.0,False,123.50504555227741,5.411663320486161,19.89139203988171,0.6016145826327647,108.22701641244964,True,52.73506562064419,8.443155255143939,5.655749325314842,False,,0.1822380180869269,False,ok,1735.157162874937
TIC_41083208,40.0,5000,5,216.8179236880569,2.47346,1.71,False,12.569704989488418,5.420448092201423,19.07739609760744,1.7895337928151953,108.3985451904529,True,39.97869604085695,23.975325658709718,12.331314087486676,True,exact,0.3791381033016384,True,ok,169.56769670778885
TIC_41085097,20.0,5000,4,216.46653281944646,19.8974,1.0,False,76.05768387725375,10.823326640972322,153.46542135815187,0.6016145826327647,108.22701641244964,True,20.01942857591808,30.43025462751272,92.88745774137253,True,exact,0.5294216617915162,True,ok,2429.8451753328554
TIC_31527078,40.0,5000,0,216.45826986215116,1.17666,1.04,False,6.146341052466855,5.411456746553779,9.075387874560644,0.75289583855849,108.21941272278119,True,40.02308854251348,31.203703457920586,38.171993946686804,True,exact,0.7336188421322714,True,ok,452.6205394589342
TIC_40975842,40.0,5000,7,216.8748678903039,1.89855,1.22,False,10.620316819040104,5.421871697257598,14.643208445300349,1.4245357603229793,108.42701728838449,True,40.034409504452356,37.589161110008824,95.4240792249554,True,exact,0.8308241690916306,True,ok,211.80373175023124
TIC_40976749,60.0,84,0,216.79851473561257,2.03018,1.21,False,11.038094128239852,3.613308578926876,2.0295669932517337,1.5814080311567236,108.3923129279955,True,70.68824952715431,14.475618313715746,13.514216632084896,False,,0.6046858442739569,True,ok,124.46657554199919
TIC_31526975,40.0,5000,1,216.41104250744775,0.912549,0.99,False,5.05845766724023,5.410276062686194,7.038342536962624,0.5269954489905262,108.19996569969284,True,40.00021154165122,50.45002156127976,37.4378097562464,True,exact,0.8379081146954043,True,ok,586.0859876670875
TIC_40976749,60.0,84,2,216.79851473561257,2.03018,1.21,False,10.844695255754198,3.613308578926876,2.0295669932517337,1.5814080311567236,108.3923129279955,True,70.68824952715431,14.47549108081344,13.51508508225579,False,,0.6046858442739569,True,ok,122.96764445863664
TIC_31604176,60.0,84,1,216.44990768708067,1.12881,0.93,False,8.20287548718218,3.6074984614513443,1.1284691592137102,0.7481789703588672,108.21731496216341,True,70.76576535081826,26.92773805258699,18.013278830467875,False,,0.7750351955374979,True,ok,321.2808932499029
TIC_150250528,40.0,5000,6,214.08406531920036,0.81855,0.9,False,4.937917244687432,5.352101632980009,6.313343484712334,0.46961061012662353,107.03300490252253,True,40.01136452048326,45.88391418938887,54.36231906081718,True,exact,0.8365365340657684,True,ok,589.3469658326358
TIC_150148658,40.0,5000,8,217.74882675298295,1.0015,0.92,False,6.38477385187227,5.443720668824573,7.724407183360091,0.628470242433287,108.86781615105969,True,40.00414010569538,41.32925852800782,57.96939641241758,True,exact,0.8128256648966863,True,ok,516.9735563336872
TIC_31526975,40.0,5000,9,216.41104250744775,0.912549,0.99,False,5.170352611783216,5.410276062686194,7.038342536962624,0.5269954489905262,108.19996569969284,True,40.00021154165122,53.40241763137506,32.12046001540881,True,exact,0.8160813691082698,True,ok,526.5278350422159
TIC_150108811,40.0,5000,4,217.7487904164136,0.579531,0.571058,False,4.111864072028294,5.443719760410341,4.469828676365309,0.35121066226856384,108.8669878156351,True,40.0036858435355,39.35451825005948,17.41444296008291,True,exact,0.729442026918777,True,ok,831.7292414167896
TIC_40975842,60.0,84,8,216.8748678903039,1.89855,1.22,False,11.078418600238212,3.614581131505065,1.8979767385345532,1.4245357603229793,108.42701728838449,True,55.235469606895606,24.249876342616993,25.5532845962054,False,,0.6754818593160855,True,ok,138.1870748330839
TIC_150140723,60.0,84,6,217.74881350069154,1.30334,1.31,False,8.407841394727527,3.629146891678192,1.3029464604048482,0.7819147240446209,108.86468455874969,True,84.01646547448371,19.14767729109418,24.887301002718544,False,,0.6587768186434302,True,ok,206.42513895779848
TIC_31526975,60.0,84,3,216.41104250744775,0.912549,0.99,False,6.4057158668062275,3.6068507084574626,0.9122734585725781,0.5269954489905262,108.19996569969284,True,27.65338017067009,12.50644521840768,8.002121233234226,False,,0.890670389864793,True,ok,448.41479875007644
TIC_41083208,60.0,1200,1,216.8179236880569,2.47346,1.71,False,12.509131668237277,3.613632061467615,9.345977212020252,1.7895337928151953,108.3985451904529,True,2.875946629186283,10.762734367339537,3.0465331527719886,False,,0.651389902877189,True,ok,96.79340024990961
TIC_40975842,60.0,1200,0,216.8748678903039,1.89855,1.22,False,12.147979225644022,3.614581131505065,7.173677777639843,1.4245357603229793,108.42701728838449,True,60.06008213732647,18.250006811285736,33.924506635707694,True,exact,0.8471857265507511,True,ok,148.34985875012353
TIC_31513988,60.0,84,5,216.73602268458035,0.793387,0.97,False,5.026690223909026,3.612267044743006,0.7931474391802763,0.43163260669993025,108.35967801523921,True,69.18539004322335,42.67382700911177,23.71558073139936,False,,0.9072390530862202,True,ok,404.89814425027
TIC_31604147,60.0,1200,2,216.46936059439395,1.90923,1.19,False,11.83103285850393,3.6078226765732326,7.214032194781975,1.4541384008207943,108.22565253138885,True,60.048703531764765,21.05628148389103,20.869838519638712,True,exact,0.6629541684257869,True,ok,169.79119375022128
TIC_149503544,60.0,84,9,216.69248193186104,0.99813,1.1,False,6.620246709090283,3.6115413655310173,0.997828617646885,0.5718832559222955,108.33790763142989,True,105.59670441861908,26.345862998183357,31.85383019113967,False,,0.6655217317730185,True,ok,344.8267780826427
TIC_150104808,60.0,1200,3,214.36688028520098,2.14703,0.99,False,12.521318982294833,3.572781338086683,8.112560321785612,1.902226885657502,107.17603276387355,True,66.77005746931087,10.007340913980137,30.740330174659935,False,,0.5994975254022075,True,ok,138.71222483320162
TIC_41033344,60.0,1200,6,218.12739840775703,2.67922,1.19,False,17.792610352906998,3.635456640129284,10.123442087597493,2.416872159509487,109.0539769610588,True,96.42545335097013,11.870020097959863,37.065255509900936,False,,0.41235230373451087,True,ok,108.15897125005722
TIC_31604105,60.0,84,7,216.44991396220848,0.830753,0.92,False,5.826070111282469,3.607498566036808,0.8305021566288987,0.47486633483533514,108.21731810206427,True,60.37430686261162,20.79493201578538,15.618405954392191,True,exact,0.6157001635702372,True,ok,560.8104125000536
TIC_150108811,60.0,84,4,217.7487904164136,0.579531,0.571058,False,4.053721369840869,3.6291465069402267,0.5793560123566238,0.35121066226856384,108.8669878156351,True,52.25058704533553,22.57777435275917,14.542023755071789,False,,0.7388401469811422,True,ok,747.3612247500569
TIC_31604147,60.0,1200,7,216.46936059439395,1.90923,1.19,False,11.998417398165397,3.6078226765732326,7.214032194781975,1.4541384008207943,108.22565253138885,True,60.048703531764765,19.162472031692687,17.878014878990047,True,exact,0.7278593599858182,True,ok,170.8899445417337
TIC_31410025,60.0,1200,5,216.44579908563992,1.11095,0.97,False,6.635015526246436,3.6074299847606652,4.1977284385815405,0.7151524106534499,108.21248289119023,True,70.10190357255888,13.997749959507566,20.547428608813426,False,,0.6894519148681827,True,ok,289.70711320778355
TIC_150104808,60.0,2500,0,214.36688028520098,2.14703,0.99,False,12.774966890138836,3.572781338086683,11.709472214,1.902226885657502,107.17603276387355,True,66.77005746931087,11.378189443109985,25.338215068016964,False,,0.6473787352896985,True,ok,122.47026808280498
TIC_41083258,60.0,1200,4,216.44431789846567,1.10817,1.0,False,7.361299624351862,3.607405298307761,4.187224198913458,0.7016038248162639,108.2131311820082,True,56.692270259097135,21.868626525017607,9.679576651289215,False,,0.6711198237418087,True,ok,369.17571462504566
TIC_150271680,60.0,1200,9,214.08406148191852,1.30609,0.92,False,8.911180711755765,3.5680676913653087,4.935065607225315,0.9361730164267875,107.03508630698254,True,40.80555482452743,20.953675630223618,33.47429279157641,False,,0.7642918782623187,True,ok,238.69914037454873
TIC_41089123,60.0,2500,2,218.12737599505363,1.79178,1.05,False,12.404212425218503,3.635456266584227,9.772009764,1.4072207730854156,109.05674354096381,True,60.06337835335382,20.39387438701544,34.25435305185028,True,exact,0.765473983531334,True,ok,165.57433783402666
TIC_41083208,60.0,2500,3,216.8179236880569,2.47346,1.71,False,13.815324911012587,3.613632061467615,13.489756148000001,1.7895337928151953,108.3985451904529,True,60.01157879186102,24.754782203224885,6.4106560555614145,True,exact,0.35097096272361433,True,ok,108.88342079194263
TIC_40975842,60.0,2500,6,216.8748678903039,1.89855,1.22,False,10.19027478328939,3.614581131505065,10.35431199,1.4245357603229793,108.42701728838449,True,60.06008213732647,28.202075950098067,66.73401524149283,True,exact,0.8282303802174138,True,ok,192.2130920002237
TIC_41232189,60.0,2500,8,216.87474811459106,2.47163,2.66,False,12.479394114996843,3.614579135243184,13.479775694,1.432537305050426,108.42695739770681,True,59.932359748362394,21.438502147447142,41.71651305129381,True,exact,0.5770804662037664,True,ok,201.4660939583555
TIC_31526716,60.0,2500,9,216.87491403761533,3.55794,1.29,False,21.23643051190268,3.614581900626922,19.404293172,3.553716345803032,108.43190146306699,True,60.10164790196668,15.979565565161112,52.50118097119844,True,exact,0.5586955528321926,True,ok,80.65976704098284
TIC_167006493,60.0,2500,7,216.69342063717477,0.982014,1.01,False,6.843921135328439,3.6115570106195793,5.3557079532000005,0.5823952519499718,108.33907143557906,True,60.00923116298139,41.977272647751185,66.30813031738903,True,exact,0.8995630623708933,True,ok,341.7646834170446
TIC_167006919,60.0,5000,1,209.73230555297937,1.69725,1.0,False,10.607624573135215,3.4955384258829896,13.090614170701862,1.3301487231172417,104.859208348879,True,59.947039943234145,30.424879801812352,84.9203755781866,True,exact,0.6504161138607023,True,ok,178.71342237479985
TIC_31513962,60.0,5000,2,216.41100826176762,1.87362,1.08,False,12.953246327343361,3.606850137696127,14.450927395793443,1.4840723560659144,108.1978652476033,True,60.041216977974095,27.99430692609149,40.1507026209101,True,exact,0.7191943367032149,True,ok,168.74797729123384
TIC_41173537,60.0,2500,5,216.036528139623,0.679786,0.69,False,5.209224508619573,3.60060880232705,3.7074168868,0.40585638536610835,108.0106251850119,True,105.5552623835347,19.44374146908093,26.237639221203352,False,,0.7572009936740567,True,ok,584.6193743343465
TIC_149503544,60.0,5000,0,216.69248193186104,0.99813,1.1,False,6.353451520229235,3.6115413655310173,7.698414919547885,0.5718832559222955,108.33790763142989,True,60.0013919397963,37.82572540430841,45.7653538961379,True,exact,0.7597845498196392,True,ok,387.5030141668394
TIC_41089123,60.0,5000,3,218.12737599505363,1.79178,1.05,False,11.827942111561402,3.635456266584227,13.819708739891105,1.4072207730854156,109.05674354096381,True,60.06337835335382,26.153046883857474,60.12238813156379,True,exact,0.6339835484001869,True,ok,191.8181768329814
TIC_31410025,60.0,5000,4,216.44579908563992,1.11095,0.97,False,7.7349471422195,3.6074299847606652,8.568577294412275,0.7151524106534499,108.21248289119023,True,59.98008718674511,39.26412974211021,64.04213230072311,True,exact,0.8456727584422314,True,ok,343.6741462093778
TIC_167006493,60.0,5000,6,216.69342063717477,0.982014,1.01,False,6.824266517244888,3.6115570106195793,7.574114823524889,0.5823952519499718,108.33907143557906,True,60.00923116298139,68.77742290322779,96.70117539875487,True,exact,0.8824667404764155,True,ok,384.72757337475196
TIC_31526975,60.0,5000,5,216.41104250744775,0.912549,0.99,False,6.31384746111226,3.6068507084574626,7.038342536962624,0.5269954489905262,108.19996569969284,True,60.02912301893036,39.75349274297655,28.977637780755245,True,exact,0.84550564939228,True,ok,490.67129758326337
TIC_167006493,60.0,5000,7,216.69342063717477,0.982014,1.01,False,5.643303856198746,3.6115570106195793,7.574114823524889,0.5823952519499718,108.33907143557906,True,60.00923116298139,70.48264706991787,95.56863721928197,True,exact,0.8675965825842711,True,ok,402.3500432083383
TIC_374910243,60.0,5000,9,216.0354625243358,2.18139,1.44,False,13.297233432668206,3.600591042072263,16.824707524423232,1.6149446940638539,108.01148125381644,True,59.94942355650618,31.23007498936863,87.05800767823538,True,exact,0.47595467071078534,True,ok,145.31133654201403
TIC_150272131,90.0,84,0,215.4882395559739,1.75116,1.7,False,11.93421983215439,2.3943137728441544,1.7506312425019979,1.0692067734697968,107.72891917839219,True,76.6669887843282,14.27472677868694,10.415692320110113,False,,0.40092592748638534,True,ok,220.20150116691366
TIC_31604176,90.0,84,2,216.44990768708067,1.12881,0.93,False,9.115011730184346,2.4049989743008964,1.1284691592137102,0.7481789703588672,108.21731496216341,True,70.76576535081826,26.92436826730703,18.011131299872382,False,,0.7750351955374979,True,ok,344.26507779210806
TIC_31410025,90.0,84,3,216.44579908563992,1.11095,0.97,False,9.038473476609875,2.404953323173777,1.1106145519870227,0.7151524106534499,108.21248289119023,True,107.20775591059159,16.177326149178164,24.242264020714998,False,,0.7108854921037361,True,ok,256.20521529205143
TIC_150250528,90.0,84,1,214.08406531920036,0.81855,0.9,False,6.89627228905251,2.378711836880004,0.8183028412880664,0.46961061012662353,107.03300490252253,True,55.71263516915501,26.52299456554401,22.661997921012887,False,,0.8083935852831035,True,ok,513.2165757920593
TIC_41085097,60.0,1200,8,216.46653281944646,19.8974,1.0,False,139.75846489229767,3.607775546990774,75.1823950977383,0.6016145826327647,108.22701641244964,True,59.991963191369365,9.54868150463036,22.990683685219064,True,exact,0.28772738935491843,False,ok,1929.1420470410958
TIC_31526716,90.0,84,7,216.87491403761533,3.55794,1.29,False,25.32607567787474,2.4097212670846146,3.55686569071219,3.553716345803032,108.43190146306699,True,100.05253049061858,10.95995629190767,45.97369266967615,False,,0.3938872312196614,True,ok,71.93023129180074
TIC_150108811,60.0,5000,8,217.7487904164136,0.579531,0.571058,False,4.035472738998646,3.6291465069402267,4.469828676365309,0.35121066226856384,108.8669878156351,True,106.38335950424626,19.072755153123605,14.874275906265604,False,,0.8070587011983887,True,ok,825.0890194582753
TIC_41232189,90.0,84,5,216.87474811459106,2.47163,2.66,False,13.580043550765069,2.409719423495456,2.4708836987512357,1.432537305050426,108.42695739770681,True,1.4934744977976349,14.301481341416821,19.885959214708684,False,,0.7673422954770545,True,ok,182.61318624997512
TIC_167006493,90.0,84,6,216.69342063717477,0.982014,1.01,False,7.504919636746618,2.4077046737463865,0.9817174838246404,0.5823952519499718,108.33907143557906,True,85.92436794244546,15.722937935489718,29.352337096780975,False,,0.9455942270321674,True,ok,255.45346937514842
TIC_150104808,90.0,1200,0,214.36688028520098,2.14703,0.99,False,17.468020641000827,2.381854225391122,8.112560321785612,1.902226885657502,107.17603276387355,True,66.77005746931087,9.987953599673796,30.82420919160287,False,,0.5995765519454883,True,ok,128.06046291720122
TIC_150250528,90.0,84,4,214.08406531920036,0.81855,0.9,False,6.608741751192771,2.378711836880004,0.8183028412880664,0.46961061012662353,107.03300490252253,True,55.71263516915501,26.52190552118445,22.662161280345515,False,,0.8083935852831035,True,ok,462.5510151251219
TIC_40975842,90.0,1200,1,216.8748678903039,1.89855,1.22,False,14.452451770659842,2.40972075433671,7.173677777639843,1.4245357603229793,108.42701728838449,True,90.01190389519628,26.203705158925978,45.95828688861898,True,exact,0.8542735696087886,True,ok,156.73598487488925
TIC_31527078,90.0,84,8,216.45826986215116,1.17666,1.04,False,9.190807076112346,2.405091887357235,1.1763047110500473,0.75289583855849,108.21941272278119,True,95.50584028153618,17.513793604606764,22.377443331387806,False,,0.6757679123849648,True,ok,302.96095804171637
TIC_41085097,60.0,2500,1,216.46653281944646,19.8974,1.0,False,135.1194699665654,3.607775546990774,108.51644012000001,0.6016145826327647,108.22701641244964,True,59.991963191369365,33.22668858505828,63.57901397110928,True,exact,0.37058979480550336,True,ok,2168.5140243340284
TIC_41085097,60.0,2500,4,216.46653281944646,19.8974,1.0,False,141.38950795949881,3.607775546990774,108.51644012000001,0.6016145826327647,108.22701641244964,True,59.991963191369365,23.939582035803706,50.783981262985066,True,exact,0.40660857117229215,True,ok,2081.3122577080503
TIC_41083578,90.0,84,9,216.41419808778755,0.712362,0.84,False,5.506170479120369,2.4046022009754173,0.7121469044354647,0.3946187008662672,108.19838145886561,True,0.5266485172588167,8.937487515786744,4.283268010696087,False,,0.9308310853656824,True,ok,400.65420537488535
TIC_167006919,90.0,1200,5,209.73230555297937,1.69725,1.0,False,13.75667010780749,2.3303589505886597,6.413065027573266,1.3301487231172417,104.859208348879,True,90.08028675389497,14.758172352480965,31.32791285899381,True,exact,0.5855109780861664,True,ok,111.46877704188228
TIC_41232189,90.0,1200,4,216.87474811459106,2.47163,2.66,False,13.867231500695194,2.409719423495456,9.33906255065601,1.432537305050426,108.42695739770681,True,1.4934744977976349,13.443935322955966,20.07527134753664,False,,0.8300725887096518,True,ok,142.73197191674262
TIC_149503544,90.0,1200,2,216.69248193186104,0.99813,1.1,False,7.865886970855447,2.4076942436873447,3.771437676224306,0.5718832559222955,108.33790763142989,True,105.59670441861908,26.21554179527092,31.60073357815334,False,,0.6622731558984754,True,ok,298.61198920803145
TIC_31512788,90.0,1200,3,216.42912539900226,1.15226,1.05,False,8.61141076805305,2.404768059988914,4.35381841724647,0.7260992067446947,108.20622937661881,True,89.62736134337153,18.558834391007768,32.656878575026006,True,exact,0.7729598634469811,True,ok,205.7638313747011
TIC_150271680,90.0,1200,6,214.08406148191852,1.30609,0.92,False,10.11516082721529,2.378711794243539,4.935065607225315,0.9361730164267875,107.03508630698254,True,40.80555482452743,21.606664044108935,33.96869814641799,False,,0.7623878339378439,True,ok,164.4937599170953
TIC_167006919,90.0,1200,8,209.73230555297937,1.69725,1.0,False,13.735888800982769,2.3303589505886597,6.413065027573266,1.3301487231172417,104.859208348879,True,53.428412247435126,13.259143426386576,24.666427977867315,False,,0.5422128001965923,True,ok,115.66181583423167
TIC_31604303,90.0,1200,9,216.50407029714597,1.91863,1.05,False,12.54886663001604,2.4056007810793996,7.249550127472614,1.5592610901705477,108.2409240544543,True,86.27033113418878,21.198072421795747,35.18327861109486,False,,0.6884712100374092,True,ok,111.2968317498453
TIC_40975842,90.0,2500,0,216.8748678903039,1.89855,1.22,False,13.440889951597004,2.40972075433671,10.35431199,1.4245357603229793,108.42701728838449,True,90.01190389519628,35.772618925482284,59.302591324516925,True,exact,0.8155964732734589,True,ok,132.24121283367276
TIC_167006493,90.0,1200,7,216.69342063717477,0.982014,1.01,False,6.501122122930552,2.4077046737463865,3.7105433141772477,0.5823952519499718,108.33907143557906,True,99.34528386483872,17.94967549039198,35.961030449573585,False,,0.8947466818843328,True,ok,237.09374929219484
TIC_31513962,90.0,2500,2,216.41100826176762,1.87362,1.08,False,13.832090940707598,2.404566758464085,10.218348756000001,1.4840723560659144,108.1978652476033,True,90.11836159411075,19.988362783191118,23.766771755205113,True,exact,0.6762719508894854,True,ok,138.30975129222497
TIC_41115548,90.0,2500,8,216.8748207687495,8.20095,1.0,False,64.42723971006015,2.409720230763883,44.72634111000001,14.125120686154238,108.43185482734486,True,90.11182322939138,11.446281608607302,86.07212862865254,True,exact,0.7616530233607524,True,ok,13.63631954183802
TIC_40976749,90.0,2500,4,216.79851473561257,2.03018,1.21,False,15.455905605265539,2.4088723859512506,11.072195684,1.5814080311567236,108.3923129279955,True,71.86656167978776,10.758044894862556,32.049935462337054,False,,0.7556865341247089,True,ok,109.76956591615453
TIC_150140723,90.0,2500,1,217.74881350069154,1.30334,1.31,False,9.103675825262798,2.419431261118795,7.1081556919999995,0.7819147240446209,108.86468455874969,True,90.0769643649563,20.776459880663634,30.48907030806274,True,exact,0.8325253289003139,True,ok,196.45094679109752
TIC_150272131,90.0,2500,3,215.4882395559739,1.75116,1.7,False,11.666763266600679,2.3943137728441544,9.550476408,1.0692067734697968,107.72891917839219,True,89.92296256160954,25.38457758821241,22.199392348483048,True,exact,0.4359584893804547,True,ok,189.33595350012183
TIC_40975842,90.0,2500,7,216.8748678903039,1.89855,1.22,False,14.092577524276667,2.40972075433671,10.35431199,1.4245357603229793,108.42701728838449,True,104.06329086321023,12.883781867304982,45.65182826578229,False,,0.8143078602413913,True,ok,122.64133504126221
TIC_374910243,90.0,5000,0,216.0354625243358,2.18139,1.44,False,14.606439720363017,2.4003940280481757,16.824707524423232,1.6149446940638539,108.01148125381644,True,90.11173016537612,26.425554772512807,89.51053266735158,True,exact,0.4884197286799086,True,ok,101.95510250004008
TIC_150271680,90.0,5000,1,214.08406148191852,1.30609,0.92,False,10.922702908802702,2.378711794243539,10.073660487383705,0.9361730164267875,107.03508630698254,True,90.04495999498221,37.10235034468503,79.83891212453574,True,exact,0.7933752648421668,True,ok,224.85659991623834
TIC_40975842,90.0,5000,3,216.8748678903039,1.89855,1.22,False,12.681409276514618,2.40972075433671,14.643208445300349,1.4245357603229793,108.42701728838449,True,90.01190389519628,47.073217538836076,100.71340270878515,True,exact,0.7692913122760283,True,ok,157.86956508317962
TIC_41083258,90.0,2500,9,216.44431789846567,1.10817,1.0,False,8.995045453299355,2.4049368655385073,6.043737546,0.7016038248162639,108.2131311820082,True,56.77667562226808,18.824538617220238,11.569026028956307,False,,0.651030295895686,True,ok,306.59715116629377
TIC_389920950,90.0,5000,2,214.7074165644667,1.30703,1.32,False,9.6924168191747,2.385637961827408,10.080910555034587,0.7824274073888856,107.3488471885771,True,90.00561899474425,60.199366154803535,101.9951312772578,True,exact,0.8073091222900668,True,ok,286.44634358305484
TIC_41083578,90.0,2500,5,216.41419808778755,0.712362,0.84,False,6.072745391473491,2.4046022009754173,3.8850798756000007,0.3946187008662672,108.19838145886561,True,90.00864913120871,47.92538432338903,41.69657060370431,True,exact,0.9111633370710195,True,ok,487.026892375201
TIC_167006493,90.0,5000,4,216.69342063717477,0.982014,1.01,False,7.000605222437246,2.4077046737463865,7.574114823524889,0.5823952519499718,108.33907143557906,True,90.0674807642506,43.59610026791987,83.36257448069642,True,exact,0.8812510994973408,True,ok,318.64938095910475
TIC_31410025,90.0,5000,6,216.44579908563992,1.11095,0.97,False,7.958898976539505,2.404953323173777,8.568577294412275,0.7151524106534499,108.21248289119023,True,89.95557902383315,38.89999479516708,54.60003812019236,True,exact,0.8184886723574643,True,ok,244.2891335003078
TIC_150140723,90.0,5000,7,217.74881350069154,1.30334,1.31,False,8.000515594839369,2.419431261118795,10.052450183085911,0.7819147240446209,108.86468455874969,True,90.0769643649563,30.369112329740098,54.41190070412643,True,exact,0.7873054962209213,True,ok,218.1909888330847
TIC_150105350,120.0,84,2,215.48817756672133,3.03262,1.09,False,23.142674460350655,1.7957348130560111,3.0317043095070746,3.0395541227885037,107.73305482436638,False,53.337109180280265,11.929174195536785,-2.4393010939410775,False,,0.6364891535363826,True,ok,43.28545279195532
TIC_41083578,90.0,5000,5,216.41419808778755,0.712362,0.84,False,4.914361983907753,2.4046022009754173,5.494332650976297,0.3946187008662672,108.19838145886561,True,90.00864913120871,51.570273672442106,50.887047144892136,True,exact,0.8957838168492158,True,ok,416.048519291915
TIC_41083258,120.0,84,0,216.44431789846567,1.10817,1.0,False,9.881703758206504,1.8037026491538806,1.1078353913996661,0.7016038248162639,108.2131311820082,False,56.692270259097135,22.113132320439693,9.692356722954536,False,,0.6711198237418087,True,ok,247.88401370868087
TIC_150271680,120.0,84,3,214.08406148191852,1.30609,0.92,False,11.821538277877965,1.7840338456826543,1.3056956300506146,0.9361730164267875,107.03508630698254,False,40.80555482452743,22.11598817680941,34.26544316889875,False,,0.7618361373079668,True,ok,134.38916458375752
TIC_150105350,120.0,84,5,215.48817756672133,3.03262,1.09,False,25.263829514793365,1.7957348130560111,3.0317043095070746,3.0395541227885037,107.73305482436638,False,53.337109180280265,12.125359781391326,-2.4392815590884918,False,,0.6352911595310011,True,ok,42.90207004081458
TIC_150105350,120.0,84,7,215.48817756672133,3.03262,1.09,False,25.200423779488048,1.7957348130560111,3.0317043095070746,3.0395541227885037,107.73305482436638,False,53.337109180280265,11.922158686437012,-2.438946057189853,False,,0.635627769876409,True,ok,42.732698457781225
TIC_31513988,120.0,84,1,216.73602268458035,0.793387,0.97,False,7.106980132898507,1.806133522371503,0.7931474391802763,0.43163260669993025,108.35967801523921,False,69.18539004322335,43.122824436025056,23.980713974875712,False,,0.9050091966595873,True,ok,290.0166977918707
TIC_31604105,90.0,5000,8,216.44991396220848,0.830753,0.92,False,6.612326903279992,2.404999044024539,6.407463245929052,0.47486633483533514,108.21731810206427,True,89.96218200011799,32.3820615002996,21.952070616957958,True,exact,0.6904590995287169,True,ok,441.11604829179123
TIC_389920950,120.0,84,4,214.7074165644667,1.30703,1.32,False,10.666493546507052,1.789228471370556,1.3066353462204403,0.7824274073888856,107.3488471885771,False,53.502994175745016,19.362506439450545,35.15137863072211,False,,0.6605805334490752,True,ok,160.60830600000918
TIC_150065109,120.0,84,8,214.76321749063618,1.35667,1.4,False,8.746297540226552,1.7896934790886347,1.3562603575716585,0.8034023314941854,107.37188655306284,False,51.92553322739427,17.905019083827348,14.634715353261129,False,,0.6313014892646837,True,ok,136.76903583295643
TIC_41232189,120.0,1200,0,216.87474811459106,2.47163,2.66,False,15.740973176448477,1.807289567621592,9.33906255065601,1.432537305050426,108.42695739770681,False,1.4934744977976349,13.097976677620656,20.0346822115839,False,,0.8437079417627027,True,ok,136.67321670800447
TIC_150108811,90.0,5000,9,217.7487904164136,0.579531,0.571058,False,5.663610362989181,2.419431004626818,4.469828676365309,0.35121066226856384,108.8669878156351,True,66.66387364288605,29.542376843946624,18.243438349947347,False,,0.7712560704497051,True,ok,553.4604952498339
TIC_150105350,120.0,1200,2,215.48817756672133,3.03262,1.09,False,26.380197585798456,1.7957348130560111,11.458765216626448,3.0395541227885037,107.73305482436638,False,60.08421045065392,13.333182306711047,36.914171616092354,True,half,0.6846274232749348,True,ok,56.32860649982467
TIC_150250528,120.0,84,6,214.08406531920036,0.81855,0.9,False,7.557830101869321,1.784033877660003,0.8183028412880664,0.46961061012662353,107.03300490252253,False,55.71263516915501,26.522741644807766,22.662025267262823,False,,0.8083935852831035,True,ok,321.5739633748308
TIC_31604147,120.0,1200,4,216.46936059439395,1.90923,1.19,False,15.963618411643676,1.8039113382866163,7.214032194781975,1.4541384008207943,108.22565253138885,False,85.67854988313279,21.22232435228907,11.934805252982088,False,,0.5415061983720759,True,ok,121.84861225029454
TIC_31604303,120.0,1200,6,216.50407029714597,1.91863,1.05,False,16.88899436534544,1.8042005858095498,7.249550127472614,1.5592610901705477,108.2409240544543,False,86.27033113418878,21.50763480231933,35.08913600599586,False,,0.6874434599105658,True,ok,105.74646662501618
TIC_31410025,120.0,1200,3,216.44579908563992,1.11095,0.97,False,9.087754324453574,1.8037149923803326,4.1977284385815405,0.7151524106534499,108.21248289119023,False,53.89125703906267,22.55202909266444,18.399228535321072,False,,0.7759870834155551,True,ok,219.30332850012928
TIC_31526975,120.0,1200,1,216.41104250744775,0.912549,0.99,False,7.577431575618103,1.8034253542287313,3.4480695700968957,0.5269954489905262,108.19996569969284,False,67.25195072267826,15.101610550300416,11.852532857457934,False,,0.789182001916718,True,ok,375.95161979086697
TIC_31604105,120.0,84,9,216.44991396220848,0.830753,0.92,False,7.082791420162231,1.803749283018404,0.8305021566288987,0.47486633483533514,108.21731810206427,False,60.37430686261162,20.805513229787117,15.618497863424071,True,half,0.6157001635702372,True,ok,417.36720500001684
TIC_150271680,120.0,1200,7,214.08406148191852,1.30609,0.92,False,10.402190083040832,1.7840338456826543,4.935065607225315,0.9361730164267875,107.03508630698254,False,40.80555482452743,22.152011051110996,34.26662248107041,False,,0.7595159184380327,True,ok,150.99398879194632
TIC_150104808,120.0,1200,8,214.36688028520098,2.14703,0.99,False,17.10624794621524,1.7863906690433415,8.112560321785612,1.902226885657502,107.17603276387355,False,66.77005746931087,10.102065077791627,31.232394587013076,False,,0.6006233554815779,True,ok,95.84034449979663
TIC_31604176,120.0,1200,5,216.44990768708067,1.12881,0.93,False,8.947886487253848,1.8037492307256722,4.2652125106937575,0.7481789703588672,108.21731496216341,False,70.76576535081826,26.882352250409564,17.995688195187036,False,,0.776912695598741,True,ok,268.29926391737536
TIC_41115548,120.0,2500,4,216.8748207687495,8.20095,1.0,False,73.41149291507467,1.8072901730729123,44.72634111000001,14.125120686154238,108.43185482734486,False,59.98377282432317,4.304012672591105,40.23542306666651,True,half,0.773448118600615,True,ok,13.597720333840698
TIC_41033344,120.0,2500,5,218.12739840775703,2.67922,1.19,False,22.190334193488773,1.817728320064642,14.611930035999999,2.416872159509487,109.0539769610588,False,96.42545335097013,10.157706580525902,35.14919718549742,False,,0.40652342608114705,True,ok,79.78939495841041
TIC_150250528,120.0,1200,9,214.08406531920036,0.81855,0.9,False,7.296020826121227,1.784033877660003,3.0928940216939735,0.46961061012662353,107.03300490252253,False,55.71263516915501,26.489133515126543,22.613227823709412,False,,0.7534202489484282,True,ok,386.85491808410734
TIC_41085097,90.0,2500,6,216.46653281944646,19.8974,1.0,False,150.50979099857656,2.4051836979938495,108.51644012000001,0.6016145826327647,108.22701641244964,True,89.98881516761081,35.85871425465458,52.178055406333115,True,exact,0.4068136773309406,True,ok,1613.4715435421094
TIC_31604105,120.0,2500,3,216.44991396220848,0.830753,0.92,False,7.0961848006811845,1.803749283018404,4.5307607114,0.47486633483533514,108.21731810206427,False,60.37430686261162,20.250337603069983,15.575027898497721,True,half,0.5992847546573339,True,ok,447.0174030000344
TIC_150108811,120.0,2500,2,217.7487904164136,0.579531,0.571058,False,6.169888873057662,1.8145732534701133,3.1606461678000004,0.35121066226856384,108.8669878156351,False,52.25058704533553,22.43705817570043,14.52014519987873,False,,0.7388401469811422,True,ok,584.3348571248353
TIC_150065109,120.0,5000,0,214.76321749063618,1.35667,1.4,False,10.463580729429925,1.7896934790886347,10.463775829704577,0.8034023314941854,107.37188655306284,False,86.89805346820853,16.034763960681794,56.545284520480294,False,,0.6616242387376443,True,ok,176.95234466716647
TIC_40975922,120.0,2500,7,216.42070839805638,0.549435,0.544747,False,5.474869803737899,1.8035059033171366,2.996508603,0.33192496270835464,108.2020208730595,False,56.73889819238426,34.53738291736085,11.51609764863355,False,,0.6190500648763818,True,ok,546.6760520827956
TIC_41083578,120.0,2500,9,216.41419808778755,0.712362,0.84,False,6.756358726011071,1.803451650731563,3.8850798756000007,0.3946187008662672,108.19838145886561,False,58.61463091480213,43.02964156227279,18.709250135419246,False,,0.7751072648430588,True,ok,419.5577293331735
TIC_31512788,120.0,5000,1,216.42912539900226,1.15226,1.05,False,9.591582365894567,1.8035760449916856,8.887194629154767,0.7260992067446947,108.20622937661881,False,65.86649744813046,20.313234084174912,43.679853687030324,False,,0.7595726704749513,True,ok,256.74735983321443
TIC_150065109,120.0,5000,2,214.76321749063618,1.35667,1.4,False,9.565358745780372,1.7896934790886347,10.463775829704577,0.8034023314941854,107.37188655306284,False,60.042856184132916,43.595088023230076,87.68514027432094,True,half,0.6291441404709326,True,ok,216.5041792918928
TIC_149503544,120.0,5000,5,216.69248193186104,0.99813,1.1,False,8.657337287778757,1.8057706827655087,7.698414919547885,0.5718832559222955,108.33790763142989,False,105.59670441861908,14.452633322973009,30.346251854067955,False,,0.6762931190962075,True,ok,344.3436383344233
TIC_31604105,120.0,5000,3,216.44991396220848,0.830753,0.92,False,6.184985517009165,1.803749283018404,6.407463245929052,0.47486633483533514,108.21731810206427,False,39.9970920581891,16.509505109583404,9.849387354175363,True,third,0.4604880482648466,True,ok,547.4685218748637
TIC_41173537,120.0,5000,4,216.036528139623,0.679786,0.69,False,6.768469413959296,1.800304401163525,5.2430792426835975,0.40585638536610835,108.0106251850119,False,105.68970764464599,19.079911711270697,26.182624969062232,False,,0.7544501766097579,True,ok,506.059713834431
TIC_389920950,120.0,5000,7,214.7074165644667,1.30703,1.32,False,10.555247531032995,1.789228471370556,10.080910555034587,0.7824274073888856,107.3488471885771,False,59.9890423483007,19.191206096313476,81.14638337882356,True,half,0.6659518076082528,True,ok,275.7584325419739
TIC_41085097,120.0,2500,1,216.46653281944646,19.8974,1.0,False,158.13694888117442,1.803887773495387,108.51644012000001,0.6016145826327647,108.22701641244964,False,59.991963191369365,11.535528216575711,44.54125375755801,True,half,0.3746028815434248,True,ok,1738.1171655002981
TIC_41085097,120.0,2500,0,216.46653281944646,19.8974,1.0,False,177.76698634733378,1.803887773495387,108.51644012000001,0.6016145826327647,108.22701641244964,False,0.7027179969292698,8.803935766305258,8.973055548315246,False,,0.2878009295828158,False,ok,1772.502725374885
TIC_41085097,120.0,2500,6,216.46653281944646,19.8974,1.0,False,174.1488322048512,1.803887773495387,108.51644012000001,0.6016145826327647,108.22701641244964,False,105.04760503939757,7.343717032649013,35.11047547486551,False,,0.3283842762516953,True,ok,1725.6927209580317
TIC_31513988,120.0,5000,6,216.73602268458035,0.793387,0.97,False,6.5349601511703295,1.806133522371503,6.11926534396856,0.43163260669993025,108.35967801523921,False,101.05000110111473,28.570548221759783,44.91374221513321,False,,0.9143684977837966,True,ok,429.0147260003723
TIC_31410025,1.0,0,1,216.44579908563992,1.11095,0.97,True,,,0.0,0.7151524106534499,108.21248289119023,True,107.20775591059159,16.174907919662427,24.24494268441647,False,,0.7108854921037361,True,ok,219.97746783308685
TIC_41232189,1.0,0,2,216.87474811459106,2.47163,2.66,True,,,0.0,1.432537305050426,108.42695739770681,True,1.4934744977976349,14.323810913563172,19.876445063912946,False,,0.7681603155877648,True,ok,153.49281916674227
TIC_149503544,1.0,0,0,216.69248193186104,0.99813,1.1,True,,,0.0,0.5718832559222955,108.33790763142989,True,105.59670441861908,26.343777126468407,31.85402236603753,False,,0.6655217317730185,True,ok,293.41126399999484
TIC_31604105,120.0,5000,8,216.44991396220848,0.830753,0.92,False,7.640978109094112,1.803749283018404,6.407463245929052,0.47486633483533514,108.21731810206427,False,66.72301781147966,14.618359912484795,9.951618508246263,False,,0.5760011472761204,True,ok,533.0071273748763
TIC_167006919,1.0,0,5,209.73230555297937,1.69725,1.0,True,,,0.0,1.3301487231172417,104.859208348879,True,53.428412247435126,15.214397119455633,25.280184812886603,False,,0.5208313593494999,True,ok,103.87522879196331
TIC_150250528,120.0,5000,9,214.08406531920036,0.81855,0.9,False,7.523775327217262,1.784033877660003,6.313343484712334,0.46961061012662353,107.03300490252253,False,80.20652739764422,23.18278448029802,25.811348350627334,False,,0.88714219848668,True,ok,415.9913074169308
TIC_41085097,120.0,2500,8,216.46653281944646,19.8974,1.0,False,168.01862218633175,1.803887773495387,108.51644012000001,0.6016145826327647,108.22701641244964,False,0.7027179969292698,8.84316409578842,8.12329931508941,False,,0.31786819553389484,True,ok,1773.9188715424389
TIC_150271680,1.0,0,4,214.08406148191852,1.30609,0.92,True,,,0.0,0.9361730164267875,107.03508630698254,True,40.80555482452743,22.152011051110996,34.26662248107041,False,,0.7595159184380327,True,ok,149.73452945798635
TIC_149503544,1.0,0,3,216.69248193186104,0.99813,1.1,True,,,0.0,0.5718832559222955,108.33790763142989,True,105.59670441861908,26.343777126468407,31.85402236603753,False,,0.6655217317730185,True,ok,275.6074524172582
TIC_167006919,1.0,0,7,209.73230555297937,1.69725,1.0,True,,,0.0,1.3301487231172417,104.859208348879,True,53.428412247435126,15.214397119455633,25.280184812886603,False,,0.5208313593494999,True,ok,86.05769154196605
TIC_150105350,1.0,0,9,215.48817756672133,3.03262,1.09,True,,,0.0,3.0395541227885037,107.73305482436638,True,53.337109180280265,12.13933821188255,-2.4403586408881908,False,,0.6352911595310011,True,ok,41.06952420808375
TIC_31604303,1.0,0,13,216.50407029714597,1.91863,1.05,True,,,0.0,1.5592610901705477,108.2409240544543,True,86.27033113418878,21.64096127996556,35.335779674442804,False,,0.6874434599105658,True,ok,88.65990362502635
TIC_40975842,1.0,0,14,216.8748678903039,1.89855,1.22,True,,,0.0,1.4245357603229793,108.42701728838449,True,55.235469606895606,24.35547385599116,25.55951949914993,False,,0.6754818593160855,True,ok,87.36275537498295
TIC_167006493,1.0,0,12,216.69342063717477,0.982014,1.01,True,,,0.0,0.5823952519499718,108.33907143557906,True,85.92436794244546,15.746661541291205,29.356643779786516,False,,0.9455942270321674,True,ok,170.70131716597825
TIC_31512788,1.0,0,11,216.42912539900226,1.15226,1.05,True,,,0.0,0.7260992067446947,108.20622937661881,True,89.62736134337153,18.62894344893893,32.82302567805001,False,,0.77310369433909,True,ok,173.30833825003356
TIC_41232189,1.0,0,15,216.87474811459106,2.47163,2.66,True,,,0.0,1.432537305050426,108.42695739770681,True,1.4934744977976349,14.323810913563172,19.876445063912946,False,,0.7681603155877648,True,ok,130.23725716676563
TIC_41033344,1.0,0,18,218.12739840775703,2.67922,1.19,True,,,0.0,2.416872159509487,109.0539769610588,True,96.42545335097013,12.891830343914082,37.99378200359907,False,,0.4066600275409235,True,ok,76.00957458280027
TIC_150272131,1.0,0,16,215.4882395559739,1.75116,1.7,True,,,0.0,1.0692067734697968,107.72891917839219,True,76.6669887843282,14.331496199813133,10.41581217628141,False,,0.40092592748638534,True,ok,142.42940612509847
TIC_41173537,1.0,0,6,216.036528139623,0.679786,0.69,True,,,0.0,0.40585638536610835,108.0106251850119,True,105.5552623835347,20.069545646106445,26.64877344622423,False,,0.7711053985114763,True,ok,387.75117362476885
TIC_167006919,1.0,0,17,209.73230555297937,1.69725,1.0,True,,,0.0,1.3301487231172417,104.859208348879,True,53.428412247435126,15.214397119455633,25.280184812886603,False,,0.5208313593494999,True,ok,114.62926012510434
TIC_41115548,1.0,0,23,216.8748207687495,8.20095,1.0,True,,,0.0,14.125120686154238,108.43185482734486,True,86.73316411779145,5.386268594808966,18.172078802450752,False,,0.8528068210916935,True,ok,15.126968749798834
TIC_41115548,1.0,0,24,216.8748207687495,8.20095,1.0,True,,,0.0,14.125120686154238,108.43185482734486,True,86.73316411779145,5.386268594808966,18.172078802450752,False,,0.8528068210916935,True,ok,15.517389209009707
TIC_31513962,1.0,0,21,216.41100826176762,1.87362,1.08,True,,,0.0,1.4840723560659144,108.1978652476033,True,41.34398854822657,14.60359173443433,8.500489928666363,False,,0.4183863688367163,True,ok,104.17584454221651
TIC_149503727,1.0,0,25,216.6947678562201,2.55106,1.0,True,,,0.0,2.449423710333238,108.33959688647622,True,107.8810998737587,7.772907718144859,1.0431068872278104,False,,0.6569383719601751,True,ok,50.145923249889165
TIC_31513962,1.0,0,22,216.41100826176762,1.87362,1.08,True,,,0.0,1.4840723560659144,108.1978652476033,True,41.34398854822657,14.60359173443433,8.500489928666363,False,,0.4183863688367163,True,ok,103.33971804194152
TIC_31604105,1.0,0,10,216.44991396220848,0.830753,0.92,True,,,0.0,0.47486633483533514,108.21731810206427,True,60.37430686261162,20.80534237933321,15.618602939148616,False,,0.6157001635702372,True,ok,402.4415972083807
TIC_167006493,1.0,0,19,216.69342063717477,0.982014,1.01,True,,,0.0,0.5823952519499718,108.33907143557906,True,85.92436794244546,15.746661541291205,29.356643779786516,False,,0.9455942270321674,True,ok,178.93522637477145
TIC_41083208,1.0,0,26,216.8179236880569,2.47346,1.71,True,,,0.0,1.7895337928151953,108.3985451904529,True,2.875946629186283,11.241000754679272,3.046647353499478,False,,0.6370593377273283,True,ok,67.65523799974471
TIC_150108811,1.0,0,8,217.7487904164136,0.579531,0.571058,True,,,0.0,0.35121066226856384,108.8669878156351,True,52.25058704533553,22.587160151645957,14.542114007123745,False,,0.7388401469811422,True,ok,512.8538971249945
TIC_40975842,1.0,0,30,216.8748678903039,1.89855,1.22,True,,,0.0,1.4245357603229793,108.42701728838449,True,55.235469606895606,24.35547385599116,25.55951949914993,False,,0.6754818593160855,True,ok,87.03065633401275
TIC_150065109,1.0,0,29,214.76321749063618,1.35667,1.4,True,,,0.0,0.8034023314941854,107.37188655306284,True,51.92553322739427,17.91694902835514,14.636114070390862,False,,0.6313014892646837,True,ok,118.75300433440134
TIC_389920950,1.0,0,28,214.7074165644667,1.30703,1.32,True,,,0.0,0.7824274073888856,107.3488471885771,True,53.502994175745016,19.373367767119113,35.17533824079457,False,,0.6605805334490752,True,ok,157.37275554100052
TIC_150272131,1.0,0,32,215.4882395559739,1.75116,1.7,True,,,0.0,1.0692067734697968,107.72891917839219,True,76.6669887843282,14.331496199813133,10.41581217628141,False,,0.40092592748638534,True,ok,123.44209049968049
TIC_150272131,1.0,0,34,215.4882395559739,1.75116,1.7,True,,,0.0,1.0692067734697968,107.72891917839219,True,76.6669887843282,14.331496199813133,10.41581217628141,False,,0.40092592748638534,True,ok,127.13099800003693
TIC_150250528,1.0,0,27,214.08406531920036,0.81855,0.9,True,,,0.0,0.46961061012662353,107.03300490252253,True,55.64896027592506,26.529214300043314,22.531592935296885,False,,0.7902130726232942,True,ok,312.7848737081513
TIC_40975922,1.0,0,20,216.42070839805638,0.549435,0.544747,True,,,0.0,0.33192496270835464,108.2020208730595,True,56.73889819238426,35.24774678157153,11.555012710761718,False,,0.62827201601618,True,ok,448.96416275016963
TIC_31410025,1.0,0,35,216.44579908563992,1.11095,0.97,True,,,0.0,0.7151524106534499,108.21248289119023,True,107.20775591059159,16.174907919662427,24.24494268441647,False,,0.7108854921037361,True,ok,169.98438616702333
TIC_41033344,1.0,0,38,218.12739840775703,2.67922,1.19,True,,,0.0,2.416872159509487,109.0539769610588,True,96.42545335097013,12.891830343914082,37.99378200359907,False,,0.4066600275409235,True,ok,56.01089512510225
TIC_41083258,1.0,0,33,216.44431789846567,1.10817,1.0,True,,,0.0,0.7016038248162639,108.2131311820082,True,56.692270259097135,22.113355331536443,9.692305016588456,False,,0.6711198237418087,True,ok,227.8030353342183
TIC_31513988,1.0,0,39,216.73602268458035,0.793387,0.97,True,,,0.0,0.43163260669993025,108.35967801523921,True,69.18539004322335,42.68455233220626,23.718088204359447,False,,0.9065527215226187,True,ok,223.37685145810246
TIC_40975922,1.0,0,37,216.42070839805638,0.549435,0.544747,True,,,0.0,0.33192496270835464,108.2020208730595,True,56.73889819238426,35.24774678157153,11.555012710761718,False,,0.62827201601618,True,ok,349.87732974998653
TIC_150108811,1.0,0,36,217.7487904164136,0.579531,0.571058,True,,,0.0,0.35121066226856384,108.8669878156351,True,52.25058704533553,22.587160151645957,14.542114007123745,False,,0.7388401469811422,True,ok,398.4922909582965
TIC_41085097,1.0,0,31,216.46653281944646,19.8974,1.0,True,,,0.0,0.6016145826327647,108.22701641244964,True,52.73506562064419,8.70992081419302,5.657540976426455,False,,0.1781014801836017,False,ok,681.7882952499203
