host,injected_period,injected_depth_ppm,repeat,injected_duration_days,duty_cycle_pct,true_secondary_depth,fold_period,fitted_duration_days,old_depth,new_depth,new_half_phase,new_n_in_window,new_truedur_depth,new_truedur_half_phase,new_truedur_n_in_window,fitted_over_true_duration,old_n_in_window,status
TIC_269424395,2.0,1000,5,0.08972366370133783,4.486183185066891,0.0003281149096506786,2.4165881007932173,0.07529343902289683,0.00035596696750039847,0.0010738240777548036,0.015578459357261302,27,0.0009157977900535741,0.022430915925334458,45,0.8391703583741884,97,ok
TIC_119081096,2.0,1000,3,0.02160014126143318,1.080007063071659,0.0003094528875688951,0.8368688658457113,0.0527589004774478,0.0005932030819467693,0.0008325056459156377,0.03152160549319244,827,0.0008148191830239515,0.005400035315358295,143,2.4425257149428115,1311,ok
TIC_427352241,2.0,1000,1,0.07767743107476932,3.883871553738466,0.00026674988820518664,1.2646942329398458,0.0509407117111311,0.0003905959527872316,0.0009138199127449731,0.020139536650181773,587,0.0009007747449452097,0.01941935776869233,563,0.6557980999924872,1451,ok
TIC_309436531,2.0,1000,6,0.05192341649382976,2.5961708246914883,0.0003175344488092202,3.2147035778954995,0.0564793546083423,-0.000310024557863553,0.004822272922245019,0.008784535376247102,208,0.004023686625860168,0.01298085412345744,312,1.0877434194850013,1255,ok
TIC_219205407,2.0,1000,4,0.043615669854817,2.18078349274085,0.00033151964789956967,6.126430622973294,0.0324081473363371,-5.9508112700168425e-05,0.0017004295451750195,0.0026449452650953794,42,0.00014980773642603307,0.01090391746370425,153,0.743039083068396,1170,ok
TIC_367287018,2.0,1000,0,0.10301605832375825,5.150802916187913,0.00033561680030824714,1.999812035824482,0.1014432318204898,0.000413351993610922,0.0008272677410358087,0.025363191640825084,804,0.0008217864730193369,0.025754014580939563,816,0.9847322201134372,1576,ok
TIC_458856474,2.0,1000,7,0.04153873319506381,2.07693665975319,0.0003001432154732253,6.077339645019965,0.04746625940357967,-0.00021136707491198337,0.004388629200039462,0.00390518402591466,64,0.0005846253994987727,0.010384683298765952,177,1.1426987717868164,1376,ok
TIC_277014266,2.0,1000,2,0.11090841763082036,5.545420881541018,0.0002900053626097021,1.379503931384036,0.07616405957792388,0.0004179925614342661,0.0006411804139550004,0.027605597144442204,1094,0.000629769627071175,0.02772710440770509,1101,0.686729296160823,1986,ok
TIC_137543637,2.0,1000,8,0.054831127817484226,2.7415563908742113,0.00032145853736409435,1.2835620387727225,0.04301150635384216,0.0005656252334648171,0.0016846335484511643,0.01675474385132471,431,0.0014802416071298952,0.013707781954371057,356,0.7844359229125122,1240,ok
TIC_130191319,2.0,1000,11,0.047354155842372736,2.3677077921186367,0.00033591834153623434,1.610998137900943,0.03973743802840194,0.00030035368891379033,0.001057082151028732,0.012333173171813223,342,0.001078000976886817,0.011838538960593184,331,0.8391541844959821,1395,ok
TIC_339250695,2.0,1000,9,0.047473367852769253,2.3736683926384625,0.00033266091931116737,4.723639566948786,0.07434221941318471,5.201441898283754e-05,0.0060290538730916055,0.007869167234239862,212,0.004615504395062864,0.011868341963192313,324,1.5659773632185676,1362,ok
TIC_271900960,2.0,1000,10,0.057323451809188054,2.866172590459403,0.0003067685002087206,1.9999626787741922,0.04905741271721441,0.00015736436632263207,0.0007590083082703591,0.012264582043921552,471,0.0006798938859630121,0.014330862952297014,555,0.8558000463843538,1910,ok
TIC_131581531,2.0,2500,0,0.06604658578015146,3.3023292890075733,0.0006936554104849391,3.0581455774427337,0.13101888070687,0.00021343447198840515,0.000999935360126103,0.021421295584043112,848,0.0009270289572076429,0.016511646445037866,656,1.9837343468894986,1971,ok
TIC_165523947,2.0,2500,1,0.1387480626605077,6.937403133025385,0.0007270523265729967,0.9999489481097478,0.04414334156080319,0.0011717584955174276,0.0013623640919534497,0.02207279763844419,689,0.001311587856380081,0.03468701566512693,1079,0.3181546517792774,1553,ok
TIC_146463781,2.0,2500,5,0.011423151628642549,0.5711575814321275,0.000747743524873723,0.8354575798271273,0.06592796560563707,0.016030889255929992,0.01911372229813768,0.03945620172557347,1270,0.01732176222413684,0.0028557879071606372,93,5.771433992027952,1612,ok
TIC_128463355,2.0,2500,2,0.09512369901669614,4.756184950834807,0.0008256854814421288,1.0002697703904428,0.04341848210094572,0.0011613162639372288,0.0015942025053438114,0.021703386119525464,747,0.0015684131310070848,0.023780924754174034,819,0.45644232246818844,1722,ok
TIC_219366908,2.0,2500,10,0.032815599224100406,1.6407799612050202,0.0008074497289208837,0.6294685130170254,0.04525770031804512,0.001696599620608863,0.0018644781504285612,0.03594913755187388,65,0.002923788201962152,0.008203899806025101,15,1.3791520309891827,90,ok
TIC_418971787,2.0,2500,3,0.030323275232396578,1.516163761619829,0.0007972692539880422,1.0635408122175543,0.11721203402433696,0.002092993816354305,0.002016495207002089,0.05510462441960359,1988,0.002594433181904554,0.0075808188080991445,276,3.865414706229054,1802,ok
TIC_56231866,2.0,2500,4,0.1387480626605077,6.937403133025385,0.0007030924804337646,1.0006513721191137,0.11552851046999929,0.0011151713004715624,0.00102464692904225,0.05772665370224827,2077,0.0012758736079743205,0.03468701566512693,1247,0.8326495394222361,1798,ok
TIC_452803785,2.0,5000,1,0.04527721918261955,2.2638609591309775,0.0008222652573667277,5.23652894728349,0.5016845803960648,0.004242759711713617,0.004385969405551249,0.04790239731762769,72,0.004687630623644523,0.011319304795654888,16,11.080286940162729,75,ok
TIC_279605855,2.0,2500,6,0.0664619731121021,3.3230986556051048,0.0008253089305030326,0.9990373742581443,0.054757874486217634,0.0010046913123975543,0.0013063373471028372,0.027405318307975823,906,0.0012759040963994384,0.016615493278025525,549,0.8238978158812251,1654,ok
TIC_317397615,2.0,2500,7,0.1387480626605077,6.937403133025385,0.0008253968836144931,1.9998162827144308,0.11337268464408896,0.0013695183442892223,0.0021301551704964172,0.028345774965439243,866,0.0019025394784827343,0.03468701566512693,1059,0.8171118390423378,1522,ok
TIC_140830390,2.0,5000,0,0.1017449730879893,5.087248654399465,0.0011869275568732185,2.0005144691126215,0.061291372476854754,0.0009023071207401312,0.002720560135557104,0.015318902568108413,339,0.0018352380104541544,0.025436243271997325,567,0.6024019724674734,1131,ok
TIC_417705690,2.0,2500,9,0.04320028252286636,2.160014126143318,0.0008016221278724922,2.0003085213645093,0.03500951168342165,0.0002860419176475837,0.0019326602733027443,0.008751027981308586,277,0.0017781434834654997,0.01080007063071659,343,0.8104000631220584,1573,ok
TIC_445137888,2.0,2500,8,0.11120458879850117,5.560229439925059,0.0007742910765012878,1.000323514962836,0.044928986938119524,0.0012212169830083663,0.0014827355011786114,0.022457228219706863,801,0.001415235670554793,0.027801147199625294,996,0.4040209799213347,1785,ok
TIC_56231866,2.0,2500,11,0.1387480626605077,6.937403133025385,0.0007475476683721505,1.9993659275333813,0.12537142521957859,0.0010936807420800498,0.0016842964461747378,0.031352796277330126,1081,0.001582303802031948,0.03468701566512693,1198,0.9035904560796685,1727,ok
TIC_392112968,2.0,5000,2,0.0643850364523489,3.219251822617445,0.0015691444232448504,1.1951956546773523,0.08994974156725898,0.0036372229980488058,0.004550701479223207,0.03762971410381393,1476,0.005446607824333594,0.016096259113087225,631,1.3970597288366904,1957,ok
TIC_140830390,2.0,5000,5,0.1017449730879893,5.087248654399465,0.0016586761311467857,2.0005144691126215,0.061291372476854754,0.0019423749380133026,0.004688601045374163,0.015318902568108413,348,0.0036710407830566893,0.025436243271997325,566,0.6024019724674734,1131,ok
TIC_452803785,2.0,5000,10,0.04527721918261955,2.2638609591309775,0.0014202430047244308,5.256711475736089,0.5016845803960648,0.004334860774654392,0.004385969405551249,0.047718481669741505,72,0.004288810243183949,0.011319304795654888,18,11.080286940162729,77,ok
TIC_299876474,2.0,5000,7,0.02658478924484084,1.329239462242042,0.0015079329399599883,2.5941908442908175,0.09441010832181662,0.0006399593627715028,0.020622965104553193,0.018196446211655993,611,0.02652241812384082,0.00664619731121021,225,3.551282932970336,1622,ok
TIC_192372961,2.0,5000,3,0.1387480626605077,6.937403133025385,0.0015986474704732245,2.0000929991650684,0.12281826114541954,0.002432144475706388,0.0038034133905460177,0.030703137603273842,1241,0.003638880889632712,0.03468701566512693,1399,0.8851890166274565,2017,ok
TIC_379931600,2.0,5000,4,0.05400035315358295,2.7000176576791475,0.001312318761738429,2.927410120564572,0.08048021963785855,-0.00012904548861825127,0.002966163747426531,0.013745976191121686,290,0.002965988526034802,0.013500088288395738,281,1.490364690930149,1574,ok
TIC_137543637,2.0,5000,8,0.054831127817484226,2.7415563908742113,0.001409829297887466,1.999702596050864,0.022138509250004414,0.0006112765664754161,0.003375025674911103,0.005535450444912385,126,0.0019084400765088105,0.013707781954371057,314,0.4037580500568332,1138,ok
TIC_233569098,2.0,5000,6,0.06272348712454635,3.136174356227318,0.0014683008731282143,1.0001191935376883,0.04627349701841131,0.0010153203508347364,0.002018272136307897,0.023133991086967152,901,0.002354617718882679,0.01568087178113659,609,0.7377379533527646,1944,ok
TIC_33091633,2.0,5000,9,0.02160014126143318,1.080007063071659,0.0016442726950098852,7.5214851231948705,0.10594784061850812,-0.00010612927716113774,0.004686524348581189,0.007043013373235597,177,0.004759535843954388,0.005400035315358295,119,4.904960543368151,2030,ok
TIC_367102581,2.0,5000,11,0.0785082057386706,3.9254102869335297,0.0016857648044396045,1.9999221647450358,0.06737033147556927,0.000470562105413741,0.004199623154436338,0.016843238367768708,493,0.0040388658282812795,0.01962705143466765,575,0.8581310812251162,1461,ok
TIC_110936761,2.0,10000,1,0.05067725449797785,2.5338627248988925,0.003153821389771494,0.9997548845598282,0.028524025174646656,0.0011058969194326362,0.0045659670381733575,0.014265509283910729,370,0.004770442145699549,0.012669313624494463,328,0.5628565607433378,1312,ok
TIC_180987952,2.0,10000,4,0.07643126907891741,3.8215634539458705,0.0032183268999453896,2.000642647210389,0.052059918498058216,0.0006231172483117664,0.00791577778608954,0.013010798947690222,374,0.006557219068951237,0.019107817269729353,549,0.6811337705815784,1439,ok
TIC_41330864,2.0,10000,0,0.06230809979259572,3.115404989629786,0.00289245162574836,0.9998600168548963,0.02294754352177566,0.0013506541365412295,0.0047705701791794786,0.011475378120408379,410,0.004584150937124609,0.01557702494814893,554,0.36829149979153425,1775,ok
TIC_180987952,2.0,10000,5,0.07643126907891741,3.8215634539458705,0.0020162195875670363,2.000642647210389,0.052059918498058216,0.0005045036862447727,0.0041320284732002666,0.013010798947690222,375,0.0033467090175198777,0.019107817269729353,548,0.6811337705815784,1417,ok
TIC_207084429,2.0,10000,3,0.07352355775526294,3.676177887763147,0.003329267942338676,1.9996758634540335,0.054639170169005186,0.00018190947579876937,0.0086579281817587,0.013662006720085907,506,0.007686526922851655,0.018380889438815735,680,0.7431518799849429,1843,ok
TIC_391821647,2.0,10000,2,0.04050529105190381,2.025264552595191,0.003270201699399955,2.000027977842036,0.03046262830669049,0.000655350477823613,0.007644200099626519,0.007615550543337564,301,0.006301186817653903,0.010126322762975953,401,0.7520654096190897,1964,ok
TIC_61733521,5.0,1000,0,0.050739061120072565,1.0147812224014514,0.0003226309463345567,3.368077489545246,0.11742615847047384,0.00018302405472558902,0.0005796743019411688,0.01743222340266414,39,0.0006764119040367778,0.005073906112007256,11,2.314314768115006,114,ok
TIC_420645189,2.0,10000,6,0.042784895190915724,2.1392447595457864,0.0033421426797676235,0.9998472315226561,0.032877511455691705,0.0008584799061019943,0.004761641888805124,0.016441267435237536,538,0.0060985564406116355,0.010696223797728931,351,0.7684373494193437,1636,ok
TIC_12036590,2.0,10000,9,0.03572331054775487,1.7861655273877435,0.003346525576515935,10.8439174861261,0.08518290922111155,0.001559423197562082,0.024599851448178445,0.003927681547286581,183,0.01138831435977905,0.008930827636938718,352,2.38451890138343,2148,ok
TIC_169904935,2.0,10000,8,0.04527721918261955,2.2638609591309775,0.0031337868562061333,2.000514323223174,0.03437034171001949,0.00020179986319202037,0.007127673967306625,0.008590376312488216,247,0.006119593873490259,0.011319304795654888,323,0.7591089366904659,1435,ok
TIC_119081096,5.0,1000,1,0.029315901980486374,0.5863180396097275,0.00031928683577697736,0.8368688658457113,0.0527589004774478,0.0005347321308823982,0.000812262172904199,0.03152160549319244,827,0.0005829488355113543,0.0029315901980486374,79,1.7996683340176896,1311,ok
TIC_241174783,2.0,10000,7,0.11140065161918186,5.570032580959093,0.003053174223472399,1.000061722644501,0.03629298919050768,0.0032538072100878335,0.005131714842715018,0.018145374614747155,576,0.004702585705746998,0.027850162904795465,883,0.32578794345452877,1584,ok
TIC_103245940,2.0,10000,10,0.038215634539458705,1.9107817269729352,0.0033274912379862576,3.2511511892771474,0.10056450362996583,-0.00010326166872309805,0.00879662320693586,0.015465983858524445,506,0.009425887919406573,0.009553908634864676,313,2.631501605086007,1717,ok
TIC_153651591,2.0,10000,11,0.11637699185595052,5.818849592797526,0.0029676713110866615,1.000281779077581,0.04400118523902082,0.003369458673942116,0.004873494300545178,0.02199439505915869,726,0.004622454388602204,0.02909424796398763,963,0.37809179063061493,1669,ok
TIC_305943739,5.0,1000,2,0.08005496310055894,1.601099262011179,0.0002926007516478313,5.004194017792466,0.0682067518833008,5.869223969279247e-05,0.0006702653530480385,0.006814958776657235,246,0.0006122411678817219,0.008005496310055895,290,0.8519990421783679,1785,ok
TIC_462715015,5.0,1000,5,0.06088687334408708,1.2177374668817416,0.00031109231789072656,5.267453137226997,0.03547592291218194,-2.1256479490361357e-05,0.004076013969716574,0.0033674645021007175,77,0.0030856800786334126,0.006088687334408708,138,0.582653057444723,1132,ok
TIC_348054109,5.0,1000,4,0.020617930239610643,0.41235860479221287,0.0002760482215774518,0.8791577294941699,0.013817469117121018,0.0010765941621624364,0.0020183796986174007,0.007858356159292942,264,0.003234457938409818,0.002061793023961064,72,0.6701676141369054,1675,ok
TIC_192372961,5.0,1000,3,0.2689170239363846,5.378340478727692,0.00027471164470005416,4.998953739077827,0.2348822697952152,0.0003219000925092086,0.0006055319300789508,0.02349314297100744,823,0.0005319788560058658,0.026891702393638462,934,0.8734377108486047,1682,ok
TIC_428685938,5.0,1000,7,0.01973185710225044,0.39463714204500877,0.000273377335347158,4.4612607659702865,0.05609285422700357,-0.0007584363115831216,0.011970112390754184,0.006286659441078855,202,0.014174146005489607,0.002,65,2.8427559522821664,1504,ok
TIC_137543637,5.0,1000,9,0.0744172896427731,1.488345792855462,0.00027647488136106624,1.2835620387727225,0.04301150635384216,0.0005755189537574035,0.0016579934725108325,0.01675474385132471,431,0.0013638369692031693,0.00744172896427731,191,0.5779773297349475,1240,ok
TIC_299876474,5.0,1000,8,0.03608111012982938,0.7216222025965877,0.00028424614318023345,2.5941908442908175,0.09441010832181662,0.0006399593627715028,0.020622965104553193,0.018196446211655993,611,0.029436788485900034,0.0036081110129829383,120,2.616607637129347,1622,ok
TIC_327011842,5.0,1000,6,0.3037279549608279,6.0745590992165575,0.0002935943475450564,4.998765416694566,0.2592815323565989,0.0003775150736586852,0.0007370776540018831,0.02593455690985884,976,0.0006501058696811723,0.030372795496082787,1160,0.85366370833412,2007,ok
TIC_452803785,5.0,2500,4,0.06145064068986567,1.2290128137973135,0.0007553965038658017,5.256711475736089,0.5016845803960648,0.004334860774654392,0.004385969405551249,0.047718481669741505,72,0.005040400472634765,0.006145064068986567,11,8.164025220306641,77,ok
TIC_309402106,5.0,1000,10,0.09002687991269054,1.8005375982538108,0.00033333741991026233,2.500573582720482,0.010208887999197435,0.0001810748205748336,0.0007515395307781114,0.002041309255952937,80,0.00041505667175323335,0.009002687991269053,353,0.1133982207213909,1942,ok
TIC_379931600,5.0,1000,11,0.07328975495121594,1.465795099024319,0.0003345567134237504,2.927410120564572,0.08048021963785855,-0.00018128526195804184,0.0028849680083702367,0.013745976191121686,288,0.0030098923306731695,0.007328975495121594,122,1.0981100931696226,1572,ok
TIC_143350972,5.0,2500,1,0.05750426926941558,1.1500853853883115,0.0006963045272889712,4.998752669547103,0.03615916406378355,6.353339752918075e-05,0.0015366379732237867,0.003616818679994788,104,0.00116524143881791,0.005750426926941558,166,0.6288083393316901,1592,ok
TIC_267867517,5.0,2500,0,0.13192155891218868,2.6384311782437733,0.0006495249440194861,2.8063738424027362,0.03367988601648331,-0.00025946428809109356,0.0025426451797080363,0.006000605747459426,242,0.00027267309655043537,0.013192155891218868,532,0.25530236524040584,2014,ok
TIC_334597566,5.0,2500,2,0.08343756717523043,1.6687513435046086,0.0007529692633444496,9.115522891441877,0.10279502155181208,-5.344007982177601e-05,0.0020772812881759695,0.005638459953203636,222,0.0014882839217625898,0.008343756717523044,329,1.2319992664207038,1788,ok
TIC_128463355,5.0,2500,3,0.12910272218329574,2.582054443665915,0.0008364578969414227,5.004324946327051,0.11140273285677456,0.00036298431767045614,0.0020619057153132836,0.011130645396892057,399,0.0019163551041896376,0.012910272218329574,464,0.862899952633134,1790,ok
TIC_403308915,5.0,2500,9,0.0986592855112522,1.973185710225044,0.0007584889368750236,2.4994464188763836,0.06713181434911535,0.0001548163773935629,0.0009835494122600874,0.01342933656071215,19,0.0010569869551545485,0.009865928551125221,18,0.6804409134045359,79,ok
TIC_372505528,5.0,2500,10,0.0851288692125662,1.7025773842513239,0.0007610473173036425,5.0029068092266,0.08433519574656298,0.00025162978419723814,0.001791207527497507,0.008428619496872097,16,0.001791207527497507,0.00851288692125662,16,0.9906768000873897,94,ok
TIC_75427473,5.0,2500,5,0.14996211397710338,2.9992422795420675,0.0008313444629405309,4.9997563038435135,0.13752372949518687,0.0003492086281557949,0.00196101022931483,0.01375304326227529,488,0.001904075235893865,0.014996211397710337,528,0.9170564874551206,1636,ok
TIC_173860688,5.0,2500,8,0.25482284029192,5.096456805838399,0.0006941858695823644,2.499963972108617,0.15326728781408008,0.0008141777121307703,0.0011577222769105777,0.0306538993209581,586,0.001240885461128216,0.025482284029191997,483,0.6014660524091958,955,ok
TIC_428685938,5.0,2500,6,0.01973185710225044,0.39463714204500877,0.0008367850289390244,4.4612607659702865,0.05609285422700357,-0.0007584363115831216,0.011970112390754184,0.006286659441078855,202,0.014174146005489607,0.002,65,2.8427559522821664,1504,ok
TIC_230267547,5.0,2500,11,0.10373319162325946,2.0746638324651894,0.0007450064228167186,5.002252906590737,0.050692850587531584,0.0001983930684996693,0.002148671648614986,0.005067001962329916,74,0.001732091473108488,0.010373319162325947,150,0.4886849598886248,810,ok
TIC_207084429,5.0,2500,7,0.09978682020280938,1.9957364040561878,0.0007028646069976441,5.003583204958105,0.07916212694178368,7.075888968999244e-05,0.0014877673230246913,0.007910543674315346,338,0.0013165455839880824,0.009978682020280938,424,0.7933124512925903,2139,ok
TIC_219205407,5.0,5000,1,0.05919557130675133,1.1839114261350265,0.0014797053719252107,4.999761013517182,0.041754916293315424,0.0002726284043554905,0.003138586356346673,0.004175691216082955,120,0.0026439256326469263,0.005919557130675133,167,0.7053723001834298,1388,ok
TIC_260849386,5.0,5000,0,0.12853895483751715,2.570779096750343,0.0016015200363584947,4.998460034898222,0.10186357826716033,0.0005070374575282255,0.003976474349080661,0.010189496120402057,356,0.0035613547412430835,0.012853895483751715,439,0.792472432936175,1644,ok
TIC_119081096,5.0,5000,5,0.029315901980486374,0.5863180396097275,0.0016009038719283497,2.498354811595568,0.02274259569484441,0.00023945817572001982,0.0028505941959332537,0.004551514378440088,132,0.0021512256318848566,0.0029315901980486374,86,0.7757767681848106,1425,ok
TIC_180987952,5.0,5000,3,0.10373319162325946,2.0746638324651894,0.0015833510883976887,4.997794627910503,0.07052752030290779,0.00020290116653642887,0.003987588729598923,0.007055864191481814,208,0.003425582660437354,0.010373319162325947,316,0.6798934767094724,1537,ok
TIC_131581522,5.0,5000,4,0.06088687334408708,1.2177374668817416,0.0014882954115248426,3.057240658512166,0.10929022316792276,1.0006154150588031e-05,0.003553016888155458,0.017873997400831024,550,0.004920103737924397,0.006088687334408708,187,1.7949718414722358,1540,ok
TIC_137284119,5.0,5000,2,0.17815048126603258,3.563009625320652,0.0015110727545659675,4.996974370683379,0.14559504212237626,0.0004293212339283592,0.003269485772706804,0.01456831987938182,628,0.0028957668886488985,0.01781504812660326,769,0.8172587639825615,2151,ok
TIC_131581522,5.0,5000,7,0.06088687334408708,1.2177374668817416,0.0015769616611770454,3.057240658512166,0.10929022316792276,-1.6350964231914844e-05,0.003458788726497408,0.017873997400831024,550,0.004920103737924397,0.006088687334408708,187,1.7949718414722358,1540,ok
TIC_187532854,5.0,5000,8,0.08287379982945185,1.6574759965890369,0.0014376601634757957,1.6496382177400082,0.02066082423913925,0.00021334245378801242,0.0031306915046982464,0.006262228898723146,133,0.0028649442324025776,0.008287379982945185,177,0.2493046569803448,1069,ok
TIC_80478272,5.0,5000,6,0.08343756717523043,1.6687513435046086,0.0014273633686232579,5.084598738136328,0.07473938290054474,-0.00022118628340406232,0.0038967252158191856,0.007349585163915922,263,0.0036345348109658726,0.008343756717523044,300,0.895752182510088,1782,ok
TIC_285233023,5.0,10000,1,0.0817462651378947,1.6349253027578938,0.0032557663266731263,5.006034296793346,0.07422511416802431,0.0007259392949939825,0.007314805307612748,0.007413564287361133,214,0.006782855968894053,0.00817462651378947,235,0.9079939498497792,1442,ok
TIC_394509844,5.0,5000,10,0.07949119575478035,1.5898239150956068,0.0016131828383446623,4.9975147353770435,0.05509608601479594,0.00012320555689249169,0.004353569503452892,0.005512348530438015,156,0.003757429440182647,0.007949119575478034,225,0.6931092870304776,1432,ok
TIC_56231866,5.0,5000,9,0.311763342215557,6.23526684431114,0.001670647448896001,5.0013346438491695,0.2735376550245351,0.0021500801605287556,0.004135932900025563,0.027346465943939788,985,0.0039946491153147745,0.0311763342215557,1124,0.8773887689316847,1801,ok
TIC_65347776,5.0,10000,2,0.045101387662286725,0.9020277532457346,0.0030184288907063594,4.999128633947457,0.03270738800520045,0.00013067010574707716,0.005966068351136666,0.003271308902024966,71,0.005131687569283949,0.004510138766228673,96,0.7251969329659894,1064,ok
TIC_232967666,5.0,10000,0,0.06426947741875857,1.2853895483751716,0.0031211753482911497,2.500034433937619,0.04399369498450447,0.0004170060733799108,0.005181008590870562,0.008798617808478194,308,0.006017586881070125,0.006426947741875857,228,0.6845192578407968,1782,ok
TIC_69997672,5.0,5000,11,0.1240288160712885,2.48057632142577,0.0016131127897802688,2.499234369984516,0.08847785089791364,0.000577536093937181,0.0021733473556886374,0.01770099114363208,628,0.0022585827264388625,0.01240288160712885,444,0.7133652783322458,1790,ok
TIC_365639282,5.0,10000,4,0.027511846473994902,0.5502369294798981,0.003279618278604235,7.147825096215239,0.042633294351091956,1.0407728648909043e-05,0.008345751164146153,0.0029822564050753153,93,0.009092539889971607,0.00275118464739949,84,1.5496340600544694,1544,ok
TIC_101395259,5.0,10000,5,0.08391958261819768,1.6783916523639537,0.0029859396279302564,5.002021947906518,0.05501706366766642,0.000262802736733847,0.006237225968497295,0.005499482433368026,160,0.00508333228222746,0.008391958261819769,240,0.6555926751682408,1439,ok
TIC_256349966,5.0,10000,6,0.09358537939924495,1.8717075879848992,0.0022231455820627133,5.003489582656825,0.03714126397249368,0.0004136867578979908,0.0056108802298144855,0.0037115360548799097,80,0.0037910619287880865,0.009358537939924496,203,0.3968703681164254,1205,ok
TIC_128501004,5.0,10000,3,0.06201440803564425,1.240288160712885,0.0030837938051845315,2.500688022533058,0.049217588758728635,0.0003314512750050014,0.0037232446493443705,0.009840809472281543,386,0.004522875269243887,0.006201440803564425,244,0.7936476428258359,1990,ok
TIC_97158538,5.0,10000,9,0.12639720269090432,2.5279440538180866,0.0031293610612879164,4.998921776362075,0.09427645840327604,0.0002307155142236006,0.007157612615105835,0.009429679300951671,333,0.005996362582765036,0.012639720269090432,448,0.7458745636469712,1793,ok
TIC_271167979,5.0,10000,7,0.04115501624183663,0.8231003248367326,0.003243114721932616,0.61866184813541,0.024416751617250165,0.0027743681692832256,0.007734818726498061,0.019733519765959395,702,0.009004545471384962,0.004115501624183663,146,0.5932873765319772,1781,ok
TIC_56231866,5.0,10000,8,0.311763342215557,6.23526684431114,0.002470857048722852,5.0013346438491695,0.24867059547685005,0.001679205866662259,0.004631347578873735,0.024860423585399805,895,0.00411862355315451,0.0311763342215557,1123,0.7976261535742587,1800,ok
TIC_437156845,5.0,10000,10,0.06652454680187292,1.3304909360374584,0.002618471947931189,5.000360142310402,0.07991921771261619,0.00038625715211404454,0.003704489062266725,0.007991346166887266,287,0.004024756697794674,0.006652454680187292,238,1.2013492996898727,1800,ok
TIC_309436531,10.0,1000,0,0.08878779327372496,0.8878779327372497,0.0002786279299075156,3.2147035778954995,0.0564793546083423,-0.00037766038125952583,0.004822272922245019,0.008784535376247102,208,0.0051971587416616005,0.0044393896636862485,103,0.6361162106396925,1255,ok
TIC_420803693,10.0,1000,1,0.06321690881089218,0.6321690881089218,0.0002603714471872687,0.9144721243150284,0.051492238862927586,0.0001853159834100948,0.000384971773353171,0.028154077906692384,892,0.00034605416284771984,0.003160845440544609,100,0.8145326911975733,1580,ok
TIC_180987952,10.0,1000,3,0.13069563169892315,1.3069563169892313,0.00029927635631576965,1.3890297174833364,0.046194501013943665,0.00015305130417642143,0.0005003481312595426,0.01662833430865666,466,0.0006816147612743739,0.006534781584946157,183,0.35345099460064267,1393,ok
TIC_56231866,5.0,10000,11,0.311763342215557,6.23526684431114,0.0032708071387033133,5.0013346438491695,0.22606417770622728,0.0026037446221245375,0.008260026331001535,0.022600385077636183,719,0.0072516025532297634,0.0311763342215557,996,0.7251146850675078,1616,ok
TIC_298049015,10.0,1000,2,0.04403874546376758,0.4403874546376758,0.00033741696202971294,1.9599704988919644,0.06100563925767497,0.002724736851937415,0.010134750246642787,0.015562897322220784,482,0.006106349359714436,0.0022019372731883788,68,1.385271960298386,1551,ok
TIC_167009792,10.0,1000,4,0.14916349269985793,1.4916349269985791,0.0003274330559356331,4.998479343534986,0.11351569783084933,0.00011061561958980448,0.0006394037666375141,0.011355023200973122,311,0.0006955824364853758,0.0074581746349928965,205,0.7610152844789042,1460,ok
TIC_412014494,10.0,1000,7,0.15129439973842732,1.5129439973842733,0.00029234270622136016,4.997356941767321,0.0526907188859229,0.00011151986015933701,0.0006034454561715252,0.005271858654475937,180,0.00047061730260278267,0.007564719986921366,256,0.34826615510567355,1627,ok
TIC_256349966,10.0,1000,5,0.11791018946750674,1.1791018946750673,0.00032775549752461774,3.401869123156327,0.023213289982808548,7.241550257175433e-05,0.001088123214339376,0.003411843481102348,84,0.0010416699521988981,0.005895509473375337,144,0.1968726374509438,1224,ok
TIC_219366908,10.0,2500,1,0.056113885348994176,0.5611388534899417,0.0007190503700889028,0.6294685130170254,0.04525770031804512,0.001696599620608863,0.0018573780457353806,0.03594913755187388,64,,0.0028056942674497087,4,0.8065330004609341,90,ok
TIC_458856474,10.0,1000,6,0.07103023461897998,0.7103023461897997,0.00032809799916300175,6.077339645019965,0.04746625940357967,-0.00023388159581294587,0.004146819079638431,0.00390518402591466,67,0.0044387222942059434,0.0035515117309489986,60,0.6682542956277414,1376,ok
TIC_90504905,10.0,1000,10,0.029226881668906305,0.29226881668906307,0.0002669601529823318,5.110479339171753,0.029231904490693315,-6.90280561665979e-05,0.012948847337246772,0.0028599963477624474,63,0.01595792390990003,0.002,45,1.0001718562330362,932,ok
TIC_219366908,10.0,2500,3,0.056113885348994176,0.5611388534899417,0.0005850057080896143,0.6294685130170254,0.04525770031804512,0.0017417201528461268,0.0018573780457353806,0.03594913755187388,64,,0.0028056942674497087,4,0.8065330004609341,90,ok
TIC_5800958,10.0,2500,2,0.13566774812225174,1.3566774812225175,0.0005946477868646882,7.581741146408543,0.11391202817896513,-2.5808160980078654e-05,0.002313565778721882,0.007512260441186722,30,0.002362019347873834,0.006783387406112587,27,0.8396397062352484,220,ok
TIC_389371332,10.0,1000,9,0.04546716348195527,0.45467163481955275,0.0003000624554176934,2.0036747976447757,0.03128028509496214,2.2255313222863116e-05,0.0015709205944633986,0.007805729036401173,264,0.0012620040922843856,0.0022733581740977636,78,0.6879752924850143,1692,ok
TIC_285233023,10.0,1000,11,0.10299384019752095,1.0299384019752096,0.00032812490132561045,2.8523536232824416,0.07969352574582991,0.0002993531387202042,0.0014887962850288483,0.013969783601747093,343,0.0025494727776144144,0.005149692009876047,128,0.7737698253895006,1231,ok
TIC_459850897,10.0,1000,8,0.1269942461729281,1.269942461729281,0.00033101148540304326,1.1890233657502505,0.08579646147957738,0.0010826771179295314,0.0017378827622449577,0.036078543092986866,1259,0.0021061271246112234,0.006349712308646405,217,0.675593297059682,1748,ok
TIC_272828463,10.0,2500,8,0.20669798274123172,2.0669798274123172,0.0007720734357123948,9.998842488778013,0.128660856605707,8.143633912305326e-05,0.0019568214627410097,0.006433787548414067,12,0.0015966645355417475,0.010334899137061586,20,0.6224582112481448,107,ok
TIC_425220920,10.0,2500,10,0.11293807304417816,1.1293807304417816,0.0007905614716875453,10.000946906684229,0.1223155851873255,4.121550233426863e-05,0.0018784659914712343,0.006115200206971138,18,0.0019593342987939133,0.005646903652208908,16,1.0830323370178196,144,ok
TIC_398912927,10.0,2500,0,0.11151746835179857,1.1151746835179857,0.0008391258023218162,4.9961917333217185,0.04177992082102823,0.0002593152412577737,0.0014959095249009735,0.004181176689275178,120,0.001554715772824622,0.005575873417589928,160,0.3746491149640091,1440,ok
TIC_127315102,10.0,2500,6,0.18183740062458872,1.8183740062458873,0.0007046493639043527,10.017859435103844,0.14247512665223092,0.00012697486578971962,0.0015026298851581465,0.007111056387604127,206,0.0012829753993885973,0.009091870031229436,262,0.7835303747350473,1150,ok
TIC_334597566,10.0,2500,4,0.10512474723609036,1.0512474723609038,0.000836634144582793,9.115522891441877,0.10279502155181208,-2.6170353662369195e-05,0.0020772812881759695,0.005638459953203636,222,0.0021016407955187777,0.005256237361804518,207,0.9778384657701373,1788,ok
TIC_80478272,10.0,2500,5,0.10512474723609036,1.0512474723609038,0.0008257208061566157,5.084598738136328,0.07473938290054474,-0.00029259200335784996,0.0036966022967820367,0.007349585163915922,263,0.004051499213786558,0.005256237361804518,188,0.710958978409662,1782,ok
TIC_277871306,10.0,2500,9,0.07387144400373917,0.7387144400373917,0.0008005444102251458,3.962567047455671,0.028333723626061603,-0.0002814613011301592,0.0038110294456555893,0.0035751727714303833,113,0.0038110294456555893,0.0036935722001869586,115,0.38355448452621865,1456,ok
TIC_395773226,10.0,5000,0,0.12004109650607615,1.2004109650607615,0.0011411367049245502,5.002121422389368,0.07757469584126922,0.00021002163005956476,0.0015653605848243712,0.007754179606081418,223,0.0018810785296087262,0.006002054825303808,173,0.6462344821828797,1441,ok
TIC_312899686,10.0,2500,11,0.07316114165754938,0.7316114165754938,0.0007894911160261087,4.413263024157915,0.048416968306916185,-0.00027095465613258263,0.006710819125485434,0.00548539346532088,139,0.006978987055451635,0.003658057082877469,93,0.661785303099082,1270,ok
TIC_409459226,10.0,2500,7,0.6937403133025385,6.937403133025384,0.000833042704619924,9.996540820111049,0.6563241341626135,0.0013744659572219042,0.001963872702498648,0.03282756235247997,1410,0.0018808307448621164,0.03468701566512693,1477,0.9460660157374942,2028,ok
TIC_232967666,10.0,5000,1,0.08097446746563716,0.8097446746563716,0.0016042573468282306,5.00215913045717,0.06610622837641542,0.000248228591484434,0.002623973518718792,0.006607769430395317,239,0.0034182708823717878,0.004048723373281858,146,0.8163836138159065,1649,ok
TIC_48276576,10.0,5000,2,0.09890960170692963,0.9890960170692962,0.0015463458472462221,0.8337635580137078,0.048083220406202686,0.001688368581926225,0.0026414554235751897,0.02883504558579673,918,0.003391441464778766,0.004945480085346481,159,0.4861329898857935,1590,ok
TIC_224418572,10.0,5000,3,0.13779865516082115,1.3779865516082115,0.0015777427479868322,5.005834919522857,0.03864817458598078,0.0003374994289663258,0.00295239433093053,0.0038603125360019484,110,0.0025261677756589496,0.0068899327580410575,198,0.2804684453623696,1386,ok
TIC_335489455,10.0,5000,6,0.06321690881089218,0.6321690881089218,0.0016735351622724215,5.006128833202536,0.055744619472838694,0.00037169274853132706,0.003535136191338495,0.005567637323186664,160,0.004033862798344723,0.003160845440544609,90,0.8817991977366977,1442,ok
TIC_230267547,10.0,5000,7,0.13069563169892315,1.3069563169892313,,10.006646744062028,0.10885512373296738,0.00017587932359142133,0.0038723776850224656,0.005439140928881212,235,0.0034229675579537933,0.006534781584946157,282,0.8328902987647772,1877,ok
TIC_123106490,10.0,5000,4,0.09289618204408676,0.9289618204408676,0.001635972916596562,4.999151303026057,0.03430071447613038,0.0002385980760359896,0.0028074096256949232,0.003430653764706789,123,0.002548927427401537,0.004644809102204338,167,0.3692370743487813,1767,ok
TIC_272828463,10.0,10000,1,0.20669798274123172,2.0669798274123172,0.00305265202514704,9.998842488778013,0.128660856605707,0.0002979767580576498,0.007312649549045647,0.006433787548414067,12,0.005820438689698282,0.010334899137061586,20,0.6224582112481448,95,ok
TIC_299876474,10.0,5000,5,0.04545935015614718,0.4545935015614718,0.001610847424012074,2.5941908442908175,0.09441010832181662,0.0006399593627715028,0.020622965104553193,0.018196446211655993,611,0.030999567578321896,0.002272967507807359,78,2.076802857883575,1622,ok
TIC_241174783,10.0,5000,8,0.19049243471291144,1.9049243471291146,0.0015673781549543353,9.996591745362192,0.1002218951320131,0.00021717434440138295,0.004158629144076276,0.005012803247592358,143,0.0032525440816745244,0.009524621735645573,273,0.5261200807426087,1437,ok
TIC_261141602,10.0,5000,9,0.07529204869611877,0.7529204869611877,0.0015027255327909605,1.4952274730106316,0.04490091549924876,0.0009243340880573658,0.0025084570873707968,0.015014744013779065,294,0.0026726197311730537,0.003764602434805939,74,0.5963566708148739,945,ok
TIC_317397615,10.0,5000,10,0.2869621478606791,2.869621478606791,0.001567984016316748,5.002204793646424,0.09536744240539416,0.000853008521426224,0.00246425127071781,0.009532540783468681,345,0.002423590562825706,0.014348107393033955,516,0.3323345713585031,1796,ok
TIC_462715015,10.0,10000,3,0.07671265338849836,0.7671265338849836,0.002107778847096453,2.631074748567801,0.011013878495688299,9.518475392433778e-06,0.003500546952023398,0.0020930379309222575,48,0.003666206093960289,0.003835632669424918,86,0.14357316569289238,1069,ok
TIC_141616639,10.0,10000,0,0.04119753607900838,0.41197536079008384,0.0032547887382624596,4.99851876994097,0.03470913387158051,2.1734776239235032e-05,0.003858886133164985,0.0034719419361098455,100,0.005959309356283304,0.0020598768039504192,60,0.8425050907174533,1433,ok
TIC_241174783,10.0,10000,2,0.19049243471291144,1.9049243471291146,0.0029467340707878265,9.996591745362192,0.1002218951320131,0.00022278702956957108,0.006456593723334181,0.005012803247592358,144,0.004724746615342834,0.009524621735645573,273,0.5261200807426087,1437,ok
TIC_380517859,10.0,5000,11,0.034804814963300186,0.34804814963300185,0.0014865845176543768,1.110153205217224,0.08167396566490183,0.015088529581769206,0.020464430405157996,0.036784997458490724,1404,0.02476049276068959,0.002,77,2.3466283544682724,1901,ok
TIC_41865539,10.0,10000,9,0.07884356042706778,0.7884356042706778,0.0026706923804337146,4.9968095870115565,0.04380199032933718,0.00016460968099873963,0.0034786795894238276,0.004382995746245141,10,0.0038264928398386022,0.003942178021353389,9,0.5555557117420528,128,ok
TIC_103245940,10.0,10000,5,0.06534781584946157,0.6534781584946157,0.0031312595525383458,3.2511511892771474,0.10056450362996583,-0.00027564597853069195,0.00879662320693586,0.015465983858524445,506,0.010751093878645035,0.0032673907924730787,107,1.5389114742814227,1717,ok
TIC_274662200,10.0,10000,6,0.03766236130202175,0.3766236130202175,0.0031023888657474297,5.001907858012085,0.013505340375571715,0.00015533450864857468,0.005873584078902039,0.002,58,0.005873584078902039,0.002,58,0.3585898469633856,1343,ok
TIC_463203560,10.0,10000,4,0.07600235104230857,0.7600235104230857,0.0031367449062877917,4.997769220996451,0.05498327902581287,0.00032540720936469203,0.0037122876790874892,0.0055007821084274025,197,0.0047906276169554785,0.0038001175521154285,137,0.7234418182038221,1800,ok
TIC_417705690,10.0,10000,8,0.07387144400373917,0.7387144400373917,0.00306172099806179,5.003213609364463,0.05217156555390028,0.00015931089190424075,0.0031533457387257213,0.005213805528535831,166,0.00356919769762043,0.0036935722001869586,115,0.7062480808045325,1687,ok
TIC_386297468,10.0,10000,7,0.11364837539036796,1.1364837539036796,0.0029439831679743955,4.99736021839793,0.021832487581675893,0.0005538015183259581,0.0058022477402419614,0.0021844020270240815,75,0.003969026766978301,0.005682418769518398,192,0.19210558449853796,1641,ok
TIC_299876474,10.0,10000,11,0.04545935015614718,0.4545935015614718,0.0031317405078340466,2.5941908442908175,0.09441010832181662,0.0006399593627715028,0.020622965104553193,0.018196446211655993,611,0.030999567578321896,0.002272967507807359,78,2.076802857883575,1622,ok
TIC_169532369,10.0,10000,10,0.11506898008274756,1.1506898008274757,0.003367783061260843,9.99086485850027,0.10612606715399994,0.0003550911416834168,0.007490340169752585,0.005311155173103329,230,0.007234458807000355,0.005753449004137378,248,0.9222821569955981,2152,ok
