host,label,status,elapsed_s,SDE,SDE_raw,FAP,period,period_uncertainty,T0,duration,depth,depth_mean,depth_mean_std,depth_mean_even,depth_mean_odd,odd_even_mismatch,rp_rs,snr,transit_count,distinct_transit_count,empty_transit_count,chi2red_min,depth_consistency_std,secondary_eclipse_depth,transit_shape_ratio,depth_duration_ratio,st_rad,st_teff,st_mass
KIC_5631630,1,TLS: Required feature(s) not computable: ['transit_shape_ratio'],1355.3810560703278,,,,,,,,,,,,,,,,,,,,,,,,,,
KIC_9391506,1,TLS: Required feature(s) not computable: ['transit_shape_ratio'],2335.1233220100403,,,,,,,,,,,,,,,,,,,,,,,,,,
KIC_3645438,1,TLS: Required feature(s) not computable: ['transit_shape_ratio'],2672.8759500980377,,,,,,,,,,,,,,,,,,,,,,,,,,
KIC_7584650,1,TLS: Required feature(s) not computable: ['transit_shape_ratio'],2872.7332561016083,,,,,,,,,,,,,,,,,,,,,,,,,,
KIC_3937519,1,TLS: Required feature(s) not computable: ['transit_shape_ratio'],3409.129896879196,,,,,,,,,,,,,,,,,,,,,,,,,,
KIC_8573193,1,TLS: Required feature(s) not computable: ['transit_shape_ratio'],3708.2644259929657,,,,,,,,,,,,,,,,,,,,,,,,,,
KIC_7288306,1,TLS: Required feature(s) not computable: ['transit_shape_ratio'],4422.079936027527,,,,,,,,,,,,,,,,,,,,,,,,,,
KIC_5794379,1,Success,4955.858164072037,67.70842041009553,25.19364492184074,8.0032e-05,368.06049612932964,0.48206217337849466,168.60864867886576,1.1479890958603811,0.969574916154859,0.9730835241635538,0.002540121030151547,0.9835274277108301,0.9661209217987028,2.957678452795746,0.15686391095391497,43.57542673382492,4.0,4.0,0.0,1.1011859481107653e-05,0.023509838200395473,-1.3523221704225818e-05,-0.8520366320754966,0.8445854752898969,0.686,4702.0,0.67
KIC_7219825,1,TLS: Required feature(s) not computable: ['transit_shape_ratio'],2665.7364852428436,,,,,,,,,,,,,,,,,,,,,,,,,,
KIC_5866724,1,TLS: Required feature(s) not computable: ['transit_shape_ratio'],2269.708930015564,,,,,,,,,,,,,,,,,,,,,,,,,,
KIC_11074178,1,Success,3333.1656787395477,56.657705901856474,20.6219079066528,8.0032e-05,371.13098030441904,0.6567240418466156,257.4562593825864,1.4554627961041344,0.9753567981242632,0.977552435978462,0.0013277393895372934,0.9830864208275305,0.9718339849677576,3.6232345144932383,0.1411743231505011,51.15775776369347,4.0,4.0,0.0,9.195140739329934e-06,0.007629024470373619,-7.049405034376122e-06,0.08957247285168572,0.6701351630113939,0.846,5741.0,0.938
KIC_4913852,1,"TLS: Required feature(s) not computable: ['depth_mean_even', 'odd_even_mismatch', 'transit_shape_ratio']",5228.243313789368,,,,,,,,,,,,,,,,,,,,,,,,,,
KIC_3326377,1,TLS: Required feature(s) not computable: ['transit_shape_ratio'],4304.930500030518,,,,,,,,,,,,,,,,,,,,,,,,,,
KIC_2439243,1,Success,1710.5617890357971,51.21478291198371,26.4759243979372,8.0032e-05,367.4086746129023,0.9207606282469669,540.1296225912018,1.4478539215470652,0.9516924069494568,0.9572737888975734,0.0018902213737013365,0.9583343421793775,0.9550201131737405,0.5894696324313852,0.19765820468583345,54.05917633652888,3.0,3.0,0.0,2.6785663751001602e-05,0.0019042428288487882,-3.693844095797871e-05,-0.7985653003923991,0.6573124489883286,1.244,5624.0,0.931
KIC_11032227,1,TLS: Required feature(s) not computable: ['transit_shape_ratio'],2519.4109523296356,,,,,,,,,,,,,,,,,,,,,,,,,,
KIC_3728432,1,Success,4066.1487872600555,78.02285655911061,38.00263991977533,8.0032e-05,370.9492454625084,0.5759493781341405,257.74930324589184,1.4028913732458541,0.9626444377320194,0.9661545315997134,0.0015334609789435822,0.9641076783525746,0.9682866703988168,0.9880196373318155,0.17381401262334792,56.60906790593524,4.0,4.0,0.0,1.284926495948487e-05,0.0039757336972426225,-8.023402548795744e-06,25.439786911300473,0.6861860127521917,0.653,4518.0,0.639
KIC_8956206,1,Success,3665.704735994339,54.59749141377978,28.08419748590684,8.0032e-05,370.83755438830497,0.585707876904678,257.93072295441584,1.2920787438066017,0.9777528371851749,0.9804645820813646,0.000978404262058863,0.9783213407330265,0.9825146390232533,1.607177413964257,0.1341357257649497,43.2842574057855,4.0,4.0,0.0,7.820641032786165e-06,0.003453662639141148,0.000144948134037981,-0.5482060906594584,0.7567285212854836,0.791,5149.0,0.811
KIC_9651668,1,Success,5109.381617069244,178.37983252318804,175.2610189668055,8.0032e-05,2.684371496921596,0.0002915823263309747,133.34340341023483,0.10929573854695077,0.9871380530529795,0.9881422944141187,0.00014061536187563132,0.988075481039003,0.9882120030354895,0.3435863386363009,0.1019906838559425,196.6452003153155,543.0,486.0,57.0,1.9464019612253755e-06,0.0033449109416708255,0.004899735514590997,0.873118582293894,9.031807334637564,0.956,5561.0,0.859
KIC_11402995,1,Success,2637.3313670158386,35.9413781112816,19.335051688460414,8.0032e-05,371.03197475913225,0.6432808700914165,257.64049204679867,1.3948153192218509,0.9892950509694463,0.9901454348203821,0.00037509142053838095,0.9902709510400854,0.9900157347266885,0.2409769932549592,0.09304637300002801,43.89336838251179,4.0,4.0,0.0,2.667334417491137e-06,0.0005761679605825542,-1.234209309863843e-06,2.354308196894541,0.7092659776072441,1.14,5705.0,0.939
KIC_12120307,1,TLS: Required feature(s) not computable: ['transit_shape_ratio'],2586.430634021759,,,,,,,,,,,,,,,,,,,,,,,,,,
KIC_10857519,1,TLS: Required feature(s) not computable: ['transit_shape_ratio'],2133.1484010219574,,,,,,,,,,,,,,,,,,,,,,,,,,
KIC_11192998,1,TLS: Required feature(s) not computable: ['transit_shape_ratio'],3705.3857069015503,,,,,,,,,,,,,,,,,,,,,,,,,,
KIC_8950568,1,TLS: Required feature(s) not computable: ['transit_shape_ratio'],3633.3167481422424,,,,,,,,,,,,,,,,,,,,,,,,,,
KIC_6442377,1,Success,2516.1462898254395,41.65806537180366,20.68039186210649,8.0032e-05,368.06825072767765,0.566628773885725,168.7125530302872,1.027439725046741,0.9805093216800294,0.9835039974907446,0.0010235400410678814,0.988174595318339,0.9803902656056815,3.716207735048848,0.12555112939068394,33.833519442263956,4.0,3.0,1.0,6.246234780140672e-06,0.004523167315396061,-3.0543263893623163e-06,-0.7896923245287014,0.954322961997039,1.518,6325.0,1.296
KIC_7428736,1,Success,4301.08011007309,44.73152995973936,17.70095683364701,8.0032e-05,670.9330568629795,1.0951268362658766,801.7644171330376,1.4435047063690398,0.9711266681944648,0.9735351219127651,0.001516058658339212,0.9719240010501005,0.9750119827035415,0.7355611658901343,0.15281134479392094,33.15036580253272,2.0,2.0,0.0,1.332787440908711e-05,0.0015439908267205205,1.8418549178833565e-05,-0.4670050582085427,0.6727561496056467,0.818,5305.0,0.753
KIC_5269467,1,TLS: Required feature(s) not computable: ['transit_shape_ratio'],12912.668892860413,,,,,,,,,,,,,,,,,,,,,,,,,,
KIC_10724369,1,Success,18381.1552901268,45.188678662133846,27.307368751047445,8.0032e-05,373.8043454733858,0.4620992981394636,349.14531013775263,0.9635461450801566,0.96667731469107,0.9664719130060574,0.0015807999150706735,0.968172079954232,0.9647717460578833,0.787422366882371,0.1641637040992836,36.73912094124062,4.0,3.0,1.0,1.2848940749147627e-05,0.006085095177088589,-3.779375704837662e-06,-0.5301152697809438,1.0032496311950405,0.962,5949.0,1.05
KIC_5953297,1,TLS: Required feature(s) not computable: ['transit_shape_ratio'],23514.729375123978,,,,,,,,,,,,,,,,,,,,,,,,,,
KIC_10670119,1,TLS: Required feature(s) not computable: ['transit_shape_ratio'],23880.785957098007,,,,,,,,,,,,,,,,,,,,,,,,,,
KIC_6029239,1,Success,22952.418612003326,34.31989909904656,12.749464185895581,8.0032e-05,310.8611537999245,0.38433531518467134,130.6751532283049,1.0059154076795445,0.9920757707178978,0.9924652258633956,0.001090357996535832,0.9935085456362055,0.9909923038311931,0.8145701619298626,0.08005448414611253,29.636794714436366,5.0,5.0,0.0,2.4529904540949494e-06,0.006513280858952831,8.444347318170564e-06,-1.1328245739147451,0.9862417487037284,0.881,5767.0,0.979
KIC_6287313,1,Success,20131.1451048851,55.17874451000066,22.94990128675478,8.0032e-05,368.07307824701616,0.4784911525357529,168.6616876593198,1.1647164243510832,0.9849096217219918,0.985925990643558,0.0011094518314221087,0.9901353037206634,0.9833536326519936,2.838678771748389,0.11047327021655112,36.25338557628079,4.0,3.0,1.0,3.910347589699005e-06,0.0052918622739742014,1.744088106492292e-06,-0.6818729752411361,0.8456218192945377,1.014,6082.0,1.041
KIC_9834040,1,TLS: Required feature(s) not computable: ['transit_shape_ratio'],21411.886942863464,,,,,,,,,,,,,,,,,,,,,,,,,,
KIC_8278371,1,TLS: Required feature(s) not computable: ['transit_shape_ratio'],21442.614580869675,,,,,,,,,,,,,,,,,,,,,,,,,,
KIC_5445681,1,Success,13498.004363059998,72.7374697612399,35.4106463639866,8.0032e-05,371.0393872934414,0.7764450013946487,260.5883971596543,1.6709647767158724,0.9826805577938119,0.9858307694389896,0.0008775912662942206,0.9865470364001869,0.9850913970919473,0.589448700826256,0.11835159012136091,50.53157755513478,4.0,4.0,0.0,3.6581870215861635e-06,0.00466238850052981,-2.282502713502055e-06,4.3907559393667475,0.5880917249046866,1.002,5952.0,0.942
KIC_8212002,1,TLS: Required feature(s) not computable: ['transit_shape_ratio'],1375.1816923618317,,,,,,,,,,,,,,,,,,,,,,,,,,
KIC_9592705,1,TLS: Required feature(s) not computable: ['transit_shape_ratio'],852.3055460453033,,,,,,,,,,,,,,,,,,,,,,,,,,
KIC_4665571,1,Success,2146.5167191028595,33.60578422766106,11.540263217323384,8.0032e-05,570.9692275332498,0.5285144156665638,230.69160540868853,1.124919489895364,0.9410223814040537,0.9569064608756944,0.005235349120632911,1.0003731844269614,0.9502192726370378,14.966510976250328,0.21839905915427285,34.33523949642467,3.0,2.0,1.0,2.0736301830515543e-05,0.02507695589496184,-6.671783454592628e-07,0.765565502814607,0.8365242044935893,0.788,4821.0,0.765
KIC_7849854,1,TLS: Required feature(s) not computable: ['transit_shape_ratio'],2417.9674599170685,,,,,,,,,,,,,,,,,,,,,,,,,,
KIC_8890150,1,Success,7829.938678979874,37.433609127201294,15.818819145929323,8.0032e-05,370.9362166502137,0.5349337825088014,257.8440402464514,1.1987196370963265,0.9834924405129903,0.9847284784400501,0.0014989488986816473,0.9766831293941943,0.9934174554095744,6.215251951981917,0.11554431502726156,43.73054027168911,4.0,4.0,0.0,5.676006335382285e-06,0.010182128829968697,4.952239094468958e-06,0.060401724890135226,0.8204524311417108,0.521,3765.0,0.526
KIC_5978559,1,TLS: Required feature(s) not computable: ['transit_shape_ratio'],1988.63823056221,,,,,,,,,,,,,,,,,,,,,,,,,,
KIC_4478168,1,"TLS: Required feature(s) not computable: ['depth_mean_odd', 'odd_even_mismatch', 'transit_shape_ratio']",1328.1881291866302,,,,,,,,,,,,,,,,,,,,,,,,,,
KIC_8947520,1,Success,2210.129576921463,44.254566954750175,14.349033645948227,8.0032e-05,415.70833601670256,0.6434193954125078,170.58631348068343,1.1042924467225974,0.9891704128369664,0.9907477596417957,0.0012842374986636951,0.9855817614582425,1.0002187563116431,19.19594721623927,0.09358647668388546,33.50598181872153,4.0,3.0,1.0,2.270670663348148e-06,0.00689591033105376,1.5647689761699723e-05,-0.9140566045945753,0.895750410837909,0.886,5580.0,0.989
KIC_9150827,1,Success,9395.08430981636,84.35239764774197,31.908097944054898,8.0032e-05,368.01848605184875,0.4244518787944287,168.82897818114463,1.0480513605931796,0.9818698371830253,0.9842951510092719,0.000796526929943962,0.9872380827826039,0.9825293919452726,2.4007841673864956,0.12108992186894935,43.1008927840442,4.0,3.0,1.0,3.3415463421415844e-06,0.0023753066774911025,7.4837580981146345e-06,0.026422849418877837,0.9368527861337859,0.553,3957.0,0.551
KIC_8547140,1,TLS: Required feature(s) not computable: ['transit_shape_ratio'],13264.675827264786,,,,,,,,,,,,,,,,,,,,,,,,,,
KIC_8583696,1,TLS: Required feature(s) not computable: ['transit_shape_ratio'],11631.72951388359,,,,,,,,,,,,,,,,,,,,,,,,,,
KIC_6786348,1,TLS: Required feature(s) not computable: ['transit_shape_ratio'],11995.687940835953,,,,,,,,,,,,,,,,,,,,,,,,,,
KIC_9006449,1,"TLS: Required feature(s) not computable: ['depth_mean_odd', 'odd_even_mismatch', 'depth_consistency_std', 'transit_shape_ratio']",12368.797976970673,,,,,,,,,,,,,,,,,,,,,,,,,,
KIC_10080248,1,TLS: Required feature(s) not computable: ['transit_shape_ratio'],12463.48097395897,,,,,,,,,,,,,,,,,,,,,,,,,,
KIC_8009350,1,TLS: Required feature(s) not computable: ['transit_shape_ratio'],13271.37834906578,,,,,,,,,,,,,,,,,,,,,,,,,,
KIC_5364071,1,TLS: Required feature(s) not computable: ['transit_shape_ratio'],14720.943311214447,,,,,,,,,,,,,,,,,,,,,,,,,,
KIC_11403389,1,"TLS: Required feature(s) not computable: ['depth_mean_odd', 'odd_even_mismatch', 'depth_consistency_std', 'transit_shape_ratio']",4096.612152099609,,,,,,,,,,,,,,,,,,,,,,,,,,
KIC_7419318,1,TLS: Required feature(s) not computable: ['transit_shape_ratio'],8468.917376041412,,,,,,,,,,,,,,,,,,,,,,,,,,
KIC_9782691,1,TLS: Required feature(s) not computable: ['transit_shape_ratio'],2536.1001267433167,,,,,,,,,,,,,,,,,,,,,,,,,,
KIC_5966322,1,TLS: Required feature(s) not computable: ['transit_shape_ratio'],3782.1286931037903,,,,,,,,,,,,,,,,,,,,,,,,,,
KIC_7457296,1,Success,4556.041666030884,48.69586317849808,28.35868464612885,8.0032e-05,370.91621029099304,0.7749707280132441,257.7647446910127,1.3691883374225529,0.9806442609285893,0.9829407695275093,0.000796679290453044,0.983528004776505,0.9823731087868136,0.5183294824043723,0.12511576229238042,52.3405285650799,4.0,4.0,0.0,5.073729810130203e-06,0.004011900421912035,-1.1075935308246798e-05,0.8110862600977339,0.716223060134018,0.778,5178.0,0.732
KIC_7434875,1,Success,5888.0725429058075,64.05181389495418,27.73276322398933,8.0032e-05,370.8093596655408,0.6707203151988779,260.6606540251163,1.2264281134374155,0.9754851390627202,0.9792843329724444,0.0015147085308106457,0.9727741873439076,0.9882357832116833,6.5114237580964565,0.14080622778494234,47.34120341351891,4.0,4.0,0.0,5.499543312388582e-06,0.0069328240755355056,-3.6866843979854735e-06,0.06993674535533115,0.7953871314386655,0.779,5097.0,0.891
KIC_2721030,1,Success,4771.38818693161,49.29538835183086,22.845023124165134,8.0032e-05,370.9906353034418,0.7058933150905204,257.63925759796615,1.3924895478919683,0.9634374865659886,0.9673063425154843,0.0012241839412474383,0.9685829998172337,0.9659871299703435,0.7564067403489221,0.17195910193925973,58.227891326492205,4.0,4.0,0.0,1.6111321436559965e-05,0.0018770438880035538,-1.3640317229057786e-05,6.1198464628700995,0.6918813056977672,0.937,5957.0,1.026
KIC_3937814,1,TLS: Required feature(s) not computable: ['transit_shape_ratio'],2956.4618849754333,,,,,,,,,,,,,,,,,,,,,,,,,,
KIC_9896558,1,Success,2933.7182841300964,30.432377955976676,15.22860832998968,8.0032e-05,655.545217130844,1.452050591732302,444.58719783314797,1.3151880980033843,0.9856390552374004,0.9872735461042027,0.0007311524088794311,0.9841555842984092,0.9902356098197064,3.9781923042786556,0.10777019103978824,57.10445349341667,2.0,2.0,0.0,1.48502323938186e-06,0.0030400127606485805,-1.8248016022903712e-05,-0.6468690695882201,0.749428204782054,1.08,6127.0,0.964
KIC_3657758,1,TLS: Required feature(s) not computable: ['transit_shape_ratio'],3630.3641719818115,,,,,,,,,,,,,,,,,,,,,,,,,,
KIC_11622600,1,Success,6047.0950582027435,34.14772192147426,20.744240329655824,8.0032e-05,560.4838899238533,0.9968585227144899,441.4951960471904,1.8636702724055696,0.9825538798429504,0.9847375124016672,0.001810903458909868,0.9859741397144216,0.9824188361902534,0.8364431152570465,0.11878362545828389,36.864966975422156,3.0,3.0,0.0,6.607684023477311e-06,0.010168058981393844,-5.25170585596868e-06,-39.45793023709161,0.5272144404464312,0.58,4316.0,0.584
KIC_11572193,1,TLS: Required feature(s) not computable: ['transit_shape_ratio'],2854.3589351177216,,,,,,,,,,,,,,,,,,,,,,,,,,
KIC_7703882,1,Success,3825.73864197731,41.44343151939996,25.311873947691375,8.0032e-05,373.54387028695857,0.6033426735505998,352.6939178993682,0.9734463304965347,0.9873739620008564,0.9875583120741341,0.0010690778074674884,0.9844571880297147,0.9927268521481665,4.611341743792787,0.10105101796522098,37.80541883955247,4.0,3.0,1.0,2.2023737324565e-06,0.004671315603153221,3.347791366570263e-06,-0.6350156051488707,1.0143075494436529,0.849,5840.0,0.942
KIC_5978361,1,Success,5838.422130823135,25.947083780406388,15.000772712021364,8.0032e-05,705.3131118316353,0.5357951452267571,540.3515098200555,1.42865236614241,0.9451545648260904,0.9675806518453058,0.004717884892275905,0.9575421877684974,0.9997037368910927,11.997692111305744,0.210609225099233,27.426577307376895,2.0,2.0,0.0,2.7173457127669006e-05,0.021080774561297644,-9.652931763692862e-06,1.6864032009693533,0.6615707132296704,0.788,5506.0,0.876
KIC_8625925,1,TLS: Required feature(s) not computable: ['transit_shape_ratio'],4938.603039979935,,,,,,,,,,,,,,,,,,,,,,,,,,
KIC_8008067,1,TLS: Required feature(s) not computable: ['transit_shape_ratio'],3593.700366973877,,,,,,,,,,,,,,,,,,,,,,,,,,
