host,n_original,n_after_quality,n_after_outliers,n_final,pct_removed,pre_norm_median_flux,flux_source
TIC_101395259,13361,12991,12944,12944,3.1210238754584285,13525.612,pdcsap_flux
TIC_100267480,18147,13936,13936,13936,23.20493745522676,1196.9521,pdcsap_flux
TIC_100589632,18697,14896,14896,14896,20.32946461999251,5615.2135,pdcsap_flux
TIC_101497191,16904,15621,15613,15613,7.6372456223379075,12486.86,pdcsap_flux
TIC_103245940,19274,16760,16760,16760,13.043478260869568,940.77605,pdcsap_flux
TIC_101929303,18788,18788,18785,18785,0.015967638918457,11214.56,pdcsap_flux
TIC_104022675,18090,17388,17388,17388,3.880597014925369,1103.0196999999998,pdcsap_flux
TIC_104195270,19475,19233,18231,18231,6.387676508344031,6469.7324,pdcsap_flux
TIC_105801221,16938,15866,15866,15866,6.328964458613773,21621.049,pdcsap_flux
TIC_105387356,18788,18788,18787,18787,0.0053225463061523,4265.8906,pdcsap_flux
TIC_106114491,18788,18788,18788,18788,0.0,8112.63465,pdcsap_flux
TIC_106224626,18788,18788,18788,18788,0.0,622.75897,pdcsap_flux
TIC_106997505,17329,16796,16795,16795,3.0815396156731456,31112.863,pdcsap_flux
TIC_1101909431,12874,10573,10573,10573,17.873232872456114,1496.9353,pdcsap_flux
TIC_108645766,16341,16341,16341,16341,0.0,801.6647,pdcsap_flux
TIC_107728509,19325,17743,17743,17743,8.186287192755493,10337.018,pdcsap_flux
TIC_108835813,17331,16785,16784,16784,3.1561941030523344,14980.527,pdcsap_flux
TIC_108939482,17768,15737,15737,15737,11.430661864025216,603.23846,pdcsap_flux
TIC_103865797,64444,48839,48839,48839,24.21482217118739,296.57196,pdcsap_flux
TIC_110428269,18401,10939,10938,10938,40.55757839247867,44779.465,pdcsap_flux
TIC_110936761,17250,14379,14379,14379,16.64347826086956,10730.762,pdcsap_flux
TIC_1133072,13359,12952,12951,12951,3.054120817426454,1427.8728,pdcsap_flux
TIC_11111899,18321,18321,18320,18320,0.0054582173462103,21578.873,pdcsap_flux
TIC_113295476,17767,15615,15615,15615,12.112343108009227,541.0209,pdcsap_flux
TIC_112395568,18829,17219,17219,17219,8.550639970258644,45806.95,pdcsap_flux
TIC_113553629,17331,16817,16817,16817,2.965783855519011,12978.15,pdcsap_flux
TIC_113919944,17387,15450,15450,15450,11.140507275550704,1578.6666,pdcsap_flux
TIC_114103134,17768,15533,15533,15533,12.578793336334982,3760.2559,pdcsap_flux
TIC_115242351,17929,14828,14828,14828,17.296000892408948,905.27085,pdcsap_flux
TIC_115564354,18538,16734,16734,16734,9.73136260653792,3514.06545,pdcsap_flux
TIC_116257066,16922,16199,16183,16183,4.367096087932865,5599.2036,pdcsap_flux
TIC_115446313,18216,18216,18214,18214,0.0109793588054407,17774.503,pdcsap_flux
TIC_116608612,16922,16267,15943,15943,5.7853681597919815,34269.547,pdcsap_flux
TIC_118301361,1068,969,967,967,9.456928838951306,38219.188,pdcsap_flux
TIC_117322779,11667,11528,11485,11485,1.5599554298448617,2729.59,pdcsap_flux
TIC_117068362,18137,17849,17849,17849,1.5879142085240106,2285.0586,pdcsap_flux
TIC_117256577,18321,18321,18318,18318,0.016374652038642,8652.748,pdcsap_flux
TIC_117689799,17897,15068,15068,15068,15.807118511482376,3739.37975,pdcsap_flux
TIC_118021229,17371,16865,16865,16865,2.9129008116976607,16736.086,pdcsap_flux
TIC_117979694,17658,17178,17178,17178,2.71831464492015,9983.6335,pdcsap_flux
TIC_119081096,13362,12904,12904,12904,3.427630594222419,1697.9843,pdcsap_flux
TIC_118308828,17762,15857,15852,15852,10.753293548023867,2392.78885,pdcsap_flux
TIC_11996814,16251,14765,14765,14765,9.144052673681625,3263.9004,pdcsap_flux
TIC_120269103,17454,17405,17271,17271,1.0484702646957669,81007.79,pdcsap_flux
TIC_12036590,17986,15840,15802,15802,12.14277771600133,6821.82115,pdcsap_flux
TIC_122262940,838,810,794,794,5.250596658711215,12482.225,pdcsap_flux
TIC_120602501,16712,14396,14254,14254,14.7079942556247,65855.12,pdcsap_flux
TIC_121966220,17055,16736,16577,16577,2.8026971562591596,8134.315,pdcsap_flux
TIC_120585579,18298,18298,18024,18024,1.4974314132692124,1656.2338,pdcsap_flux
TIC_120723776,19274,19235,19073,19073,1.0428556604752504,1028.0996,pdcsap_flux
TIC_124702477,1086,1080,1080,1080,0.5524861878453025,6437.617700000001,pdcsap_flux
TIC_122220263,17907,11707,11517,11517,35.684369241078905,39300.16,pdcsap_flux
TIC_122485078,15580,11915,11915,11915,23.52374839537869,16732.764,pdcsap_flux
TIC_123106490,17769,15685,15685,15685,11.728290843604029,5144.468,pdcsap_flux
TIC_127425841,1097,854,833,833,24.065633546034636,18406.605,pdcsap_flux
TIC_124095888,18091,17396,17396,17396,3.84168923774253,4171.4343,pdcsap_flux
TIC_125894957,17331,16817,16817,16817,2.965783855519011,9360.081,pdcsap_flux
TIC_124543547,17458,17458,17442,17442,0.0916485278955159,9258.215,pdcsap_flux
TIC_126733133,13363,13071,13071,13071,2.1851380677991417,15999.601,pdcsap_flux
TIC_127315102,15905,11698,11660,11660,26.689720213769252,66838.23000000001,pdcsap_flux
TIC_127476180,17768,15779,15779,15779,11.19428185502026,11857.369,pdcsap_flux
TIC_127793615,18468,18227,17887,17887,3.145982239549494,6555.918,pdcsap_flux
TIC_129539786,1116,921,921,921,17.47311827956989,32929.492,pdcsap_flux
TIC_128463355,17356,16846,16672,16672,3.9410002304678504,14075.274,pdcsap_flux
TIC_129107501,17330,17330,16799,16799,3.0640507789959637,4072.9927,pdcsap_flux
TIC_128501004,19611,19611,19176,19176,2.2181428789964763,19673.767,pdcsap_flux
TIC_129432342,10067,7780,7780,7780,22.71779080162909,6943.127,pdcsap_flux
TIC_13023738,16819,14723,14723,14723,12.46209643855164,2096.249,pdcsap_flux
TIC_129881395,17768,15881,15881,15881,10.620216118865375,560.185,pdcsap_flux
TIC_130191319,17768,15835,15835,15835,10.879108509680323,2325.7378,pdcsap_flux
TIC_131081852,16536,14992,14664,14664,11.32075471698113,17192.961499999998,pdcsap_flux
TIC_130611752,17766,15622,15622,15622,12.06799504671845,1300.62355,pdcsap_flux
TIC_132320310,1086,1086,1086,1086,0.0,6305.1185000000005,pdcsap_flux
TIC_131419878,16342,16342,16342,16342,0.0,48297.1475,pdcsap_flux
TIC_131581522,17770,15870,15870,15870,10.692177827799664,797.610625,pdcsap_flux
TIC_131581531,19433,19433,19433,19433,0.0,2381.0938,pdcsap_flux
TIC_132534906,17771,15715,15715,15715,11.569410837881945,1665.324,pdcsap_flux
TIC_131979339,17370,16979,16902,16902,2.694300518134718,85303.664,pdcsap_flux
TIC_133505138,17123,16427,16427,16427,4.0647082870992275,24744.184,pdcsap_flux
TIC_133654092,17359,16941,16940,16940,2.41373350999482,9059.552,pdcsap_flux
TIC_134315574,17766,15610,15610,15610,12.13553979511426,876.8419200000001,pdcsap_flux
TIC_134396419,17376,16985,16984,16984,2.255985267034988,12968.169,pdcsap_flux
TIC_135083444,17881,16095,16095,16095,9.98825569039763,15353.712,pdcsap_flux
TIC_124709665,104495,100926,100911,100911,3.4298291784295887,31051.592,pdcsap_flux
TIC_136848581,18881,18881,18881,18881,0.0,17293.982,pdcsap_flux
TIC_136971594,18882,18882,18882,18882,0.0,36030.338,pdcsap_flux
TIC_137157546,16749,16749,16749,16749,0.0,2489.2505,pdcsap_flux
TIC_137284119,18882,18882,18881,18881,0.0052960491473408,35159.71,pdcsap_flux
TIC_137500798,19610,19610,19609,19609,0.0050994390617065,12490.155,pdcsap_flux
TIC_137543637,17304,12029,12029,12029,30.484281091077204,2078.8018,pdcsap_flux
TIC_139285736,1187,1187,1182,1182,0.4212299915754003,2688.727,pdcsap_flux
TIC_138017750,15676,14536,14536,14536,7.272263332482776,173867.43,pdcsap_flux
TIC_138497780,16943,15973,15973,15973,5.7250782033878345,2160.0208,pdcsap_flux
TIC_138968089,18017,12095,12095,12095,32.868957096075924,3620.0793,pdcsap_flux
TIC_139118482,16318,13299,13208,13208,19.058708175021444,4654.0239,pdcsap_flux
TIC_138361973,19611,19611,19611,19611,0.0,20398.22,pdcsap_flux
TIC_129319156,110980,107669,107659,107659,2.9924310686610167,10808.456,pdcsap_flux
TIC_1400770435,18420,14286,14203,14203,22.893593919652556,45093.81,pdcsap_flux
TIC_1405997635,17096,16417,16364,16364,4.281703322414598,10365.989,pdcsap_flux
TIC_140830390,18187,11701,11701,11701,35.66283609171386,3315.4868,pdcsap_flux
TIC_141227133,14146,13823,13799,13799,2.452990244592113,11011.852,pdcsap_flux
TIC_141405814,10634,9592,9588,9588,9.836373895053596,20255.4795,pdcsap_flux
TIC_141412823,17738,15109,15108,15108,14.826925245236213,11192.126,pdcsap_flux
TIC_141631253,17771,15986,15985,15985,10.050081593607562,7434.112,pdcsap_flux
TIC_141616639,18850,16719,16719,16719,11.30503978779841,1932.2095,pdcsap_flux
TIC_141663464,18470,18225,18049,18049,2.279371954520848,219642.67,pdcsap_flux
TIC_141776043,17372,16894,16891,16891,2.7688233939673013,5199.351,pdcsap_flux
TIC_142087638,16339,16127,16127,16127,1.2975090274802592,5634.987,pdcsap_flux
TIC_142090065,17057,16730,16730,16730,1.917101483262007,41912.096999999994,pdcsap_flux
TIC_142918609,17371,16899,16673,16673,4.018191238270685,19018.912,pdcsap_flux
TIC_143032776,18065,17143,17087,17087,5.413783559368945,206.76472,pdcsap_flux
TIC_143350972,17657,17320,17317,17317,1.9255819221838388,135240.42,pdcsap_flux
TIC_142938659,34316,29436,29417,29417,14.276139410187673,465.16312,pdcsap_flux
TIC_143526444,16343,16343,16342,16342,0.0061188276326284,29576.153,pdcsap_flux
TIC_140706664,84858,80486,80463,80463,5.179240613731173,9311.0625,pdcsap_flux
TIC_139853601,103956,96406,96405,96405,7.263650005771671,68011.72,pdcsap_flux
TIC_1449756,1174,1138,1132,1132,3.5775127768313486,7735.952499999999,pdcsap_flux
TIC_144043410,17373,16886,16884,16884,2.814712484890347,9978.8335,pdcsap_flux
TIC_144440290,18298,18298,18279,18279,0.1038364848617301,50044.59,pdcsap_flux
TIC_144956678,17376,16960,16960,16960,2.3941068139963217,17929.866,pdcsap_flux
TIC_145027461,17371,16885,16885,16885,2.797766392262968,10779.393,pdcsap_flux
TIC_146261607,1085,1085,1052,1052,3.041474654377885,13221.458,pdcsap_flux
TIC_141482386,100603,94685,94681,94681,5.886504378597057,14890.816,pdcsap_flux
TIC_146434840,1170,1138,1134,1134,3.076923076923077,26004.5275,pdcsap_flux
TIC_145982812,14146,13829,13828,13828,2.2479852961968083,10728.8805,pdcsap_flux
TIC_146208651,10804,10137,10137,10137,6.173639392817476,19045.951,pdcsap_flux
TIC_146244533,14146,13826,13826,13826,2.2621235684999297,9848.533,pdcsap_flux
TIC_146463781,16340,16340,16340,16340,0.0,130.35007000000002,pdcsap_flux
TIC_143257766,100465,61423,61415,61415,38.869257950530034,11361.201,pdcsap_flux
TIC_146467675,17954,17496,17496,17496,2.5509635735769143,20539.2,pdcsap_flux
TIC_146836153,17741,15748,15746,15746,11.24513838002368,593.66876,pdcsap_flux
TIC_146846569,16939,15862,15862,15862,6.358108506995686,122.7211575,pdcsap_flux
TIC_147340931,17274,15483,15471,15471,10.43765196248697,5895.9565,pdcsap_flux
TIC_147660201,16939,15658,15657,15657,7.568333431725605,5530.3643,pdcsap_flux
TIC_147895461,17359,12031,12031,12031,30.693012270292066,1732.7015,pdcsap_flux
TIC_148233571,18697,15339,15339,15339,17.960100550890512,2167.636,pdcsap_flux
TIC_147576037,19610,19263,19249,19249,1.840897501274863,23089.36,pdcsap_flux
TIC_148659924,17332,16818,16818,16818,2.965612739441492,12038.274,pdcsap_flux
TIC_149126400,16779,16745,16745,16745,0.2026342451874385,60.884834,pdcsap_flux
TIC_149282072,16940,16940,16940,16940,0.0,9916.8645,pdcsap_flux
TIC_150271680,18277,18277,18277,18277,0.0,25345.844,pdcsap_flux
TIC_151728428,18157,15522,15521,15521,14.51781681995924,6430.982,pdcsap_flux
TIC_151930063,17743,15731,15731,15731,11.339683255368316,1113.083,pdcsap_flux
TIC_151959065,16935,15662,15574,15574,8.036610569825807,2706.53385,pdcsap_flux
TIC_143994283,104470,98467,98467,98467,5.746147219297404,9727.578,pdcsap_flux
TIC_152714791,10155,8292,8292,8292,18.34564254062039,11747.3575,pdcsap_flux
TIC_15247229,18322,18322,18322,18322,0.0,18003.745,pdcsap_flux
TIC_153027658,18564,16854,16853,16853,9.216763628528335,13054.668,pdcsap_flux
TIC_153651591,17356,16917,16917,16917,2.5293846508412043,9887.328,pdcsap_flux
TIC_154459165,17370,16916,16916,16916,2.61370178468624,10394.6775,pdcsap_flux
TIC_154867950,18744,18603,18595,18595,0.7949210413999097,54326.074,pdcsap_flux
TIC_15565627,1220,919,919,919,24.672131147540988,11306.751,pdcsap_flux
TIC_154927364,19611,19611,19611,19611,0.0,12792.969,pdcsap_flux
TIC_155114483,16419,13135,13105,13105,20.183933248066268,31879.498,pdcsap_flux
TIC_155005217,19611,18896,18895,18895,3.651012187037883,11108.881,pdcsap_flux
TIC_155947004,17190,12498,12498,12498,27.294938917975564,2881.0838,pdcsap_flux
TIC_155807906,17743,15777,15777,15777,11.080426083525897,989.6247,pdcsap_flux
TIC_156678143,1121,1109,1098,1098,2.0517395182872433,6157.1062,pdcsap_flux
TIC_155995204,17284,13676,13675,13675,20.880583198333724,656.6816,pdcsap_flux
TIC_15682927,19474,14349,14349,14349,26.317140803122108,1764.116,pdcsap_flux
TIC_156816238,17465,15402,15402,15402,11.812195820211857,1293.7417,pdcsap_flux
TIC_156991337,14680,14584,14584,14584,0.6539509536784727,13166.8425,pdcsap_flux
TIC_149601557,100646,96324,96320,96320,4.29823341215746,16360.469,pdcsap_flux
TIC_157528286,17769,15710,15710,15710,11.587596375710508,982.87977,pdcsap_flux
TIC_157568289,17458,17458,17456,17456,0.0114560659869367,11310.805,pdcsap_flux
TIC_15827263,17381,11422,11420,11420,34.29607042172486,10801.536,pdcsap_flux
TIC_158551257,19609,19609,19609,19609,0.0,305.0834,pdcsap_flux
TIC_158555987,18424,18039,18039,18039,2.0896656534954428,2773.6062,pdcsap_flux
TIC_158916431,19610,19610,19601,19601,0.0458949515553253,17613.371,pdcsap_flux
TIC_159334269,18989,15604,15603,15603,17.831376059824112,829.7098,pdcsap_flux
TIC_16102323,11678,9036,8904,8904,23.75406747730776,31562.842,pdcsap_flux
TIC_159510109,18419,18419,18153,18153,1.4441609207883177,47258.348,pdcsap_flux
TIC_155044736,104462,97451,97447,97447,6.715360609599664,7840.8604,pdcsap_flux
TIC_160162987,19608,19608,19608,19608,0.0,8062.5171,pdcsap_flux
TIC_160268701,19609,19609,19516,19516,0.4742720179509385,56010.3085,pdcsap_flux
TIC_155491828,104430,97954,97934,97934,6.220434740974811,5858.3174,pdcsap_flux
TIC_161156159,17336,15961,15961,15961,7.931472081218272,13661.041,pdcsap_flux
TIC_161450762,18877,13169,13162,13162,30.274937754939877,2658.19155,pdcsap_flux
TIC_156115721,104277,96323,96257,96257,7.691053635988765,33006.39,pdcsap_flux
TIC_162577466,17190,12109,12109,12109,29.557882489819665,884.9204,pdcsap_flux
TIC_16187321,18882,14572,14571,14571,22.83126787416587,3324.9624,pdcsap_flux
TIC_162246865,17162,15464,15462,15462,9.905605407295182,11471.045,pdcsap_flux
TIC_166697854,1196,1196,1196,1196,0.0,7502.1924,pdcsap_flux
TIC_162729620,19273,18252,18252,18252,5.297566543869658,1802.70615,pdcsap_flux
TIC_166184426,15860,11701,11701,11701,26.223203026481713,5141.0293,pdcsap_flux
TIC_165523947,18881,15080,15080,15080,20.13134897516021,12160.8585,pdcsap_flux
TIC_167031605,17446,17383,17382,17382,0.3668462684856099,17503.04,pdcsap_flux
TIC_166190643,19474,19474,19474,19474,0.0,2889.51,pdcsap_flux
TIC_167009792,18276,18276,18276,18276,0.0,63608.87,pdcsap_flux
TIC_169177766,1220,836,836,836,31.47540983606557,13349.987,pdcsap_flux
TIC_167098530,18881,15637,15635,15635,17.19188602298607,28269.574,pdcsap_flux
TIC_167418898,18279,18279,18278,18278,0.0054707587942459,13143.744,pdcsap_flux
TIC_167754523,18278,18278,18278,18278,0.0,35224.3575,pdcsap_flux
TIC_169532369,17659,17142,17133,17133,2.978651112747044,3737.6353,pdcsap_flux
TIC_169187982,17898,17898,17898,17898,0.0,620.2153900000001,pdcsap_flux
TIC_168871868,17244,16515,16488,16488,4.384133611691022,4439.173,pdcsap_flux
TIC_17005768,15119,12701,12548,12548,17.005092929426546,17940.947,pdcsap_flux
TIC_170103435,16337,16337,16337,16337,0.0,15497.927,pdcsap_flux
TIC_17150865,16642,15697,15352,15352,7.751472178824659,1643.1876000000002,pdcsap_flux
TIC_172110606,17388,16552,16548,16548,4.8309178743961345,42034.736999999994,pdcsap_flux
TIC_17129975,19474,19474,19474,19474,0.0,1809.297,pdcsap_flux
TIC_172464366,14682,14573,14235,14235,3.04454434000817,5892.312,pdcsap_flux
TIC_172630205,18694,13924,13924,13924,25.516208409115222,1353.37995,pdcsap_flux
TIC_173860688,10636,9397,9397,9397,11.649116209101162,6893.6157,pdcsap_flux
TIC_172754786,17898,17898,17896,17896,0.0111744328975316,1046.7695,pdcsap_flux
TIC_174143743,13362,13006,13006,13006,2.664271815596464,14843.7585,pdcsap_flux
TIC_17416749,16418,11701,11701,11701,28.730661469119255,57817.99,pdcsap_flux
TIC_175476629,1196,1196,1196,1196,0.0,1173.9969,pdcsap_flux
TIC_172871230,18788,18604,18604,18604,0.979348520332124,1839.17205,pdcsap_flux
TIC_175180796,16342,16342,16342,16342,0.0,5753.7811,pdcsap_flux
TIC_176772671,14081,13664,13664,13664,2.961437397912081,359.79564,pdcsap_flux
TIC_176778112,15680,14745,14744,14744,5.969387755102041,22834.889499999997,pdcsap_flux
TIC_164150539,117648,114417,114417,114417,2.7463280293757664,12405.984,pdcsap_flux
TIC_176831592,15679,14760,14759,14759,5.867721155685945,37273.73,pdcsap_flux
TIC_176984236,15672,14429,14429,14429,7.93134252169474,9703.005,pdcsap_flux
TIC_177126182,17458,17458,17458,17458,0.0,12082.1725,pdcsap_flux
TIC_179033846,1025,900,899,899,12.292682926829269,3231.0605,pdcsap_flux
TIC_169904935,104309,98889,98871,98871,5.213356469719777,35034.71,pdcsap_flux
TIC_177612321,18164,13665,13665,13665,24.76877339792997,810.0417,pdcsap_flux
TIC_177722855,17458,17458,17458,17458,0.0,9971.521,pdcsap_flux
TIC_178959058,18488,17318,17318,17318,6.32842925140632,19637.571,pdcsap_flux
TIC_179155220,17457,17457,17457,17457,0.0,8629.117,pdcsap_flux
TIC_179159972,17458,17458,17458,17458,0.0,8894.065,pdcsap_flux
TIC_18017227,18251,15314,15312,15312,16.103227220426277,2576.4831000000004,pdcsap_flux
TIC_180987952,14145,13797,13795,13795,2.474372569812655,25916.836,pdcsap_flux
TIC_182470056,17743,15812,15812,15812,10.883165191906665,1060.2254,pdcsap_flux
TIC_182943944,17376,16941,16940,16940,2.5092081031307556,9280.308,pdcsap_flux
TIC_184679932,15942,14832,14228,14228,10.751474093589264,32458.703,pdcsap_flux
TIC_184869170,16799,14617,14617,14617,12.988868385022922,1836.769,pdcsap_flux
TIC_185405474,1220,1220,1220,1220,0.0,16874.996,pdcsap_flux
TIC_183979262,18271,18271,17740,17740,2.906244868917962,77366.07800000001,pdcsap_flux
TIC_184952758,13360,12953,12953,12953,3.046407185628741,38453.043,pdcsap_flux
TIC_187029841,1083,967,967,967,10.710987996306551,22063.904,pdcsap_flux
TIC_175079720,106993,91685,91681,91681,14.311216621648148,1774.3933,pdcsap_flux
TIC_186599508,15874,14693,14690,14690,7.458737558271389,20651.894,pdcsap_flux
TIC_185226925,19612,19612,19612,19612,0.0,2085.41235,pdcsap_flux
TIC_187532854,15580,11419,11419,11419,26.707317073170735,2116.996,pdcsap_flux
TIC_186000935,18322,18322,18322,18322,0.0,19702.874,pdcsap_flux
TIC_175310067,104547,98529,98526,98526,5.759132256305777,9169.823,pdcsap_flux
TIC_190430205,1178,841,841,841,28.60780984719864,18441.842,pdcsap_flux
TIC_190442486,1178,797,797,797,32.34295415959253,9829.007,pdcsap_flux
TIC_188593930,16843,14888,14887,14887,11.6131330523066,1930.7148,pdcsap_flux
TIC_191146556,1102,845,818,818,25.771324863883848,11253.846,pdcsap_flux
TIC_188989177,17656,17319,17165,17165,2.7809243316719523,36226.543,pdcsap_flux
TIC_189620016,18024,15475,15475,15475,14.142254771415883,2016.9326,pdcsap_flux
TIC_189013222,17955,17606,17605,17605,1.949317738791423,12039.506,pdcsap_flux
TIC_190081497,17743,15925,15894,15894,10.42101110297019,11639.0525,pdcsap_flux
TIC_190271688,18494,18494,18291,18291,1.097653292959877,12926.335,pdcsap_flux
TIC_19155785,16898,14596,14596,14596,13.62291395431412,13191.2745,pdcsap_flux
TIC_192372961,19474,19330,19330,19330,0.7394474684194297,37132.596,pdcsap_flux
TIC_194179013,14709,13360,13358,13358,9.184852811204024,613.780975,pdcsap_flux
TIC_193628179,18787,15700,15700,15700,16.43157502528344,2568.513,pdcsap_flux
TIC_192520375,18025,15575,15575,15575,13.592233009708742,1592.9253,pdcsap_flux
TIC_193708920,18882,18882,18880,18880,0.0105920982946705,2684.8852500000003,pdcsap_flux
TIC_1950736,16718,15067,15067,15067,9.875583203732509,15091.585,pdcsap_flux
TIC_195093356,19474,15983,15963,15963,18.02916709458765,2878.2085,pdcsap_flux
TIC_195199644,18882,14615,14615,14615,22.598241711683087,14878.953,pdcsap_flux
TIC_196286587,17369,16843,16843,16843,3.02838390235477,13640.481,pdcsap_flux
TIC_197959526,17283,13675,13675,13675,20.876005323149915,2944.825,pdcsap_flux
TIC_197650870,19612,19612,19612,19612,0.0,11994.698,pdcsap_flux
TIC_198616607,16749,10950,10950,10950,34.62296256492925,1700.3278,pdcsap_flux
TIC_201154493,1080,948,948,948,12.222222222222223,21271.912,pdcsap_flux
TIC_200593988,14681,14445,14445,14445,1.6075199237109206,1971.1251,pdcsap_flux
TIC_199162630,19025,19025,19025,19025,0.0,2807.262,pdcsap_flux
TIC_199688472,18424,18424,17701,17701,3.9242292661745504,18995.146,pdcsap_flux
TIC_201233610,17283,13675,13674,13674,20.881791355667424,1057.9787,pdcsap_flux
TIC_20178111,14681,14613,14613,14613,0.46318370683196,12908.641,pdcsap_flux
TIC_20182165,17522,13427,13356,13356,23.77582467754823,247422.76,pdcsap_flux
TIC_202428245,17530,13740,13734,13734,21.654306902452937,29586.959499999997,pdcsap_flux
TIC_206466531,13541,12974,12974,12974,4.187283066243264,16446.027,pdcsap_flux
TIC_206498307,17285,13875,13855,13855,19.843795198148683,4579.7446,pdcsap_flux
TIC_207084429,18297,18297,18295,18295,0.0109307536754643,215651.6,pdcsap_flux
TIC_207468071,17520,15074,15067,15067,14.00114155251142,31226.102,pdcsap_flux
TIC_219151731,1174,1138,1138,1138,3.066439522998299,14572.7115,pdcsap_flux
TIC_207501148,16718,14981,14979,14979,10.401961957171912,18648.52,pdcsap_flux
TIC_20988926,18788,15410,15410,15410,17.979561422184375,2401.69185,pdcsap_flux
TIC_210337597,17666,12611,12611,12611,28.61428733159742,2992.201,pdcsap_flux
TIC_21755546,19609,19609,19609,19609,0.0,72358.98,pdcsap_flux
TIC_219164808,17697,17275,17238,17238,2.5936599423631135,22577.4725,pdcsap_flux
TIC_219366908,1025,897,896,896,12.585365853658535,1394.59845,pdcsap_flux
TIC_190743990,117636,110216,110207,110207,6.31524363290149,11825.25,pdcsap_flux
TIC_219205407,17284,14373,14220,14220,17.727377921777364,7431.18875,pdcsap_flux
TIC_219239945,13541,12544,12544,12544,7.362824015951553,6720.33815,pdcsap_flux
TIC_219208037,17284,12129,12127,12127,29.83684332330479,5537.817,pdcsap_flux
TIC_219766989,1096,981,981,981,10.492700729927009,2641.5818,pdcsap_flux
TIC_219379012,15690,14662,14662,14662,6.55194391332059,13252.661,pdcsap_flux
TIC_219466803,14254,12572,12572,12572,11.800196436088118,1171.54115,pdcsap_flux
TIC_219388773,15692,14449,14448,14448,7.927606423655364,8731.7375,pdcsap_flux
TIC_219467837,14255,12555,12554,12554,11.932655208698703,1488.5976500000002,pdcsap_flux
TIC_219824469,16407,13275,13275,13275,19.08941305540318,9874.294,pdcsap_flux
TIC_219821826,18216,18216,18216,18216,0.0,2114.82675,pdcsap_flux
TIC_220016044,17928,15653,15653,15653,12.6896474788041,11261.412,pdcsap_flux
TIC_220396259,13541,12974,12974,12974,4.187283066243264,17683.209000000003,pdcsap_flux
TIC_22020459,18024,15284,15284,15284,15.201952951620058,1513.9445,pdcsap_flux
TIC_220435095,19437,16102,16101,16101,17.16314246025621,2909.5105,pdcsap_flux
TIC_220518305,17281,15157,15156,15156,12.296742086684798,12492.467,pdcsap_flux
TIC_202468443,116881,71699,71696,71696,38.6589779348226,220.32408500000005,pdcsap_flux
TIC_224313733,17969,13781,13780,13780,23.312371306138346,7004.2305,pdcsap_flux
TIC_224418572,17532,11610,11610,11610,33.7782340862423,2920.5591,pdcsap_flux
TIC_22843856,15667,14717,14669,14669,6.370077232399307,19464.3,pdcsap_flux
TIC_229091748,17906,14824,14824,14824,17.212107673405562,1331.29845,pdcsap_flux
TIC_229141709,17928,15331,15071,15071,15.9359660865685,3208.6553,pdcsap_flux
TIC_229285649,16875,15051,14767,14767,12.491851851851854,8056.0034,pdcsap_flux
TIC_229384040,17444,17444,17442,17442,0.0114652602614118,37195.17,pdcsap_flux
TIC_229770036,18423,18423,18423,18423,0.0,9241.116,pdcsap_flux
TIC_229536616,18320,18320,18136,18136,1.0043668122270757,8747.569,pdcsap_flux
TIC_231703293,1184,1184,1184,1184,0.0,1691.3679,pdcsap_flux
TIC_230075120,18851,16888,16888,16888,10.41324067688717,5607.25025,pdcsap_flux
TIC_230017325,19607,19607,19607,19607,0.0,11438.956,pdcsap_flux
TIC_230267547,12962,9632,9632,9632,25.690479864218485,10918.231,pdcsap_flux
TIC_230086768,17748,14986,14927,14927,15.894748704079332,648.98083,pdcsap_flux
TIC_23113034,17209,15263,15261,15261,11.319658318321812,74381.21,pdcsap_flux
TIC_230386397,18424,17643,17643,17643,4.239036039947896,5420.9185,pdcsap_flux
TIC_232679662,19610,19610,19475,19475,0.688424273329935,11835.401,pdcsap_flux
TIC_231721005,18854,18854,18854,18854,0.0,16289.832,pdcsap_flux
TIC_233390838,17745,13261,13085,13085,26.26091856861088,24702.047,pdcsap_flux
TIC_232967666,18752,18614,18613,18613,0.7412542662115995,11829.56,pdcsap_flux
TIC_233497719,18213,18213,18201,18201,0.0658870037885006,1118.0746,pdcsap_flux
TIC_233541860,18424,15184,15184,15184,17.585757707338256,16539.004,pdcsap_flux
TIC_233503636,18217,18217,18217,18217,0.0,3774.0469,pdcsap_flux
TIC_233684822,18423,18423,18422,18422,0.0054279976116844,18114.706,pdcsap_flux
TIC_233569098,19611,19611,19611,19611,0.0,8761.013,pdcsap_flux
TIC_233681149,18423,18423,18423,18423,0.0,7829.14,pdcsap_flux
TIC_233720539,19611,19611,19606,19606,0.0254958951608763,7213.45875,pdcsap_flux
TIC_233735068,18424,12943,12937,12937,29.781806339557104,15832.276,pdcsap_flux
TIC_235684392,18851,16424,16424,16424,12.874648559758109,977.6136,pdcsap_flux
TIC_23389848,19594,19594,18958,18958,3.2458915994692306,14250.4585,pdcsap_flux
TIC_23650642,17857,16619,16619,16619,6.932855462843701,7740.52,pdcsap_flux
TIC_236775063,18978,15648,15648,15648,17.54663294340816,997.467925,pdcsap_flux
TIC_237101326,18852,16934,16934,16934,10.173986844897096,970.3596,pdcsap_flux
TIC_237185205,19611,18342,18340,18340,6.48105654989547,20192.58,pdcsap_flux
TIC_237200747,18422,18422,18258,18258,0.8902399305178554,4302.7812,pdcsap_flux
TIC_237235093,16716,12786,12786,12786,23.51040918880115,3070.7837499999996,pdcsap_flux
TIC_237751146,14684,14653,14653,14653,0.2111141378370984,339.3645,pdcsap_flux
TIC_238162973,17767,15445,15443,15443,13.080430010693988,763.84106,pdcsap_flux
TIC_237808867,17456,17456,17454,17454,0.0114573785517824,19638.17,pdcsap_flux
TIC_238197709,18864,14347,14337,14337,23.99809160305344,12325.571,pdcsap_flux
TIC_238374636,17372,16929,16915,16915,2.630670043748562,21310.01,pdcsap_flux
TIC_239136269,16004,15737,15737,15737,1.6683329167708094,788.1321,pdcsap_flux
TIC_241065596,1097,840,839,839,23.518687329079302,11003.012,pdcsap_flux
TIC_239372503,19474,19474,19474,19474,0.0,52212.197499999995,pdcsap_flux
TIC_239722954,18538,16734,16733,16733,9.736756931707848,858.9407,pdcsap_flux
TIC_239638934,17329,17329,17288,17288,0.2365976109411915,9916.7245,pdcsap_flux
TIC_240148934,16943,15448,15448,15448,8.82370300419052,12014.458,pdcsap_flux
TIC_241174783,18189,16615,16614,16614,8.659079663532909,24746.339,pdcsap_flux
TIC_241102583,17840,17195,17182,17182,3.688340807174883,1774.66145,pdcsap_flux
TIC_243283955,1220,1220,1220,1220,0.0,2621.78385,pdcsap_flux
TIC_242083025,17334,15294,15294,15294,11.768778123918311,7892.212,pdcsap_flux
TIC_245462406,1083,971,971,971,10.341643582640812,11806.783,pdcsap_flux
TIC_242536549,18464,18236,18236,18236,1.234835355285957,25619.743,pdcsap_flux
TIC_243153196,17989,17989,17980,17980,0.0500305742398121,8438.5695,pdcsap_flux
TIC_243333538,19610,18004,18002,18002,8.199898011218764,487.3496,pdcsap_flux
TIC_249862365,1083,971,971,971,10.341643582640812,35556.3,pdcsap_flux
TIC_24364065,19609,19609,19609,19609,0.0,10617.736,pdcsap_flux
TIC_247873937,16900,14555,14551,14551,13.899408284023671,2392.3394,pdcsap_flux
TIC_249067445,17901,17157,17157,17157,4.156192391486513,43382.47,pdcsap_flux
TIC_249812036,19611,19490,19444,19444,0.8515628983733592,23059.991,pdcsap_flux
TIC_250386181,15678,14851,14848,14848,5.294042607475447,18104.58,pdcsap_flux
TIC_250484865,17455,17455,17455,17455,0.0,49560.19,pdcsap_flux
TIC_251209368,18071,13322,13322,13322,26.27967461678933,1031.42645,pdcsap_flux
TIC_252537013,12874,11770,11770,11770,8.575423333851173,10338.952,pdcsap_flux
TIC_253917293,1184,1173,1171,1171,1.0979729729729717,4846.0664,pdcsap_flux
TIC_254629854,1222,843,843,843,31.014729950900165,7351.1133,pdcsap_flux
TIC_253030300,14046,12785,12785,12785,8.97764488110494,2110.0015,pdcsap_flux
TIC_252636888,17989,17989,17989,17989,0.0,10886.01,pdcsap_flux
TIC_255851356,3692,3692,3692,3692,0.0,15199.7105,pdcsap_flux
TIC_253132689,17337,15991,15991,15991,7.763742285285802,11572.329,pdcsap_flux
TIC_255760319,14683,14652,14652,14652,0.2111285159708487,41121.98,pdcsap_flux
TIC_253990973,19247,17220,17217,17217,10.54709824907778,20961.354,pdcsap_flux
TIC_257052211,1178,829,829,829,29.626485568760607,9227.735,pdcsap_flux
TIC_238597883,104342,97593,97583,97583,6.4777366736309405,36403.055,pdcsap_flux
TIC_255918903,18603,13535,13535,13535,27.242917808955543,966.493,pdcsap_flux
TIC_256349966,12874,12874,12874,12874,0.0,2303.1814,pdcsap_flux
TIC_256886630,17573,12636,12632,12632,28.11699766687532,82030.815,pdcsap_flux
TIC_256621916,18322,18322,18322,18322,0.0,10882.39575,pdcsap_flux
TIC_258557847,17381,11954,11954,11954,31.22375007191761,15296.641500000002,pdcsap_flux
TIC_258402425,19607,19607,19606,19606,0.0051002193094285,18433.973,pdcsap_flux
TIC_258777137,18424,18424,18424,18424,0.0,15717.721,pdcsap_flux
TIC_239541449,117640,114672,114667,114667,2.5272016320979307,6730.4805,pdcsap_flux
TIC_258801269,19609,19609,19609,19609,0.0,6803.8574,pdcsap_flux
TIC_258871793,17524,13109,13108,13108,25.199726089933804,1344.10925,pdcsap_flux
TIC_259126549,17534,12710,12543,12543,28.46469715980381,6590.3647,pdcsap_flux
TIC_259129875,19611,19437,19437,19437,0.8872571515985972,9601.012,pdcsap_flux
TIC_259151170,19474,19474,19128,19128,1.7767279449522388,10985.1295,pdcsap_flux
TIC_259701242,13541,12939,12938,12938,4.453142308544422,80042.3925,pdcsap_flux
TIC_259389219,18565,16159,16158,16158,12.965257204416911,5157.6425,pdcsap_flux
TIC_260298958,16781,16781,16781,16781,0.0,152.2404,pdcsap_flux
TIC_260271203,18277,18277,18208,18208,0.3775236636209489,689.3841,pdcsap_flux
TIC_260043723,18277,18277,18276,18276,0.005471357443787,52079.25,pdcsap_flux
TIC_260476837,18187,10448,10441,10441,42.59086160444273,1315.8734,pdcsap_flux
TIC_262135904,3485,3485,3485,3485,0.0,14656.301,pdcsap_flux
TIC_261141602,16049,11103,11103,11103,30.818119509003672,2775.3445,pdcsap_flux
TIC_260849386,19433,16357,16357,16357,15.82874491843771,7825.3994,pdcsap_flux
TIC_260609205,18279,18279,18235,18235,0.240713386946767,1362.6796,pdcsap_flux
TIC_262499797,17762,15274,15274,15274,14.007431595541044,191.434615,pdcsap_flux
TIC_262530873,17929,13222,13222,13222,26.253555691895812,1398.818,pdcsap_flux
TIC_262531275,17928,13171,13171,13171,26.5339134315038,1018.4082,pdcsap_flux
TIC_262781201,13360,12960,12956,12956,3.02395209580838,29873.979,pdcsap_flux
TIC_263203229,17472,15988,15988,15988,8.493589743589746,1081.2626,pdcsap_flux
TIC_26433869,11673,11673,11629,11629,0.3769382335303661,68586.88,pdcsap_flux
TIC_266843799,1110,988,988,988,10.99099099099099,15183.441,pdcsap_flux
TIC_264303333,18423,18423,18423,18423,0.0,14357.305,pdcsap_flux
TIC_265077027,17336,16877,16871,16871,2.6822796492847245,8652.546,pdcsap_flux
TIC_26583436,18788,17198,17198,17198,8.462848626783048,1103.8312,pdcsap_flux
TIC_266688542,19612,19612,19612,19612,0.0,13542.6505,pdcsap_flux
TIC_267489265,17744,15119,15111,15111,14.838818755635709,32497.424,pdcsap_flux
TIC_267484653,18850,16324,16323,16323,13.405835543766576,1832.1316,pdcsap_flux
TIC_267527924,17372,16908,16906,16906,2.6824775500805864,14162.43,pdcsap_flux
TIC_267561446,17748,17615,17614,17614,0.7550146495379773,1523.42605,pdcsap_flux
TIC_267867517,18881,18881,18881,18881,0.0,882.2387,pdcsap_flux
TIC_268042363,17761,15536,15536,15536,12.527447778841283,1077.5947,pdcsap_flux
TIC_268405086,16432,14419,14419,14419,12.25048685491723,3602.2622,pdcsap_flux
TIC_268371979,17457,17386,17386,17386,0.4067136392278181,9750.659,pdcsap_flux
TIC_269424395,1102,986,986,986,10.526315789473683,5980.3078000000005,pdcsap_flux
TIC_268439377,19433,19097,19097,19097,1.729017650388509,884.70917,pdcsap_flux
TIC_268727719,16718,16718,16717,16717,0.0059815767436299,666.48956,pdcsap_flux
TIC_269509393,1102,986,986,986,10.526315789473683,11251.6955,pdcsap_flux
TIC_268914377,17373,16916,16916,16916,2.6305186208484432,59.445518500000006,pdcsap_flux
TIC_270238522,1102,986,986,986,10.526315789473683,153587.95,pdcsap_flux
TIC_270333769,1102,986,986,986,10.526315789473683,10032.89,pdcsap_flux
TIC_269269740,17898,17898,17897,17897,0.0055872164487658,1458.4435,pdcsap_flux
TIC_269450900,18827,17217,16231,16231,13.788707707016524,197814.98,pdcsap_flux
TIC_269892793,15653,14634,14362,14362,8.247620264486045,2906.2841,pdcsap_flux
TIC_261258875,103577,87739,87737,87737,15.29297044710698,31336.607,pdcsap_flux
TIC_270841724,14146,13829,13460,13460,4.849427399971729,17626.451,pdcsap_flux
TIC_271042173,17898,17898,17898,17898,0.0,2254.25135,pdcsap_flux
TIC_271167979,17896,17896,17896,17896,0.0,955.7883,pdcsap_flux
TIC_271439193,17990,17990,17990,17990,0.0,1828.45065,pdcsap_flux
TIC_271596418,18278,18278,18276,18276,0.0109421162052703,8469.3395,pdcsap_flux
TIC_272049972,10788,10788,10787,10787,0.0092695587689983,13501.47,pdcsap_flux
TIC_271900960,18277,18277,18277,18277,0.0,79449.53,pdcsap_flux
TIC_272050287,17991,17991,17991,17991,0.0,13311.86,pdcsap_flux
TIC_272828463,1102,986,985,985,10.617059891107084,27250.078,pdcsap_flux
TIC_272086159,18299,16009,15959,15959,12.787584020984754,660.10333,pdcsap_flux
TIC_27244707,18532,16468,16468,16468,11.137491905892505,871.0217,pdcsap_flux
TIC_272625214,17991,17991,17991,17991,0.0,9565.627,pdcsap_flux
TIC_273774284,18787,18603,18603,18603,0.9794006493852092,628.6899,pdcsap_flux
TIC_274138511,16333,16252,16251,16251,0.502051062266573,11170.661,pdcsap_flux
TIC_274122380,18788,18604,18604,18604,0.979348520332124,2883.3739,pdcsap_flux
TIC_274170255,18882,18882,18882,18882,0.0,29116.233,pdcsap_flux
TIC_274599700,18216,16044,16043,16043,11.929073342116824,2774.7307,pdcsap_flux
TIC_274662200,17433,12603,12603,12603,27.706074685940465,6126.9683,pdcsap_flux
TIC_274762761,18003,13292,13292,13292,26.167860912070207,489.5354,pdcsap_flux
TIC_269238073,107823,105103,105103,105103,2.5226528662715797,21258.916,pdcsap_flux
TIC_274942910,19025,14541,14541,14541,23.568988173455978,16061.965,pdcsap_flux
TIC_275248683,13363,13005,13005,13005,2.679039137918126,4171.9014,pdcsap_flux
TIC_275111900,18881,15646,15176,15176,19.622901329378735,54419.17,pdcsap_flux
TIC_27677846,1122,1111,1103,1103,1.6934046345811082,23539.15,pdcsap_flux
TIC_271722899,100681,88044,88042,88042,12.553510592862605,5326.797,pdcsap_flux
TIC_275384718,17336,15469,15377,15377,11.300184586986616,12714.028,pdcsap_flux
TIC_271581073,100708,96612,96612,96612,4.06720419430433,9652.379,pdcsap_flux
TIC_275501623,19609,19609,19607,19607,0.0101993982354997,58376.945,pdcsap_flux
TIC_276380902,18321,18321,18321,18321,0.0,12791.547,pdcsap_flux
TIC_277014266,18322,18322,18322,18322,0.0,9089.499,pdcsap_flux
TIC_277871306,13976,13688,13688,13688,2.060675443617632,14237.595,pdcsap_flux
TIC_277103955,18276,18276,18276,18276,0.0,30766.011,pdcsap_flux
TIC_277987172,17988,15080,15080,15080,16.16633311096286,1603.2484,pdcsap_flux
TIC_27844066,17897,17897,17897,17897,0.0,1628.3887,pdcsap_flux
TIC_278726770,18695,14550,14550,14550,22.17170366408131,14336.708,pdcsap_flux
TIC_278968371,17898,14038,14038,14038,21.566655492233767,1772.12645,pdcsap_flux
TIC_279212407,16749,16749,16749,16749,0.0,16400.691,pdcsap_flux
TIC_278866211,18275,18275,18190,18190,0.465116279069766,13385.8765,pdcsap_flux
TIC_279177746,18881,18881,18881,18881,0.0,13899.31,pdcsap_flux
TIC_279251651,18300,17491,17491,17491,4.420765027322404,8969.965,pdcsap_flux
TIC_279605855,16748,16438,16438,16438,1.8509672796751864,811.1474499999999,pdcsap_flux
TIC_279982557,17747,12241,12241,12241,31.02496196540261,3364.784,pdcsap_flux
TIC_279740441,18276,18276,18276,18276,0.0,4198.6178500000005,pdcsap_flux
TIC_279989567,18175,13360,13359,13359,26.497936726272354,4351.7554,pdcsap_flux
TIC_279999655,17290,16784,16695,16695,3.441295546558709,8939.426,pdcsap_flux
TIC_281979481,13532,12502,12502,12502,7.611587348507243,10195.2885,pdcsap_flux
TIC_280212554,18175,13894,13894,13894,23.554332874828063,779.49965,pdcsap_flux
TIC_284050395,12676,11133,11133,11133,12.17260965604292,20211.797,pdcsap_flux
TIC_283015592,17991,17991,17991,17991,0.0,1376.5878,pdcsap_flux
TIC_284288080,17458,17458,17458,17458,0.0,7364.74415,pdcsap_flux
TIC_284305328,19475,18939,18939,18939,2.7522464698331195,1246.0427,pdcsap_flux
TIC_284450803,19607,19607,19514,19514,0.474320395777017,63211.334,pdcsap_flux
TIC_284528889,19475,18574,18574,18574,4.626444159178433,3425.7291,pdcsap_flux
TIC_284564230,19610,19610,19610,19610,0.0,13155.197,pdcsap_flux
TIC_284747017,16922,16254,16254,16254,3.9475239333412127,3110.9638999999997,pdcsap_flux
TIC_285233023,12675,12675,12675,12675,0.0,1553.0098,pdcsap_flux
TIC_285674856,1083,971,971,971,10.341643582640812,25109.037,pdcsap_flux
TIC_285524410,17771,15604,15604,15604,12.19402397163919,75.355085,pdcsap_flux
TIC_278199349,100705,96697,96690,96690,3.9868924085199375,3918.5636,pdcsap_flux
TIC_285666479,19475,19475,19475,19475,0.0,10659.335,pdcsap_flux
TIC_286355915,15960,14619,14116,14116,11.55388471177945,9193.1875,pdcsap_flux
TIC_28643432,18787,16014,16014,16014,14.76020652578911,3528.19155,pdcsap_flux
TIC_286561122,18538,14596,14596,14596,21.264429819829544,12820.032,pdcsap_flux
TIC_287190564,19611,15574,15573,15573,20.590484931925957,9098.223,pdcsap_flux
TIC_287474726,17368,16914,16914,16914,2.6140027637033603,28653.1415,pdcsap_flux
TIC_288185138,19611,19611,19611,19611,0.0,10934.36,pdcsap_flux
TIC_288391628,19606,19606,19501,19501,0.5355503417321272,73592.94,pdcsap_flux
TIC_282498590,104681,100321,100313,100313,4.1726769900937155,3518.2017,pdcsap_flux
TIC_28873762,16754,13081,13081,13081,21.92312283633759,777.3615,pdcsap_flux
TIC_288471040,18851,16456,16456,16456,12.7048962919739,9282.343,pdcsap_flux
TIC_289316336,17305,16994,16994,16994,1.7971684484253123,4854.6845,pdcsap_flux
TIC_289125016,18137,18137,18137,18137,0.0,4306.8667,pdcsap_flux
TIC_289988797,16518,14891,14829,14829,10.225208863058477,15761.244,pdcsap_flux
TIC_289539327,18215,15571,15177,15177,16.678561625034316,17214.404,pdcsap_flux
TIC_290302097,18025,16081,16081,16081,10.785020804438282,1317.4752,pdcsap_flux
TIC_291147951,18137,18137,18137,18137,0.0,636.7586,pdcsap_flux
TIC_29117085,18190,16541,16404,16404,9.81858163826278,5436.6411,pdcsap_flux
TIC_291555748,17457,17457,17457,17457,0.0,9314.104,pdcsap_flux
TIC_293527670,1184,1184,1184,1184,0.0,12064.1105,pdcsap_flux
TIC_285542903,116901,108495,108490,108490,7.194976946304998,18950.342,pdcsap_flux
TIC_285677945,111248,94481,94441,94441,15.107687329210416,12195.786,pdcsap_flux
TIC_287329267,100689,77555,77550,77550,22.980663230342937,16171.252,pdcsap_flux
TIC_292321872,16435,14891,14888,14888,9.412838454517802,10747.39475,pdcsap_flux
TIC_293075732,18604,14106,14106,14106,24.17759621586756,1290.7931,pdcsap_flux
TIC_29336129,18025,17367,17367,17367,3.6504854368932023,1503.6721,pdcsap_flux
TIC_293708935,18122,11701,11699,11699,35.4431078247434,48001.684,pdcsap_flux
TIC_293567206,19611,19611,19610,19610,0.0050991790321752,10233.065,pdcsap_flux
TIC_29374525,16900,14975,14975,14975,11.390532544378695,3010.467,pdcsap_flux
TIC_294090620,17369,16893,16457,16457,5.25073406644021,122255.25,pdcsap_flux
TIC_294173437,19474,15874,15874,15874,18.486186710485775,1614.0468999999998,pdcsap_flux
TIC_294176967,18882,18882,18882,18882,0.0,11977.3405,pdcsap_flux
TIC_294179389,18882,18401,18380,18380,2.6586166719627213,9924.885,pdcsap_flux
TIC_294283951,18322,18322,18322,18322,0.0,3284.5829,pdcsap_flux
TIC_294315741,18253,14980,14979,14979,17.936777516024762,741.2052,pdcsap_flux
TIC_294500964,17275,16831,16831,16831,2.570188133140372,7909.5317,pdcsap_flux
TIC_294599100,17895,17895,17895,17895,0.0,1375.7328,pdcsap_flux
TIC_294780517,15691,14714,14711,14711,6.245618507424632,3084.7886,pdcsap_flux
TIC_295354126,18486,18486,18478,18478,0.043275992643077,88922.65,pdcsap_flux
TIC_295413003,18881,18881,18880,18880,0.0052963296435559,1078.7053,pdcsap_flux
TIC_295599256,18177,15580,15558,15558,14.408318204324145,17060.566,pdcsap_flux
TIC_295807723,19474,19474,19474,19474,0.0,673.811065,pdcsap_flux
TIC_296898634,19474,19474,19474,19474,0.0,318.05358,pdcsap_flux
TIC_29959761,1019,896,890,890,12.6594700686948,3021.6215,pdcsap_flux
TIC_297967252,17120,16518,16384,16384,4.299065420560744,1033093.825,pdcsap_flux
TIC_298049015,18787,13714,13713,13713,27.008037472720503,190.02577,pdcsap_flux
TIC_298495970,17261,15174,15037,15037,12.884537396442852,8456.077,pdcsap_flux
TIC_298666530,16718,14551,14551,14551,12.962076803445388,7.3690076,pdcsap_flux
TIC_29960109,15573,14758,14758,14758,5.233416811147496,5064.201349999999,pdcsap_flux
TIC_299876474,17534,15725,15725,15725,10.317098209193563,189.54355,pdcsap_flux
TIC_300011941,18279,18279,18279,18279,0.0,10079.906,pdcsap_flux
TIC_300013921,18279,18279,18279,18279,0.0,7382.6475,pdcsap_flux
TIC_300810086,17691,15198,15197,15197,14.097563732971564,37711.383,pdcsap_flux
TIC_300871545,18278,18278,17827,17827,2.467447204289308,15615.458,pdcsap_flux
TIC_301051430,18563,16836,16835,16835,9.30884016592146,6389.4517,pdcsap_flux
TIC_302659412,17312,15919,15918,15918,8.052218114602583,26131.876,pdcsap_flux
TIC_302766000,16901,14590,14575,14575,13.762499260398798,1786.9117,pdcsap_flux
TIC_294869729,100688,95499,95495,95495,5.157516287938979,4967.978,pdcsap_flux
TIC_302895996,14682,14595,14595,14595,0.5925623212096442,553.29364,pdcsap_flux
TIC_30312676,18256,18256,18256,18256,0.0,7772.069,pdcsap_flux
TIC_30329585,19610,19610,19610,19610,0.0,13557.2905,pdcsap_flux
TIC_300557619,100713,78026,78026,78026,22.52638686167625,4444.308,pdcsap_flux
TIC_297153209,116778,113467,113463,113463,2.838719621846586,26977.652,pdcsap_flux
TIC_303364023,17107,16059,16059,16059,6.1261471912082754,1034.9578,pdcsap_flux
TIC_300599466,100699,79041,79038,79038,21.51064062205186,4756.1523,pdcsap_flux
TIC_303867090,19274,18399,18399,18399,4.539794541869879,1805.2828,pdcsap_flux
TIC_303883880,18854,18854,18854,18854,0.0,664.57078,pdcsap_flux
TIC_304025075,18357,17167,17164,17164,6.49888325979191,682.42685,pdcsap_flux
TIC_304774444,11141,7512,7512,7512,32.573377614217755,12437.545,pdcsap_flux
TIC_304042899,17691,15676,15478,15478,12.509185461534113,23164.708,pdcsap_flux
TIC_304950588,18854,18854,18854,18854,0.0,628.138305,pdcsap_flux
TIC_305478010,17330,17330,17329,17329,0.0057703404500841,702.03613,pdcsap_flux
TIC_305550963,19612,17670,17670,17670,9.90210075464002,865.11584,pdcsap_flux
TIC_305943739,19607,19607,19602,19602,0.0255010965471536,108589.58,pdcsap_flux
TIC_302814895,112726,96641,96624,96624,14.284193531217293,15724.724,pdcsap_flux
TIC_306547699,18854,18854,18854,18854,0.0,324.89491499999997,pdcsap_flux
TIC_306902029,16936,14988,14981,14981,11.543457723193196,11207.542,pdcsap_flux
TIC_307111282,16435,14748,14709,14709,10.50197748707028,12106.778,pdcsap_flux
TIC_307377219,16937,15107,15107,15107,10.804747003601578,1695.0182,pdcsap_flux
TIC_303055194,108334,91145,91140,91140,15.871286945926489,20143.2,pdcsap_flux
TIC_307734817,17958,15924,15923,15923,11.33199688161265,3523.6345,pdcsap_flux
TIC_307956396,17269,11157,11157,11157,35.39290057328161,801.9661,pdcsap_flux
TIC_308034948,16870,15497,15497,15497,8.138707765263787,53853.156,pdcsap_flux
TIC_308307606,15670,14454,14454,14454,7.760051052967453,849.6811,pdcsap_flux
TIC_308050066,16884,15505,15236,15236,9.760720208481398,16551.802499999998,pdcsap_flux
TIC_308919449,18279,18279,18279,18279,0.0,19525.084,pdcsap_flux
TIC_309257814,17686,14969,14948,14948,15.481171548117157,3659.63645,pdcsap_flux
TIC_304021498,104180,92295,92284,92284,11.418698406603957,20521.461,pdcsap_flux
TIC_309436531,18128,15446,15446,15446,14.794792586054715,1973.5007,pdcsap_flux
TIC_31114545,1172,1136,1136,1136,3.0716723549488067,11657.117,pdcsap_flux
TIC_309402106,18277,18277,18277,18277,0.0,65004.36,pdcsap_flux
TIC_311890977,1233,938,938,938,23.92538523925385,9480.4715,pdcsap_flux
TIC_310267134,17426,15327,15327,15327,12.045219786525884,481.47214,pdcsap_flux
TIC_311121985,17050,16753,16751,16751,1.753665689149564,41166.383,pdcsap_flux
TIC_312259170,1092,849,806,806,26.190476190476183,10712.2235,pdcsap_flux
TIC_311183180,17568,17286,17042,17042,2.994080145719491,39144.6225,pdcsap_flux
TIC_312122956,16943,15967,15965,15965,5.7722953432095885,14881.822,pdcsap_flux
TIC_312221462,16943,15973,15973,15973,5.7250782033878345,11410.183,pdcsap_flux
TIC_312469860,11673,10552,10552,10552,9.60335817698963,16992.323,pdcsap_flux
TIC_31268146,15680,14664,14664,14664,6.479591836734699,14954.6535,pdcsap_flux
TIC_312548415,19475,18469,18468,18468,5.170731707317078,1041.88315,pdcsap_flux
TIC_313761775,1178,1133,1133,1133,3.8200339558573826,20079.547,pdcsap_flux
TIC_312899686,19474,14999,14999,14999,22.979357091506625,1332.6342,pdcsap_flux
TIC_313506357,16419,13037,13037,13037,20.5980875814605,23885.328,pdcsap_flux
TIC_313675203,18122,11700,11700,11700,35.43758967001435,25946.093999999997,pdcsap_flux
TIC_314338017,11763,11763,11763,11763,0.0,37107.76,pdcsap_flux
TIC_313891529,16891,13671,13557,13557,19.738322183411285,12707.117,pdcsap_flux
TIC_316254876,1083,964,964,964,10.98799630655586,10805.624,pdcsap_flux
TIC_316402246,1178,1133,1070,1070,9.168081494057724,20549.1285,pdcsap_flux
TIC_314724818,18493,18493,18491,18491,0.0108149029362514,15127.784,pdcsap_flux
TIC_309787037,84299,80053,80044,80044,5.047509460373201,15985.689,pdcsap_flux
TIC_31656385,17285,13770,13770,13770,20.33555105582875,2640.56585,pdcsap_flux
TIC_315755496,19610,19610,19610,19610,0.0,10311.9845,pdcsap_flux
TIC_308425348,111463,109190,109190,109190,2.0392417214681102,1834.04315,pdcsap_flux
TIC_316916655,17658,17321,17316,17316,1.936799184505611,33399.957,pdcsap_flux
TIC_310483807,84301,80503,80443,80443,4.576458167756014,73270.97,pdcsap_flux
TIC_31697707,16595,14925,14911,14911,10.147634829768004,4646.2065,pdcsap_flux
TIC_316937670,18274,18274,18274,18274,0.0,2064.5291500000003,pdcsap_flux
TIC_317397615,16749,15470,15470,15470,7.636276792644336,12884.664,pdcsap_flux
TIC_317507345,16436,15135,14908,14908,9.29666585543928,22615.7295,pdcsap_flux
TIC_318746829,10786,10786,10786,10786,0.0,9270.7705,pdcsap_flux
TIC_317951248,17458,17387,17386,17386,0.4124183755298438,15432.123,pdcsap_flux
TIC_320506985,1102,841,840,840,23.774954627949185,9483.5425,pdcsap_flux
TIC_31858844,18441,17046,16427,16427,10.92131663141912,84.288666,pdcsap_flux
TIC_318209162,18755,18606,18542,18542,1.1356971474273505,10393.959,pdcsap_flux
TIC_319068154,12874,12874,12871,12871,0.0233027807985064,20851.857,pdcsap_flux
TIC_319735319,18083,14339,14331,14331,20.748769562572576,1656.9729,pdcsap_flux
TIC_319968129,16931,14897,14897,14897,12.013466422538544,11460.247,pdcsap_flux
TIC_321436679,18547,16393,16393,16393,11.613738070847036,1370.1335,pdcsap_flux
TIC_320536216,17266,16845,16845,16845,2.4383180817792227,13918.27,pdcsap_flux
TIC_322202434,16718,13681,13681,13681,18.16604857040316,12662.352,pdcsap_flux
TIC_320525204,19608,19608,19531,19531,0.3926968584251344,45013.066,pdcsap_flux
TIC_32283946,18369,16584,16332,16332,11.089335293156957,3348.6077,pdcsap_flux
TIC_322862882,14673,10985,10985,10985,25.13460096776392,665.7499,pdcsap_flux
TIC_326114850,1116,902,902,902,19.175627240143367,15469.777,pdcsap_flux
TIC_323658120,17151,13608,13394,13394,21.905428254912252,8041.645,pdcsap_flux
TIC_324395151,17336,17336,17334,17334,0.0115366866635935,14023.953,pdcsap_flux
TIC_325680697,15511,14815,14517,14517,6.408355360711749,36087.01,pdcsap_flux
TIC_325172035,17336,17336,17325,17325,0.0634517766497477,29197.219,pdcsap_flux
TIC_326470400,18121,11700,11698,11698,35.4450637382043,17577.659,pdcsap_flux
TIC_326347927,18028,12967,12967,12967,28.07299755935212,2764.289,pdcsap_flux
TIC_327577308,1102,858,858,858,22.1415607985481,7988.14725,pdcsap_flux
TIC_326732851,12874,12874,12874,12874,0.0,9258.0995,pdcsap_flux
TIC_328167090,1116,909,909,909,18.54838709677419,14629.611,pdcsap_flux
TIC_326919774,16561,13063,13063,13063,21.121912927963283,84596.57,pdcsap_flux
TIC_327017634,18074,11700,11700,11700,35.26612813986942,63699.981499999994,pdcsap_flux
TIC_329145325,1116,1015,1015,1015,9.050179211469532,9913.222,pdcsap_flux
TIC_327210623,17097,16407,16407,16407,4.035795753640992,1138.4976,pdcsap_flux
TIC_327011842,19475,19238,19238,19238,1.2169448010269537,18958.399,pdcsap_flux
TIC_327663613,18490,18490,18485,18485,0.0270416441319643,70103.26,pdcsap_flux
TIC_32830028,14679,14577,14574,14574,0.7153075822603716,324.84584,pdcsap_flux
TIC_329277372,16719,14946,14842,14842,11.226748011244691,9258.104,pdcsap_flux
TIC_328750515,19610,19610,19610,19610,0.0,8621.094000000001,pdcsap_flux
TIC_329709756,19473,19473,19473,19473,0.0,231.91983,pdcsap_flux
TIC_329864959,16714,13547,13011,13011,22.155079574009815,69901.81,pdcsap_flux
TIC_318608749,100669,94934,94931,94931,5.699867883857001,10333.668,pdcsap_flux
TIC_330332501,18882,18882,18881,18881,0.0052960491473408,11433.071,pdcsap_flux
TIC_332154944,1076,993,993,993,7.713754646840155,22443.965,pdcsap_flux
TIC_330468175,18882,18882,18882,18882,0.0,16037.219,pdcsap_flux
TIC_332660287,1170,1133,1133,1133,3.1623931623931623,1639.3608,pdcsap_flux
TIC_33091633,17456,17399,17265,17265,1.0941796516956923,12969.03,pdcsap_flux
TIC_33153766,17122,16411,16411,16411,4.152552271930854,62931.84,pdcsap_flux
TIC_333821572,17372,16900,16900,16900,2.717015887635277,10579.225,pdcsap_flux
TIC_334597566,17991,17991,17991,17991,0.0,2384.1367,pdcsap_flux
TIC_332630868,20248,20144,19744,19744,2.4891347293559907,1777.3749,pdcsap_flux
TIC_335996558,1116,1015,1015,1015,9.050179211469532,9517.07,pdcsap_flux
TIC_336456596,1116,1015,1015,1015,9.050179211469532,6233.501,pdcsap_flux
TIC_334911765,18494,18494,18494,18494,0.0,9087.6875,pdcsap_flux
TIC_335489455,12671,12671,12670,12670,0.0078920369347312,1548.3403,pdcsap_flux
TIC_336267424,18424,18255,18249,18249,0.9498480243161134,1576.2378,pdcsap_flux
TIC_33690636,17457,17457,17457,17457,0.0,6096.092,pdcsap_flux
TIC_337129672,16273,12482,12410,12410,23.7387082898052,9466.828,pdcsap_flux
TIC_337274055,18605,14510,14510,14510,22.01021230851922,899.48692,pdcsap_flux
TIC_339538183,11125,9848,9834,9834,11.604494382022468,20697.773,pdcsap_flux
TIC_33878688,18279,18279,18279,18279,0.0,5650.3286,pdcsap_flux
TIC_339250695,18547,16268,16268,16268,12.287701515069829,931.8376,pdcsap_flux
TIC_339591840,17272,15301,15300,15300,11.41732283464567,891.74465,pdcsap_flux
TIC_339636032,14672,14583,14581,14581,0.6202290076335881,57941.504,pdcsap_flux
TIC_339733013,15671,14463,14463,14463,7.708506157871231,14995.362,pdcsap_flux
TIC_340700241,17761,15532,15532,15532,12.549969033275154,783.83952,pdcsap_flux
TIC_341186896,16778,10562,10562,10562,37.04851591369651,23441.2705,pdcsap_flux
TIC_341297143,17594,13495,13495,13495,23.297715130158004,5450.103,pdcsap_flux
TIC_341419787,17374,16940,16939,16939,2.503741222516409,8027.425,pdcsap_flux
TIC_341444900,19021,19021,19020,19020,0.0052573471426287,58766.0265,pdcsap_flux
TIC_341544930,18321,18321,18220,18220,0.551279951967687,15756.0675,pdcsap_flux
TIC_331484419,108783,106631,106624,106624,1.9846851070479787,126144.53,pdcsap_flux
TIC_343708863,1179,776,776,776,34.18150975402884,27153.754,pdcsap_flux
TIC_341729521,17373,16836,16461,16461,5.249525125194266,19158.746,pdcsap_flux
TIC_344416349,3571,3519,3517,3517,1.512181461775408,2723.9312,pdcsap_flux
TIC_331034236,117583,113818,113775,113775,3.238563397770089,31969.6,pdcsap_flux
TIC_344600402,1233,938,938,938,23.92538523925385,9743.695,pdcsap_flux
TIC_34466256,980,970,970,970,1.0204081632653073,2490.40015,pdcsap_flux
TIC_343442463,12874,12874,12874,12874,0.0,41860.13,pdcsap_flux
TIC_341805908,19515,19515,19515,19515,0.0,11601.206,pdcsap_flux
TIC_345724317,1157,1157,1157,1157,0.0,10353.106,pdcsap_flux
TIC_344085117,17769,15482,15482,15482,12.870729922899429,2738.8552,pdcsap_flux
TIC_345333936,12874,12874,12874,12874,0.0,1694.9354,pdcsap_flux
TIC_335483600,107729,104243,104239,104239,3.2396105041353818,54306.16,pdcsap_flux
TIC_34551972,16708,14125,13825,13825,17.25520708642566,9284.828,pdcsap_flux
TIC_34505005,18025,16989,16989,16989,5.747572815533985,1062.3085,pdcsap_flux
TIC_348135793,1083,971,971,971,10.341643582640812,13863.872,pdcsap_flux
TIC_346418409,16719,13567,13567,13567,18.85280220108858,7038.312,pdcsap_flux
TIC_345996087,19025,15765,15765,15765,17.135348226018397,12435.965,pdcsap_flux
TIC_347011522,17991,17991,17991,17991,0.0,2388.8176,pdcsap_flux
TIC_347098457,17372,16875,16875,16875,2.8609256274464645,10460.237,pdcsap_flux
TIC_347442932,18394,16150,16073,16073,12.618245079917369,770.40546,pdcsap_flux
TIC_348054109,16941,16941,16900,16900,0.2420164098931532,2005.049,pdcsap_flux
TIC_348673213,16434,14733,14733,14733,10.35049288061336,985.9385,pdcsap_flux
TIC_348755723,13345,12961,12961,12961,2.8774822030723124,450.427,pdcsap_flux
TIC_348844154,18187,11701,11701,11701,35.66283609171386,5093.0737,pdcsap_flux
TIC_349373192,18186,11701,11700,11700,35.66479709666777,19933.709,pdcsap_flux
TIC_349786918,15672,14373,14373,14373,8.288667687595709,16810.605,pdcsap_flux
TIC_350332997,18185,11701,11701,11701,35.65576024195766,3217.5693,pdcsap_flux
TIC_350044062,17166,14858,14858,14858,13.44518233717814,1872.9584,pdcsap_flux
TIC_349790953,18275,18275,18145,18145,0.7113543091655239,11496.381,pdcsap_flux
TIC_350743714,13541,12939,12802,12802,5.45749944612658,21649.5425,pdcsap_flux
TIC_350445771,18276,17166,17166,17166,6.0735390676296745,5594.6715,pdcsap_flux
TIC_352924930,16749,13890,13890,13890,17.069675801540395,11530.643,pdcsap_flux
TIC_350995812,19604,19604,19604,19604,0.0,66291.3875,pdcsap_flux
TIC_353367071,16942,15972,15972,15972,5.72541612560501,18831.343,pdcsap_flux
TIC_35315453,17772,15587,15460,15460,13.009227999099704,16043.73,pdcsap_flux
TIC_354400186,1083,991,981,981,9.418282548476451,19782.736,pdcsap_flux
TIC_353586703,15826,12468,12468,12468,21.21824845191457,2181.3882999999996,pdcsap_flux
TIC_354006740,11124,10070,10046,10046,9.69075871988493,444558.53,pdcsap_flux
TIC_35377903,18219,14118,14118,14118,22.509468137658484,11697.429,pdcsap_flux
TIC_354600221,1102,856,856,856,22.323049001814887,17375.2785,pdcsap_flux
TIC_354285962,12874,12874,12874,12874,0.0,1648.2336,pdcsap_flux
TIC_354151219,19475,18164,18164,18164,6.731707317073166,3769.19275,pdcsap_flux
TIC_354594208,15119,13028,13026,13026,13.84350816852966,20151.52,pdcsap_flux
TIC_354442783,18538,16732,16731,16731,9.747545582047689,718.5472,pdcsap_flux
TIC_355732304,17493,10799,10799,10799,38.26673526553479,1865.3615,pdcsap_flux
TIC_356453768,14110,13771,13770,13770,2.409638554216864,10250.3585,pdcsap_flux
TIC_356235833,17241,17153,17151,17151,0.5220114842526491,35038.6,pdcsap_flux
TIC_356461227,18025,16028,16027,16027,11.084604715672675,782.65656,pdcsap_flux
TIC_356868487,19610,19610,19557,19557,0.2702702702702675,3181.7124,pdcsap_flux
TIC_356919658,18214,18214,18214,18214,0.0,5241.42885,pdcsap_flux
TIC_357457104,17433,12419,12419,12419,28.761544197785803,12375.42,pdcsap_flux
TIC_348684813,104412,92901,92882,92882,11.04279201624334,21829.133,pdcsap_flux
TIC_357416482,18210,18210,17930,17930,1.537616694124111,85244.25,pdcsap_flux
TIC_357536526,17313,15652,15651,15651,9.599722751689477,8869.415,pdcsap_flux
TIC_35883621,1086,1086,1086,1086,0.0,22197.38,pdcsap_flux
TIC_357538688,18025,16212,16212,16212,10.058252427184469,4015.1051,pdcsap_flux
TIC_357972447,18882,18882,18882,18882,0.0,13306.8335,pdcsap_flux
TIC_358072664,20257,20257,20257,20257,0.0,1161.4873,pdcsap_flux
TIC_361034196,1228,875,824,824,32.899022801302934,15573.028,pdcsap_flux
TIC_358186451,18882,18882,18882,18882,0.0,6718.396000000001,pdcsap_flux
TIC_359496368,18424,13655,13654,13654,25.890143291359102,13457.2155,pdcsap_flux
TIC_358631536,18882,18882,18882,18882,0.0,15786.0445,pdcsap_flux
TIC_360816293,18221,15641,15629,15629,14.225344382854942,2136.3713,pdcsap_flux
TIC_355636844,103770,62287,62287,62287,39.97590825864894,8545.976,pdcsap_flux
TIC_361998994,18357,18357,18357,18357,0.0,463.31747,pdcsap_flux
TIC_363761216,16749,14263,14263,14263,14.842677174756702,10379.843,pdcsap_flux
TIC_363635669,18358,18358,18358,18358,0.0,1760.37045,pdcsap_flux
TIC_365389353,1178,1133,1133,1133,3.8200339558573826,10069.169,pdcsap_flux
TIC_364075352,19611,19611,19609,19609,0.0101983580643505,6883.7515,pdcsap_flux
TIC_364107753,18863,14232,14231,14231,24.556009118379897,240821.67,pdcsap_flux
TIC_364408162,19474,19474,19474,19474,0.0,2801.5216,pdcsap_flux
TIC_365639282,14681,14590,14589,14589,0.6266603092432432,885.9514,pdcsap_flux
TIC_365781372,17915,17214,17169,17169,4.164108289143176,16803.188,pdcsap_flux
TIC_365952328,17542,15556,15555,15555,11.327100672671309,1761.384,pdcsap_flux
TIC_366563452,16651,14096,14096,14096,15.344423758332836,23617.7885,pdcsap_flux
TIC_366074069,19475,19475,19418,19418,0.2926829268292685,19623.366,pdcsap_flux
TIC_366602797,16600,15114,15114,15114,8.951807228915666,1032.1288,pdcsap_flux
TIC_368536386,1122,1095,1095,1095,2.406417112299464,11283.373,pdcsap_flux
TIC_367099243,16749,15686,15662,15662,6.48993969789241,10439.084,pdcsap_flux
TIC_367287018,16749,16749,16749,16749,0.0,4491.367,pdcsap_flux
TIC_367913453,16749,16553,16553,16553,1.170219117559257,1838.2811,pdcsap_flux
TIC_369480087,16307,13072,13072,13072,19.83810633470289,111.102885,pdcsap_flux
TIC_369861731,16823,15181,15181,15181,9.760447007073648,1954.2599,pdcsap_flux
TIC_360286627,104164,91893,91137,91137,12.506240159748094,20536.771,pdcsap_flux
TIC_363260203,104124,92095,92086,92086,11.561215473858088,40592.689,pdcsap_flux
TIC_37084932,17457,17457,17332,17332,0.7160451394855882,26003.7995,pdcsap_flux
TIC_371673488,1102,991,991,991,10.072595281306718,16659.082,pdcsap_flux
TIC_371210825,16006,15768,15767,15767,1.4931900537298537,6389.509,pdcsap_flux
TIC_371711170,17305,14914,14914,14914,13.816815949147642,2343.49545,pdcsap_flux
TIC_372505528,1209,963,962,962,20.430107526881724,5557.26335,pdcsap_flux
TIC_372596796,19274,18696,18694,18694,3.0092352391823174,1933.5566,pdcsap_flux
TIC_373424049,17122,16520,16516,16516,3.539306155822919,56837.415,pdcsap_flux
TIC_373453507,1169,1152,1152,1152,1.4542343883661268,8311.8475,pdcsap_flux
TIC_367102581,116705,112718,112710,112710,3.423160961398397,29408.089,pdcsap_flux
TIC_370759867,101601,78937,78934,78934,22.30981978523834,19983.524,pdcsap_flux
TIC_369864738,100623,95366,95363,95363,5.227433091837852,25404.26,pdcsap_flux
TIC_373729723,1053,828,821,821,22.03228869895536,2595.185,pdcsap_flux
TIC_370745311,104169,92105,92105,92105,11.581180581554973,14163.232,pdcsap_flux
TIC_374177909,1116,921,921,921,17.47311827956989,197.25021,pdcsap_flux
TIC_373576942,18882,15367,15367,15367,18.615612752886346,1115.2167,pdcsap_flux
TIC_373614579,18197,16535,16398,16398,9.886244985437164,1382.42515,pdcsap_flux
TIC_373785851,16749,12653,12653,12653,24.45519135470774,13880.486,pdcsap_flux
TIC_374200604,16507,15629,15629,15629,5.318955594596231,2844.7036,pdcsap_flux
TIC_374400599,16749,16749,16749,16749,0.0,16128.454,pdcsap_flux
TIC_374778982,19475,19475,19475,19475,0.0,623.99567,pdcsap_flux
TIC_370877263,115437,112909,112907,112907,2.191671647738591,17167.6,pdcsap_flux
TIC_374847873,19274,19274,19274,19274,0.0,1458.9833,pdcsap_flux
TIC_376838000,1102,945,945,945,14.246823956442832,17874.262,pdcsap_flux
TIC_375199523,17596,12915,12915,12915,26.602636962946125,3624.0337,pdcsap_flux
TIC_377024332,3375,3294,3294,3294,2.400000000000002,37905.13,pdcsap_flux
TIC_37575651,13361,12969,12965,12965,2.9638500112267097,80846.99,pdcsap_flux
TIC_376682699,12874,12874,12874,12874,0.0,11448.76775,pdcsap_flux
TIC_372913430,100621,98182,98162,98162,2.4438238538674883,74307.285,pdcsap_flux
TIC_376740324,19274,19274,18542,18542,3.797862405312858,2241.91675,pdcsap_flux
TIC_377144784,17991,17991,17991,17991,0.0,15306.939,pdcsap_flux
TIC_377739433,1102,965,965,965,12.43194192377496,13442.772,pdcsap_flux
TIC_377165123,18851,16700,16698,16698,11.421144766855871,1161.6862,pdcsap_flux
TIC_379723086,1233,880,878,878,28.791565287915656,15437.6105,pdcsap_flux
TIC_377290815,19611,19611,19610,19610,0.0050991790321752,17197.001,pdcsap_flux
TIC_377420580,10788,10788,10788,10788,0.0,13520.29,pdcsap_flux
TIC_377304435,19611,19533,19533,19533,0.3977359645097156,7524.799,pdcsap_flux
TIC_379629854,16749,15333,15333,15333,8.454236073795451,8398.968,pdcsap_flux
TIC_378355116,17991,17991,17991,17991,0.0,8203.434,pdcsap_flux
TIC_380886535,17452,16074,16074,16074,7.895943158377261,3103.6082,pdcsap_flux
TIC_382188882,13541,12771,12764,12764,5.7381286463333625,8829.1245,pdcsap_flux
TIC_380517859,19474,18961,18961,18961,2.6342816062442265,119.636986,pdcsap_flux
TIC_379931600,19610,19610,19422,19422,0.9586945436002026,23444.011,pdcsap_flux
TIC_383666033,842,816,816,816,3.0878859857482177,4834.888,pdcsap_flux
TIC_383723559,1219,1158,1158,1158,5.004101722723542,23310.1045,pdcsap_flux
TIC_382302241,16779,16779,16777,16777,0.0119196614816186,6151.638,pdcsap_flux
TIC_382437043,18278,18278,18276,18276,0.0109421162052703,30938.492,pdcsap_flux
TIC_382474101,18299,17347,16470,16470,9.995081698453468,13872.201,pdcsap_flux
TIC_384045439,12874,12874,12874,12874,0.0,15117.745,pdcsap_flux
TIC_383531859,18494,18494,18491,18491,0.0162214772358559,23277.29,pdcsap_flux
TIC_385105624,1079,963,963,963,10.750695088044482,9592.556,pdcsap_flux
TIC_384386061,18606,14470,14470,14470,22.229388369343223,929.83154,pdcsap_flux
TIC_375225453,104101,89840,89798,89798,13.73954140690291,13941.44,pdcsap_flux
TIC_386297468,18024,16392,16392,16392,9.05459387483355,1889.8011,pdcsap_flux
TIC_384744828,19336,19336,19334,19334,0.0103434009102176,19605.406,pdcsap_flux
TIC_386435344,13359,12979,12967,12967,2.9343513736058036,50479.99,pdcsap_flux
TIC_387603144,1178,909,909,909,22.835314091680814,5791.091,pdcsap_flux
TIC_387413037,16749,13869,13869,13869,17.19505642127889,12187.78,pdcsap_flux
TIC_38686737,17657,16881,16677,16677,5.550206716882822,1488.321,pdcsap_flux
TIC_387664866,19023,19023,19022,19022,0.0052567944067716,37701.6115,pdcsap_flux
TIC_388076005,16435,15299,15299,15299,6.912077882567691,28445.086,pdcsap_flux
TIC_387834907,16713,12825,12622,12622,24.477951295398793,70442.695,pdcsap_flux
TIC_388130235,10636,8962,8962,8962,15.73899962391877,7986.5685,pdcsap_flux
TIC_389238529,3349,3349,3349,3349,0.0,6493.4663,pdcsap_flux
TIC_389182138,12874,11412,11411,11411,11.363989436072709,10503.524,pdcsap_flux
TIC_389371332,16329,16183,16183,16183,0.8941147651417736,1757.7076,pdcsap_flux
TIC_384549882,84175,79740,79728,79728,5.283041283041278,49413.08,pdcsap_flux
TIC_382331352,110916,107964,107943,107943,2.6804067943308474,16581.896,pdcsap_flux
TIC_389525208,16781,16781,16780,16780,0.0059591204338294,15338.9975,pdcsap_flux
TIC_385624852,84647,79747,79107,79107,6.544827341784121,93996.79,pdcsap_flux
TIC_39077574,17484,15403,15403,15403,11.902310684053996,788.05536,pdcsap_flux
TIC_389999924,18357,18357,18357,18357,0.0,1372.3269,pdcsap_flux
TIC_391821647,18278,18278,18278,18278,0.0,7016.83375,pdcsap_flux
TIC_392112968,18849,18849,18849,18849,0.0,847.9544,pdcsap_flux
TIC_393251073,18712,15967,15794,15794,15.594271056006836,3509.14055,pdcsap_flux
TIC_393911494,18605,16811,16810,16810,9.6479441010481,18167.093,pdcsap_flux
TIC_394509844,18491,18491,18472,18472,0.1027526904980757,10263.337,pdcsap_flux
TIC_395773226,16749,16749,16749,16749,0.0,3226.2393,pdcsap_flux
TIC_399613138,3771,2625,2623,2623,30.44285335454786,2259.2383,pdcsap_flux
TIC_398733009,15572,14817,14817,14817,4.848445928589773,87.29592,pdcsap_flux
TIC_398912927,15868,12993,12993,12993,18.118225359213515,7715.9414,pdcsap_flux
TIC_387079085,110872,106495,106486,106486,3.955913125045096,39349.47,pdcsap_flux
TIC_399144800,17691,15676,15676,15676,11.3899723023006,8760.6325,pdcsap_flux
TIC_399444057,16749,16297,16297,16297,2.6986685772284913,3528.0034,pdcsap_flux
TIC_399642071,17333,16995,16993,16993,1.9615761841573875,5594.3193,pdcsap_flux
TIC_400323948,17335,16559,16557,16557,4.488029997115661,5894.2617,pdcsap_flux
TIC_399956873,19610,19610,19610,19610,0.0,3203.5975500000004,pdcsap_flux
TIC_402848417,1083,885,885,885,18.282548476454295,2052.49,pdcsap_flux
TIC_403256331,1102,859,859,859,22.050816696914698,24004.678,pdcsap_flux
TIC_403287048,1184,1184,1184,1184,0.0,4752.7273,pdcsap_flux
TIC_403308915,1102,856,856,856,22.323049001814887,13237.1275,pdcsap_flux
TIC_400395395,20257,20257,20257,20257,0.0,1684.1328,pdcsap_flux
TIC_400476523,19609,19609,19609,19609,0.0,2105.2988,pdcsap_flux
TIC_388624270,104453,98114,98109,98109,6.073545039395711,17299.836,pdcsap_flux
TIC_405794804,1112,1011,965,965,13.21942446043165,18926.293,pdcsap_flux
TIC_405862830,1283,1136,1136,1136,11.45752143413874,11793.506,pdcsap_flux
TIC_400786146,17336,16777,16774,16774,3.24180895246885,7931.937,pdcsap_flux
TIC_403693875,14685,14685,14685,14685,0.0,716.8305,pdcsap_flux
TIC_405484221,16800,13012,13012,13012,22.54761904761905,93.956888,pdcsap_flux
TIC_404610583,19587,18617,18617,18617,4.952264256905092,9703.357,pdcsap_flux
TIC_406190563,17911,13736,13736,13736,23.30969795097985,11187.2485,pdcsap_flux
TIC_405904232,18322,18248,18214,18214,0.5894552996397739,14277.08,pdcsap_flux
TIC_406855039,19607,19607,19607,19607,0.0,24508.836,pdcsap_flux
TIC_407146536,19333,19333,19333,19333,0.0,5018.105,pdcsap_flux
TIC_407146538,19515,19515,19515,19515,0.0,2689.1353,pdcsap_flux
TIC_407394748,16748,16748,16748,16748,0.0,24592.378,pdcsap_flux
TIC_40779013,17898,17898,17889,17889,0.0502849480388922,2768.6638,pdcsap_flux
TIC_408159788,17573,17303,17302,17302,1.5421385079383176,9523.838,pdcsap_flux
TIC_408203470,18108,13575,13575,13575,25.03313452617627,976.49994,pdcsap_flux
TIC_409183335,11125,10036,9896,9896,11.047191011235958,25099.333,pdcsap_flux
TIC_409520860,1102,859,859,859,22.050816696914698,10617.456,pdcsap_flux
TIC_408549705,18544,16047,16046,16046,13.47066436583262,1120.3211,pdcsap_flux
TIC_408729765,16748,16748,16748,16748,0.0,1108.5423,pdcsap_flux
TIC_410528770,1116,1015,1011,1011,9.408602150537638,9422.965,pdcsap_flux
TIC_400595342,84730,79938,79920,79920,5.676855895196509,19320.435,pdcsap_flux
TIC_410245915,13362,12936,12936,12936,3.1881454872025095,12825.543,pdcsap_flux
TIC_409459226,17457,17457,17457,17457,0.0,8246.014,pdcsap_flux
TIC_40954422,18788,18788,18788,18788,0.0,14835.277,pdcsap_flux
TIC_403136413,103636,80526,80526,80526,22.299201049828245,5241.108,pdcsap_flux
TIC_412257781,18694,15018,15018,15018,19.66406333582967,1197.17195,pdcsap_flux
TIC_412259468,17331,16702,16701,16701,3.63510472563614,6089.9062,pdcsap_flux
TIC_41227743,18276,18276,18275,18275,0.0054716568176793,7922.254,pdcsap_flux
TIC_412961700,17365,16889,16887,16887,2.752663403397637,332040.1,pdcsap_flux
TIC_414870287,10788,10788,10788,10788,0.0,90611.095,pdcsap_flux
TIC_41330864,19474,18961,18726,18726,3.841018794289819,10903.943,pdcsap_flux
TIC_416987878,1178,841,841,841,28.60780984719864,10902.567,pdcsap_flux
TIC_41422753,18788,13303,13302,13302,29.19948903555461,1431.13795,pdcsap_flux
TIC_41865539,1195,1195,1195,1195,0.0,1848.0663,pdcsap_flux
TIC_418866096,3771,2549,2521,2521,33.14770617873243,2231.4414,pdcsap_flux
TIC_415969574,14930,9619,9619,9619,35.57267247153383,1236.6129,pdcsap_flux
TIC_415741431,17991,17991,17991,17991,0.0,10256.58,pdcsap_flux
TIC_418987806,1083,1000,1000,1000,7.663896583564178,30085.093,pdcsap_flux
TIC_416624606,18881,18881,18881,18881,0.0,12589.206,pdcsap_flux
TIC_417705690,17055,16711,16710,16710,2.0228671943711474,16103.98075,pdcsap_flux
TIC_418959198,16719,13652,13652,13652,18.34439858843232,10025.2265,pdcsap_flux
TIC_420288086,1102,858,850,850,22.86751361161524,10785.33,pdcsap_flux
TIC_419419534,17743,15638,15638,15638,11.863833624527986,6820.46,pdcsap_flux
TIC_418971787,19432,18287,18286,18286,5.89748867846851,870.65815,pdcsap_flux
TIC_419858461,18853,18853,18852,18852,0.0053041956187382,369.052105,pdcsap_flux
TIC_42015200,17929,14361,14361,14361,19.90071950471304,3382.022,pdcsap_flux
TIC_420112587,18423,18423,18415,18415,0.0434239808934533,1501.8129,pdcsap_flux
TIC_420645189,17060,16854,16838,16838,1.3012895662368074,14488.65,pdcsap_flux
TIC_420803693,16746,16746,16746,16746,0.0,5333.387000000001,pdcsap_flux
TIC_42123111,18322,18322,18322,18322,0.0,24781.335,pdcsap_flux
TIC_422653398,17230,15372,15372,15372,10.783517121300058,6528.335,pdcsap_flux
TIC_421308357,19610,19610,19606,19606,0.0203977562468149,11554.972,pdcsap_flux
TIC_425163745,1096,1074,1024,1024,6.569343065693434,7442.88135,pdcsap_flux
TIC_425220920,1086,1061,1050,1050,3.314917127071826,12797.2065,pdcsap_flux
TIC_422838133,18216,18216,18214,18214,0.0109793588054407,21311.702,pdcsap_flux
TIC_423903685,18138,18138,18138,18138,0.0,2009.09955,pdcsap_flux
TIC_427279997,1102,867,867,867,21.324863883847545,8903.418,pdcsap_flux
TIC_424747720,19251,17040,17002,17002,11.682509999480551,969.141725,pdcsap_flux
TIC_424699834,19612,17896,17896,17896,8.74974505404854,1201.84635,pdcsap_flux
TIC_412014494,100285,88658,88531,88531,11.720596300543452,28326.348,pdcsap_flux
TIC_426017070,18295,18295,18295,18295,0.0,62.996204,pdcsap_flux
TIC_428065977,1116,877,877,877,21.415770609318997,11845.136,pdcsap_flux
TIC_427348923,14682,14601,14601,14601,0.5516959542296695,3532.3838,pdcsap_flux
TIC_427352241,14683,14683,14683,14683,0.0,16468.111,pdcsap_flux
TIC_427654774,16663,11790,11790,11790,29.24443377543059,320.34547,pdcsap_flux
TIC_42755801,17458,17458,17458,17458,0.0,37229.6225,pdcsap_flux
TIC_428685938,17973,16061,16048,16048,10.710510209759082,303.853875,pdcsap_flux
TIC_429295277,17336,15789,15788,15788,8.92939547761883,13514.17,pdcsap_flux
TIC_4294779,17906,17045,17045,17045,4.808444096950748,71.737236,pdcsap_flux
TIC_429414530,18880,18880,18880,18880,0.0,2127.1025,pdcsap_flux
TIC_431585347,1102,867,857,857,22.23230490018149,14661.316,pdcsap_flux
TIC_431148743,11754,11754,11372,11372,3.2499574612897764,48668.521,pdcsap_flux
TIC_430677414,16714,13547,13547,13547,18.948187148498263,70923.78,pdcsap_flux
TIC_431899140,18533,16466,16466,16466,11.153078292775051,15130.116,pdcsap_flux
TIC_431999925,16343,16307,16307,16307,0.220277794774526,179.37991,pdcsap_flux
TIC_434100688,1196,1196,1191,1191,0.4180602006689016,17315.537,pdcsap_flux
TIC_432008938,16343,16311,16309,16309,0.208040139509269,512.5597,pdcsap_flux
TIC_435167167,1083,1011,1011,1011,6.648199445983383,1961.2545,pdcsap_flux
TIC_425721385,100320,74051,74017,74017,26.219098883572567,21204.197,pdcsap_flux
TIC_434234955,17872,17217,17217,17217,3.6649507609668786,4724.174,pdcsap_flux
TIC_434718964,17991,17991,17989,17989,0.011116669445832,1672.1196,pdcsap_flux
TIC_435861696,17989,17989,17981,17981,0.0444716215465046,878.3701,pdcsap_flux
TIC_436099179,16901,14737,14737,14737,12.803976096088988,1537.0627,pdcsap_flux
TIC_437893926,16937,14967,14967,14967,11.631339670543785,1737.8081,pdcsap_flux
TIC_437740083,16563,13868,13868,13868,16.2712069069613,5894.77855,pdcsap_flux
TIC_437156845,19433,17845,17845,17845,8.171666752431427,1249.6147,pdcsap_flux
TIC_438295981,17446,17388,17388,17388,0.3324544308150878,25216.9395,pdcsap_flux
TIC_426077080,116184,111654,111652,111652,3.900709219858156,28163.795,pdcsap_flux
TIC_438490744,14684,14684,14683,14683,0.0068101334786185,332.43304,pdcsap_flux
TIC_439610306,17340,16354,16349,16349,5.715109573241062,38477.332,pdcsap_flux
TIC_441334829,18025,16852,16852,16852,6.507628294036061,1600.88455,pdcsap_flux
TIC_441732151,17744,17383,17383,17383,2.034490532010824,14303.078,pdcsap_flux
TIC_441738827,16716,15696,15696,15696,6.101938262742279,757.48352,pdcsap_flux
TIC_4426490,16858,14564,14562,14562,13.619646458654644,2256.62305,pdcsap_flux
TIC_430528566,117613,114118,114109,114109,2.9792624964927295,7410.928,pdcsap_flux
TIC_431156009,107925,104321,104316,104316,3.343988881167481,27057.8,pdcsap_flux
TIC_443042089,18358,18358,18358,18358,0.0,949.81795,pdcsap_flux
TIC_444415148,12675,12675,12674,12674,0.0078895463510808,43859.662,pdcsap_flux
TIC_445254275,1102,858,858,858,22.1415607985481,6148.6704,pdcsap_flux
TIC_444413256,19475,18916,18916,18916,2.870346598202822,2446.0675,pdcsap_flux
TIC_443658196,18494,18494,18494,18494,0.0,3986.75565,pdcsap_flux
TIC_444977814,16694,12154,12154,12154,27.195399544746618,1700.43115,pdcsap_flux
TIC_445586472,16778,11946,11932,11932,28.883061151507928,9815.9675,pdcsap_flux
TIC_445137888,19474,17623,17622,17622,9.510116052172124,11881.1055,pdcsap_flux
TIC_445822015,17125,16235,16235,16235,5.197080291970801,8226.759,pdcsap_flux
TIC_447283466,17121,16519,16519,16519,3.5161497576076117,109897.45,pdcsap_flux
TIC_446616059,17742,16545,16545,16545,6.7467027392627665,19334.951,pdcsap_flux
TIC_449197624,1167,1147,1145,1145,1.8851756640959727,2031.1672,pdcsap_flux
TIC_449951606,1147,1041,1032,1032,10.026155187445507,9634.2665,pdcsap_flux
TIC_44745077,15691,14645,14645,14645,6.6662417946593555,918.4376,pdcsap_flux
TIC_449050247,17869,17256,16472,16472,7.818008842128831,14989.8925,pdcsap_flux
TIC_449050248,17869,17250,16463,16463,7.868375398735239,18358.88,pdcsap_flux
TIC_452803785,1116,902,902,902,19.175627240143367,8639.7965,pdcsap_flux
TIC_450327768,17078,15480,15480,15480,9.35706757231526,13811.244,pdcsap_flux
TIC_449549170,18854,18854,18854,18854,0.0,5130.89525,pdcsap_flux
TIC_451599528,18863,14342,14167,14167,24.895297672692575,152510.88,pdcsap_flux
TIC_452483795,18137,18137,18137,18137,0.0,989.14185,pdcsap_flux
TIC_440801822,104480,101168,101133,101133,3.2034839203675336,49512.79,pdcsap_flux
TIC_453209605,17289,16845,16845,16845,2.568106888773214,9550.227,pdcsap_flux
TIC_453464017,17335,15905,15905,15905,8.24920680703779,12902.136,pdcsap_flux
TIC_453230066,19474,19237,19237,19237,1.217007291773642,6663.1934,pdcsap_flux
TIC_455962313,10788,10788,10788,10788,0.0,23247.346,pdcsap_flux
TIC_45465399,18025,15972,15972,15972,11.38973647711512,731.595335,pdcsap_flux
TIC_456042145,12874,12874,12874,12874,0.0,694.21147,pdcsap_flux
TIC_456305193,16677,10621,10621,10621,36.31348563890388,13574.393,pdcsap_flux
TIC_45684223,20257,20257,20257,20257,0.0,1245.5116,pdcsap_flux
TIC_457939414,17343,16357,16357,16357,5.685290895462147,14293.773,pdcsap_flux
TIC_457138169,18755,18659,18658,18658,0.5171954145561153,32554.019,pdcsap_flux
TIC_458914949,1083,931,931,931,14.035087719298245,12279.342,pdcsap_flux
TIC_457743020,18358,18358,18357,18357,0.0054472164723873,985.6349,pdcsap_flux
TIC_458856474,17332,16346,15975,15975,7.8294484191091644,190434.66,pdcsap_flux
TIC_458857720,17343,16357,16357,16357,5.685290895462147,27145.297,pdcsap_flux
TIC_458876004,17409,12164,12164,12164,30.128094663679704,2650.9873,pdcsap_flux
TIC_446549905,100248,97723,97700,97700,2.541696592450726,21217.848,pdcsap_flux
TIC_461387302,1102,961,961,961,12.794918330308525,12240.534,pdcsap_flux
TIC_459997997,17343,16357,16342,16342,5.771781122066544,10122.7835,pdcsap_flux
TIC_459850897,17338,17338,17338,17338,0.0,12364.292,pdcsap_flux
TIC_459942762,17567,17277,17274,17274,1.6679000398474364,81741.945,pdcsap_flux
TIC_461080504,17343,16357,16357,16357,5.685290895462147,6000.58,pdcsap_flux
TIC_460140752,17341,16355,16354,16354,5.691713280664324,40339.7065,pdcsap_flux
TIC_461271719,15856,11696,11696,11696,26.236125126135217,50485.740999999995,pdcsap_flux
TIC_462715015,18063,10746,10746,10746,40.50822122571002,4043.4281,pdcsap_flux
TIC_461538935,16749,16749,16749,16749,0.0,3915.7432,pdcsap_flux
TIC_461662295,17631,17631,17082,17082,3.113833588565595,16771.751,pdcsap_flux
TIC_462162963,19274,19274,19274,19274,0.0,1603.1767,pdcsap_flux
TIC_467006627,3771,2619,2616,2616,30.62848050914877,4094.66935,pdcsap_flux
TIC_463203560,18358,18358,18358,18358,0.0,8508.4785,pdcsap_flux
TIC_463681005,18358,18358,18357,18357,0.0054472164723873,506.55212,pdcsap_flux
TIC_464067218,18358,18358,18358,18358,0.0,5198.52225,pdcsap_flux
TIC_468828873,1122,1059,1059,1059,5.614973262032086,15273.363,pdcsap_flux
TIC_466318137,18347,18347,18288,18288,0.3215784596936832,4347.61215,pdcsap_flux
TIC_467281353,17336,17288,17288,17288,0.276880479926167,12925.39175,pdcsap_flux
TIC_467783290,16870,15591,15591,15591,7.581505631298158,1713.7314,pdcsap_flux
TIC_46772529,19840,19202,19078,19078,3.840725806451617,1232.12395,pdcsap_flux
TIC_468845640,19025,19025,19025,19025,0.0,11780.665,pdcsap_flux
TIC_470852531,1102,986,986,986,10.526315789473683,10895.414,pdcsap_flux
TIC_468977648,18025,16894,16894,16894,6.274618585298198,1030.7059,pdcsap_flux
TIC_469184909,18358,18358,18358,18358,0.0,1613.49345,pdcsap_flux
TIC_470315428,18533,16620,16620,16620,10.322128095829065,13084.1815,pdcsap_flux
TIC_470709084,19475,19475,19475,19475,0.0,10782.195,pdcsap_flux
TIC_48178229,980,973,973,973,0.7142857142857117,15549.919,pdcsap_flux
TIC_470911286,19473,19473,19473,19473,0.0,1506.8439,pdcsap_flux
TIC_470974162,18189,16605,16605,16605,8.708560118753095,1762.2242,pdcsap_flux
TIC_47484268,18300,17887,17886,17886,2.262295081967214,1616.53195,pdcsap_flux
TIC_49617263,880,808,808,808,8.18181818181818,12948.994,pdcsap_flux
TIC_48188920,17897,17725,17725,17725,0.9610549254064904,23839.031,pdcsap_flux
TIC_48276576,18024,15791,15791,15791,12.389036839769195,615.2311,pdcsap_flux
TIC_48476907,16906,15622,15618,15618,7.61859694782917,24775.775,pdcsap_flux
TIC_49710555,16914,14806,14806,14806,12.46304836230342,1980.9708,pdcsap_flux
TIC_5024743,842,813,811,811,3.6817102137767233,14938.966,pdcsap_flux
TIC_49899799,15641,14727,14350,14350,8.253947957291729,79368.30249999999,pdcsap_flux
TIC_4999813,18163,13535,13524,13524,25.54093486758795,1511.93755,pdcsap_flux
TIC_49967354,19611,19611,19611,19611,0.0,7420.639,pdcsap_flux
TIC_50943163,1083,941,941,941,13.111726685133885,4616.348,pdcsap_flux
TIC_464296022,104176,92536,92536,92536,11.173398863461836,23654.677,pdcsap_flux
TIC_51318828,3571,3517,3514,3514,1.5961915429851592,4540.219999999999,pdcsap_flux
TIC_50309953,18277,18277,18275,18275,0.0109427148875629,20413.227,pdcsap_flux
TIC_51024887,16232,13984,13983,13983,13.855347461803849,149.5494,pdcsap_flux
TIC_5109298,17457,17400,17400,17400,0.3265165836054295,8887.29,pdcsap_flux
TIC_52041724,18214,15794,15708,15708,13.758647194465802,17879.701,pdcsap_flux
TIC_52548453,17456,17456,17431,17431,0.1432172318973412,13619.042,pdcsap_flux
TIC_468472950,117631,111028,111026,111026,5.615016449745392,14275.4,pdcsap_flux
TIC_54364414,1083,998,995,995,8.125577100646353,9842.702,pdcsap_flux
TIC_53427308,18712,16171,16171,16171,13.57952116289013,11089.469,pdcsap_flux
TIC_54464870,1083,1000,1000,1000,7.663896583564178,80918.3175,pdcsap_flux
TIC_53593457,14686,14655,14654,14654,0.2178945934903975,135.891295,pdcsap_flux
TIC_54044474,17341,15515,15515,15515,10.52995790323511,22427.785,pdcsap_flux
TIC_54085154,16932,16086,16080,16080,5.031892274982286,85377.655,pdcsap_flux
TIC_54390047,17369,16897,16895,16895,2.728999942426158,21177.451,pdcsap_flux
TIC_55452495,16330,16047,16047,16047,1.7330067360685877,17092.174,pdcsap_flux
TIC_55383975,18278,17079,17078,17078,6.565269723164457,5127.60275,pdcsap_flux
TIC_5800958,3390,3237,3234,3234,4.6017699115044275,2604.8304,pdcsap_flux
TIC_47617038,110168,106818,106793,106793,3.0635030135792607,137805.28,pdcsap_flux
TIC_56231866,17330,17330,17330,17330,0.0,30408.019,pdcsap_flux
TIC_5772442,17282,16716,16716,16716,3.2750839023261147,11710.344,pdcsap_flux
TIC_58474992,16866,15609,15488,15488,8.170283410411482,2285.3572000000004,pdcsap_flux
TIC_58046864,18021,15473,15468,15468,14.16680539370734,482.144605,pdcsap_flux
TIC_61733521,1281,1121,1121,1121,12.490241998438725,7136.939,pdcsap_flux
TIC_59003115,17568,17278,17277,17277,1.6564207650273222,4893.8267,pdcsap_flux
TIC_59859387,17458,17458,17458,17458,0.0,12713.049,pdcsap_flux
TIC_60074373,19433,18626,18626,18626,4.15272989245099,207.389215,pdcsap_flux
TIC_61117473,18461,16277,16276,16276,11.835761876388062,2402.13625,pdcsap_flux
TIC_64553698,1116,909,899,899,19.444444444444443,12804.165,pdcsap_flux
TIC_62530991,13363,12854,12852,12852,3.823991618648503,18256.259,pdcsap_flux
TIC_61980227,17285,12529,12527,12527,27.526757304020833,2527.0024,pdcsap_flux
TIC_63013648,16151,15207,15193,15193,5.9315212680329354,7271.9883,pdcsap_flux
TIC_63303499,17456,17456,17456,17456,0.0,13392.7195,pdcsap_flux
TIC_50365310,104322,98756,98742,98742,5.348823833898885,22884.223,pdcsap_flux
TIC_64531556,18322,18322,18320,18320,0.0109158388822194,3555.0926499999996,pdcsap_flux
TIC_65347776,13541,12933,12933,12933,4.490067203308468,6883.248,pdcsap_flux
TIC_66356824,17928,14982,14982,14982,16.432396251673364,1711.07175,pdcsap_flux
TIC_68152139,1082,964,964,964,10.905730129390022,14244.1575,pdcsap_flux
TIC_6653897,16898,14629,14629,14629,13.427624570955144,4365.956,pdcsap_flux
TIC_67247610,18882,13497,13497,13497,28.51922465840483,494.91702,pdcsap_flux
TIC_67309890,12874,12874,12874,12874,0.0,13622.9075,pdcsap_flux
TIC_66783360,17991,17991,17991,17991,0.0,13028.633,pdcsap_flux
TIC_69838258,1196,1196,1179,1179,1.421404682274252,2407.6848,pdcsap_flux
TIC_67926921,17857,16565,16535,16535,7.403259226073811,16702.941,pdcsap_flux
TIC_68322189,19515,19515,19515,19515,0.0,1196.0841,pdcsap_flux
TIC_686072378,17246,16735,16681,16681,3.2761219993041824,48.12914,pdcsap_flux
TIC_71401634,3445,3319,3319,3319,3.6574746008708248,891.0426,pdcsap_flux
TIC_71854745,1082,990,990,990,8.50277264325323,12962.573,pdcsap_flux
TIC_70887357,17654,17217,17146,17146,2.877534836297724,55549.4,pdcsap_flux
TIC_69997672,19607,19607,19607,19607,0.0,37066.137,pdcsap_flux
TIC_71396541,18805,16142,16142,16142,14.161127359744752,8245.708,pdcsap_flux
TIC_69672493,16723,15059,15059,15059,9.950367756981404,23660.457,pdcsap_flux
TIC_73104318,11125,9650,9650,9650,13.258426966292136,25836.926,pdcsap_flux
TIC_71854732,19473,19236,19235,19235,1.2222051045036708,1357.834,pdcsap_flux
TIC_73244652,14251,12733,12733,12733,10.651884078310292,2943.7559,pdcsap_flux
TIC_75417968,3771,3698,3569,3569,5.356669318483165,3310.2126,pdcsap_flux
TIC_73723286,16937,15865,15706,15706,7.268111235756036,36485.426,pdcsap_flux
TIC_74197917,18025,16413,16413,16413,8.943134535367548,451.97733,pdcsap_flux
TIC_7439481,18419,18188,18188,18188,1.2541397470003823,361.968795,pdcsap_flux
TIC_74482749,14146,13829,13829,13829,2.2409161600452476,37659.91,pdcsap_flux
TIC_78672342,980,973,973,973,0.7142857142857117,13941.8955,pdcsap_flux
TIC_75208638,18025,16641,16641,16641,7.678224687933421,3372.678,pdcsap_flux
TIC_79395355,1184,1184,1184,1184,0.0,4445.54515,pdcsap_flux
TIC_75427473,16724,15114,15114,15114,9.626883520688834,41681.635,pdcsap_flux
TIC_7624182,15691,14982,14982,14982,4.5185137977184375,50728.574,pdcsap_flux
TIC_77031413,16815,14526,14526,14526,13.612845673505802,4203.9123,pdcsap_flux
TIC_77228304,15690,14664,14664,14664,6.539196940726577,74.6700925,pdcsap_flux
TIC_7904580,17550,15353,15349,15349,12.541310541310546,827.76733,pdcsap_flux
TIC_80029842,19433,16762,16762,16762,13.744661143415836,1861.02805,pdcsap_flux
TIC_80275202,17376,16912,16912,16912,2.670349907918967,10129.615,pdcsap_flux
TIC_82010657,1083,936,924,924,14.6814404432133,21847.57,pdcsap_flux
TIC_64836837,107877,104934,104928,104928,2.733668900692454,18879.341,pdcsap_flux
TIC_80478272,17991,17991,17986,17986,0.0277916736145855,5295.1735,pdcsap_flux
TIC_81212286,17632,17632,17631,17631,0.0056715063520895,1704.2593,pdcsap_flux
TIC_83210867,1220,903,903,903,25.983606557377048,15197.011,pdcsap_flux
TIC_81231810,18697,14769,14769,14769,21.008717976145903,1051.8522,pdcsap_flux
TIC_81429971,17374,16971,16971,16971,2.319557960170371,14850.179,pdcsap_flux
TIC_82362447,13362,13065,13065,13065,2.222721149528517,83.84086,pdcsap_flux
TIC_82707763,17338,14496,14496,14496,16.39174068520014,13716.5055,pdcsap_flux
TIC_82302240,17771,15591,15591,15591,12.26717686117832,1540.7605,pdcsap_flux
TIC_83053699,17991,17991,17991,17991,0.0,1135.1909,pdcsap_flux
TIC_86005116,18137,18137,18137,18137,0.0,158.11783,pdcsap_flux
TIC_86280613,18798,16476,16460,16460,12.43749335035642,24978.5285,pdcsap_flux
TIC_86451883,17897,14499,14499,14499,18.98642230541432,596.94617,pdcsap_flux
TIC_87044036,16818,14674,14673,14673,12.754191937210136,1895.6487,pdcsap_flux
TIC_89535068,14082,13719,13719,13719,2.5777588410737073,12024.375,pdcsap_flux
TIC_89510024,18319,18319,18310,18310,0.0491293192859898,3902.52745,pdcsap_flux
TIC_89643259,17898,15583,15583,15583,12.934406078891492,9608.802,pdcsap_flux
TIC_89702406,14084,13717,13716,13716,2.6128940641863108,4194.1638,pdcsap_flux
TIC_89759617,18322,18322,18322,18322,0.0,10220.9245,pdcsap_flux
TIC_89876424,18882,18750,18750,18750,0.699078487448368,637.94595,pdcsap_flux
TIC_9102327,1195,1195,1195,1195,0.0,5006.735,pdcsap_flux
TIC_9032368,16921,14785,14769,14769,12.717924472548903,841.0692,pdcsap_flux
TIC_91576611,1208,1132,1112,1112,7.947019867549665,48978.371499999994,pdcsap_flux
TIC_9033144,18299,18299,18173,18173,0.6885622165145655,20698.451,pdcsap_flux
TIC_90504905,18404,10919,10919,10919,40.67050641164964,367.26346,pdcsap_flux
TIC_91869778,16901,14682,14643,14643,13.36015620377492,6690.099,pdcsap_flux
TIC_92359850,15690,14804,14804,14804,5.646908859145949,19287.221,pdcsap_flux
TIC_92013169,17446,17446,17446,17446,0.0,21739.36,pdcsap_flux
TIC_93594834,17259,16772,16770,16770,2.8333043629410692,12304.1515,pdcsap_flux
TIC_92783821,18321,18321,18321,18321,0.0,13022.732,pdcsap_flux
TIC_95122849,14074,12945,12945,12945,8.021884325706974,2508.1614,pdcsap_flux
TIC_93963408,17372,16900,16898,16898,2.7285286668201736,15684.2425,pdcsap_flux
TIC_95129101,15988,15747,15746,15746,1.5136352264198183,7434.68995,pdcsap_flux
TIC_96291218,16870,15585,15573,15573,7.688203912270297,11746.204,pdcsap_flux
TIC_97158538,17458,17458,17458,17458,0.0,49767.19,pdcsap_flux
TIC_9727392,18298,18298,17574,17574,3.956716581047104,5020.994650000001,pdcsap_flux
TIC_90448944,84170,79556,79536,79536,5.505524533681838,24806.4625,pdcsap_flux
TIC_9804616,15650,14630,14630,14630,6.51757188498403,364.9443,pdcsap_flux
TIC_90544017,84669,79648,79582,79582,6.008102138917426,53621.723,pdcsap_flux
TIC_9837861,10340,7213,7213,7213,30.24177949709864,17146.139,pdcsap_flux
TIC_98494121,1224,1005,1004,1004,17.97385620915033,6615.259050000001,pdcsap_flux
TIC_9830791,16806,11937,11937,11937,28.971795787218845,835.3037,pdcsap_flux
TIC_98286422,18696,15462,15462,15462,17.29781771501926,893.1309,pdcsap_flux
TIC_98613492,15342,12506,12506,12506,18.48520401512189,2961.2552,pdcsap_flux
TIC_99330090,18987,15944,15652,15652,17.564649497024277,5774.711649999999,pdcsap_flux
TIC_95010343,101134,86217,86206,86206,14.760614630094723,34019.074,pdcsap_flux
TIC_96246348,104592,100160,100091,100091,4.3033884044668795,143435.5,pdcsap_flux
TIC_97735297,100658,86660,86645,86645,13.921397206382002,28016.787,pdcsap_flux
TIC_97700520,104599,100927,100894,100894,3.542098872838173,151739.135,pdcsap_flux
TIC_125405602,16108,11701,11701,11701,27.359076235410974,4964.5757,pdcsap_flux
TIC_13499636,17456,12244,12244,12244,29.85792850595783,9319.676,pdcsap_flux
TIC_10974783,16749,16749,16749,16749,0.0,1416.4812,pdcsap_flux
TIC_102283403,17446,17446,17445,17445,0.00573197294508887,36360.008,pdcsap_flux
TIC_103604037,19611,19611,19611,19611,0.0,5116.7124,pdcsap_flux
TIC_129991079,19468,18785,18785,18785,3.508321347852883,10786.688,pdcsap_flux
TIC_143022742,15691,14586,14586,14586,7.042253521126762,1586.10565,pdcsap_flux
TIC_144138509,16915,15982,15982,15982,5.51581436594738,9884.0245,pdcsap_flux
TIC_150151262,13540,12642,12642,12642,6.632200886262929,17556.048499999997,pdcsap_flux
TIC_150247134,15690,14630,14602,14602,6.934353091140855,3605.6289,pdcsap_flux
TIC_149539158,18277,16760,16759,16759,8.305520599660776,36220.27,pdcsap_flux
TIC_153949511,18420,17086,17086,17086,7.2421281216069495,19536.259,pdcsap_flux
TIC_159244568,17052,16500,16500,16500,3.2371569317382165,6227.8565,pdcsap_flux
TIC_161477033,15692,14742,14742,14742,6.05404027529951,15378.4795,pdcsap_flux
TIC_160074939,18298,18298,18298,18298,0.0,52602.517,pdcsap_flux
TIC_165551882,18423,14078,14077,14077,23.590077620365847,1404.6562,pdcsap_flux
TIC_16920150,15114,12695,12686,12686,16.0645758899034,13972.544,pdcsap_flux
TIC_176957796,18278,18278,18277,18277,0.005471058102635151,8293.509,pdcsap_flux
TIC_19451711,16338,16338,16335,16335,0.01836210062431398,184761.34,pdcsap_flux
TIC_198211976,18423,16334,16334,16334,11.339087010801718,5012.2525000000005,pdcsap_flux
TIC_198384408,18410,18410,18409,18409,0.00543183052689189,475430.6,pdcsap_flux
TIC_200807066,13540,12973,12973,12973,4.187592319054656,44914.29,pdcsap_flux
TIC_198457103,18412,18412,18406,18406,0.032587442971976355,96500.47,pdcsap_flux
TIC_100504381,99310,82064,82064,82064,17.365824186889533,34385.002,pdcsap_flux
TIC_20303110,17191,12566,12544,12544,27.03158629515444,2057.1478500000003,pdcsap_flux
TIC_2016376984,17991,17991,17991,17991,0.0,1410.3938,pdcsap_flux
TIC_219380235,18567,16626,16626,16626,10.454031345936343,7103.1606,pdcsap_flux
TIC_219401954,13541,12939,12938,12938,4.453142308544422,21910.763,pdcsap_flux
TIC_141985686,113420,78651,78633,78633,30.670957503085873,18610.246,pdcsap_flux
TIC_224600500,18414,18414,18409,18409,0.027153252959699614,323000.4,pdcsap_flux
TIC_219751469,18746,18503,18494,18494,1.344286781179982,81917.655,pdcsap_flux
TIC_224601047,18843,16740,16740,16740,11.160643209679987,725.5915,pdcsap_flux
TIC_229951289,18424,17734,17734,17734,3.745115067303517,13030.789499999999,pdcsap_flux
TIC_229976631,19610,19610,19610,19610,0.0,5690.56025,pdcsap_flux
TIC_233059608,18419,18419,18419,18419,0.0,274369.03,pdcsap_flux
TIC_233684293,18421,18421,18420,18420,0.005428586938815982,39008.61,pdcsap_flux
TIC_233831759,18882,18024,18023,18023,4.5493062175617,1698.7509,pdcsap_flux
TIC_237108272,18422,18422,18422,18422,0.0,31551.662,pdcsap_flux
TIC_237184773,19607,19607,18924,18924,3.4834497883408977,97849.83,pdcsap_flux
TIC_251086776,15677,14826,14826,14826,5.428334502774767,9951.542,pdcsap_flux
TIC_245947683,16637,15625,15624,15624,6.088838131874741,14204.2135,pdcsap_flux
TIC_262457587,11140,8714,8668,8668,22.1903052064632,10175.56075,pdcsap_flux
TIC_259099556,18423,18423,18419,18419,0.02171199044672667,44572.312,pdcsap_flux
TIC_259863352,18273,18273,18272,18272,0.005472555135987989,230338.435,pdcsap_flux
TIC_259962054,18277,18277,18274,18274,0.01641407233134995,1903.6127999999999,pdcsap_flux
TIC_270435047,17990,17990,17990,17990,0.0,1260.5327,pdcsap_flux
TIC_2760710,18300,18300,18299,18299,0.005464480874317612,533.3989,pdcsap_flux
TIC_276360911,19025,19025,19025,19025,0.0,21657.254,pdcsap_flux
TIC_286132427,13320,12992,12992,12992,2.462462462462467,93050.795,pdcsap_flux
TIC_277099925,18277,18277,18277,18277,0.0,3278.2617,pdcsap_flux
TIC_29781292,18276,18276,18276,18276,0.0,42548.7175,pdcsap_flux
TIC_298073824,18416,18416,18414,18414,0.010860121633360365,91943.06,pdcsap_flux
TIC_310981412,18424,18424,18424,18424,0.0,12603.6145,pdcsap_flux
TIC_321068176,18564,16844,16844,16844,9.265244559362207,5191.24925,pdcsap_flux
TIC_320417762,16334,16334,16331,16331,0.018366597281738173,40997.434,pdcsap_flux
TIC_326453034,18300,18300,18299,18299,0.005464480874317612,12677.136,pdcsap_flux
TIC_341815767,18422,14288,14286,14286,22.451416784279665,41756.263999999996,pdcsap_flux
TIC_344926234,13361,13033,13033,13033,2.4549060699049496,36553.22,pdcsap_flux
TIC_356158613,18004,13191,13191,13191,26.73294823372584,8368.534,pdcsap_flux
TIC_234282389,105119,88278,88278,88278,16.020890609689975,625.67316,pdcsap_flux
TIC_362220495,18424,18424,18424,18424,0.0,14884.056,pdcsap_flux
TIC_365690646,14682,14589,14589,14589,0.633428688189619,15064.7705,pdcsap_flux
TIC_367607434,16711,13593,13592,13592,18.664352821494823,69495.505,pdcsap_flux
TIC_367855829,18424,18424,18424,18424,0.0,17178.844,pdcsap_flux
TIC_376981340,16269,13014,13010,13010,20.03196262831152,1273.3676,pdcsap_flux
TIC_376168473,16391,12982,12927,12927,21.133548898785914,7882.3535,pdcsap_flux
TIC_377191482,16715,13910,13908,13908,16.793299431648222,49267.125,pdcsap_flux
TIC_381976956,18275,18275,18274,18274,0.005471956224345487,40205.588,pdcsap_flux
TIC_387527558,16649,13459,13459,13459,19.16030992852423,974.9536,pdcsap_flux
TIC_390048041,16749,16749,16749,16749,0.0,1320.6095,pdcsap_flux
TIC_394029948,18420,18420,18419,18419,0.005428881650382245,22014.703,pdcsap_flux
TIC_402740809,17330,17330,17330,17330,0.0,1149.8794,pdcsap_flux
TIC_404518509,13541,13532,13532,13532,0.06646481057529519,58866.713,pdcsap_flux
TIC_41173048,16778,16150,16149,16149,3.748956967457384,33397.01,pdcsap_flux
TIC_416539317,18808,16430,16430,16430,12.643555933645256,1841.06565,pdcsap_flux
TIC_43064903,17711,13211,13211,13211,25.407938569250742,1261.0189,pdcsap_flux
TIC_440100539,16513,13094,13086,13086,20.753345848725246,51568.243,pdcsap_flux
TIC_441798995,18422,18422,18422,18422,0.0,2664.19155,pdcsap_flux
TIC_458589703,16342,16342,16342,16342,0.0,5378.32535,pdcsap_flux
TIC_459903429,19606,19606,19605,19605,0.005100479445063755,51878.66,pdcsap_flux
TIC_459952217,17570,17369,17364,17364,1.1724530449630066,86414.975,pdcsap_flux
TIC_459978312,18408,18408,18408,18408,0.0,1239682.0,pdcsap_flux
TIC_47384844,16898,15779,15779,15779,6.622085453899873,52652.016,pdcsap_flux
TIC_55748194,18391,15170,15069,15069,18.06318307867979,1781.1652,pdcsap_flux
TIC_49687222,18300,18300,18300,18300,0.0,18955.427,pdcsap_flux
TIC_68035558,14409,10082,10082,10082,30.029842459573874,6959.459000000001,pdcsap_flux
TIC_62301521,19250,15266,15265,15265,20.701298701298697,493.61072,pdcsap_flux
TIC_684936227,18277,18277,18277,18277,0.0,2715.3088,pdcsap_flux
TIC_72668830,13541,12901,12901,12901,4.726386529798388,10810.367,pdcsap_flux
TIC_343648136,116251,111582,111579,111579,4.018890160084643,10433.226,pdcsap_flux
TIC_71134735,18592,16495,16495,16495,11.27904475043029,815.37354,pdcsap_flux
TIC_75656058,19611,19611,19611,19611,0.0,7456.621,pdcsap_flux
TIC_78154865,13359,13031,13031,13031,2.4552735983232266,44492.387,pdcsap_flux
TIC_76197937,19610,19610,19610,19610,0.0,7357.5650000000005,pdcsap_flux
TIC_93125144,14678,14518,14518,14518,1.0900667665894481,21580.610500000003,pdcsap_flux
TIC_96097215,13362,12978,12975,12975,2.8962730130219994,12668.571,pdcsap_flux
TIC_8677530,17196,15264,15264,15264,11.235170969993025,1938.65025,pdcsap_flux
TIC_87597187,18540,16575,16457,16457,11.235167206040996,984.05365,pdcsap_flux
