File,Status,Column Count
Kepler-1867.csv,OK,24
TOI-4137.csv,OK,24
Kepler-801.csv,OK,24
K2-15.csv,OK,24
Kepler-815.csv,OK,24
TOI-3894.csv,OK,24
Kepler-183.csv,OK,37
Kepler-1683.csv,OK,24
TOI-3664.csv,OK,24
HD_207897.csv,OK,24
TOI-206.csv,OK,24
TOI-5573.csv,OK,24
K2-29.csv,OK,24
Kepler-829.csv,OK,24
Kepler-1697.csv,OK,24
Kepler-197.csv,OK,24
Gaia-1.csv,OK,24
WASP-3.csv,OK,24
GJ_317.csv,OK,24
HD_105779.csv,OK,24
HD_106270.csv,OK,24
Kepler-1668.csv,OK,37
K2-8.csv,OK,24
Kepler-168.csv,OK,37
Kepler-1898.csv,OK,24
Kepler-1640.csv,OK,24
KOBE-1.csv,OK,24
Kepler-140.csv,OK,24
Kepler-626.csv,OK,24
Kepler-1126.csv,OK,24
Kepler-1132.csv,OK,24
16_Cyg_B.csv,OK,24
WASP-16.csv,OK,24
Kepler-632.csv,OK,24
CoRoT-17.csv,OK,24
Kepler-154.csv,OK,24
Kepler-1654.csv,OK,24
DMPP-2.csv,OK,24
PH1.csv,OK,24
TOI-7166.csv,OK,24
Kepler-84.csv,OK,24
Kepler-1481.csv,OK,24
WASP-163.csv,OK,24
TYC_3667-1280-1.csv,OK,24
Kepler-381.csv,OK,24
NGTS-17.csv,OK,24
Kepler-395.csv,OK,37
Kepler-1495.csv,OK,24
WASP-177.csv,OK,24
TOI-776.csv,OK,24
GJ_1148.csv,OK,24
Kepler-418.csv,OK,24
Kepler-1318.csv,OK,24
WASP-188.csv,OK,24
HD_155358.csv,OK,24
Kepler-1324.csv,OK,24
Kepler-47.csv,OK,24
Kepler-424.csv,OK,24
Kepler-342.csv,OK,24
Kepler-1442.csv,OK,24
Kepler-1456.csv,OK,24
TOI-2977.csv,OK,24
MWC_758.csv,OK,24
Kepler-356.csv,OK,24
Kepler-53.csv,OK,24
Kepler-430.csv,OK,24
K2-273.csv,OK,24
Kepler-1330.csv,OK,37
TOI-4527.csv,OK,24
TOI-6330.csv,OK,24
TOI-6324.csv,OK,24
RR_Cae.csv,OK,24
Kepler-593.csv,OK,24
Kepler-1293.csv,OK,24
TOI-5605.csv,OK,24
HD_8535.csv,OK,24
HIP_48714.csv,OK,24
Kepler-1287.csv,OK,24
Kepler-587.csv,OK,24
HATS-49.csv,OK,24
HD_69830.csv,OK,24
HAT-P-68.csv,OK,24
Kepler-1278.csv,OK,24
BD+20_274.csv,OK,24
Kepler-578.csv,OK,24
Kepler-1250.csv,OK,24
Kepler-550.csv,OK,24
HATS-75.csv,OK,24
HAT-P-40.csv,OK,24
Kepler-236.csv,OK,24
HD_94771.csv,OK,24
EPIC_246851721.csv,OK,24
Kepler-1536.csv,OK,37
Barnard's_star.csv,OK,24
Kepler-1522.csv,OK,24
HATS-61.csv,OK,24
WISPIT_2.csv,OK,24
Kepler-222.csv,OK,24
HAT-P-54.csv,OK,24
Kepler-544.csv,OK,24
Kepler-1244.csv,OK,24
Kepler-1913.csv,OK,24
Kepler-975.csv,OK,24
CoRoT-8.csv,OK,24
Kepler-961.csv,OK,24
Kepler-1907.csv,OK,24
TOI-5349.csv,OK,24
TOI-1107.csv,OK,24
HD_191939.csv,OK,24
TOI-2368.csv,OK,24
Kepler-1091.csv,OK,24
Kepler-791.csv,OK,24
DP_Leo.csv,OK,24
Kepler-949.csv,OK,24
Kepler-785.csv,OK,24
GJ_9689.csv,OK,24
Kepler-1085.csv,OK,24
HD_81817.csv,OK,24
TOI-1846.csv,OK,24
K2-139.csv,OK,24
HD_164595.csv,OK,24
Kepler-1734.csv,OK,24
K2-111.csv,OK,24
Kepler-752.csv,OK,24
HIP_67522.csv,OK,24
Kepler-1052.csv,OK,24
Kepler-1046.csv,OK,24
K2-105.csv,OK,24
Kepler-746.csv,OK,24
Kepler-1720.csv,OK,24
TIC_241249530.csv,OK,24
KIC_3558849.csv,OK,24
BD63_1405.csv,OK,24
Kepler-747.csv,OK,24
K2-104.csv,OK,24
Kepler-1047.csv,OK,24
17_Sco.csv,OK,24
HD_114729.csv,OK,24
HIP_67537.csv,OK,24
Kepler-1721.csv,OK,24
HD_222237.csv,OK,24
BD20_2457.csv,OK,24
Kepler-1735.csv,OK,24
Kepler-1053.csv,OK,24
Kepler-753.csv,OK,24
K2-110.csv,OK,24
TOI-2382.csv,OK,24
HD_105618.csv,OK,24
K2-138.csv,OK,24
TOI-1853.csv,OK,24
GJ_504.csv,OK,24
Kepler-1709.csv,OK,24
HD_109988.csv,OK,24
Kepler-1084.csv,OK,24
Kepler-784.csv,OK,24
EPIC_220674823.csv,OK,24
Kepler-948.csv,OK,24
Kepler-790.csv,OK,24
TIC_52059926.csv,OK,24
Kepler-1090.csv,OK,24
TOI-1648.csv,OK,24
Kepler-960.csv,OK,24
CoRoT-9.csv,OK,24
TOI-2427.csv,OK,24
Kepler-1906.csv,OK,24
Kepler-1912.csv,OK,24
Kepler-974.csv,OK,24
HAT-P-55.csv,OK,24
Kepler-223.csv,OK,24
HATS-60.csv,OK,24
Kepler-1523.csv,OK,24
Kepler-1245.csv,OK,24
Kepler-545.csv,OK,37
Kepler-551.csv,OK,24
TIC_245076932.csv,OK,24
EPIC_206032309.csv,OK,24
Kepler-1251.csv,OK,24
HD_96167.csv,OK,24
Kepler-1537.csv,OK,24
Kepler-237.csv,OK,24
HAT-P-41.csv,OK,24
TOI-824.csv,OK,24
HAT-P-69.csv,OK,24
Kepler-579.csv,OK,24
Kepler-1279.csv,OK,24
TOI-2180.csv,OK,24
TIC_67686059.csv,OK,24
TOI-2194.csv,OK,24
70_Vir.csv,OK,24
HIP_38594.csv,OK,24
HD_99283.csv,OK,24
Kepler-586.csv,OK,24
BD+37_3172.csv,OK,24
HD_24064.csv,OK,24
Kepler-1286.csv,OK,24
TOI-3261.csv,OK,24
Kepler-1292.csv,OK,24
HD_216435.csv,OK,24
Kepler-592.csv,OK,24
HD_23079.csv,OK,24
HD_285507.csv,OK,24
TOI-159.csv,OK,24
2MASS_J223624524751425.csv,OK,24
M62H.csv,OK,18
HD_222155.csv,OK,24
Kepler-357.csv,OK,24
Kepler-1457.csv,OK,24
Kepler-1331.csv,OK,24
K2-272.csv,OK,24
Kepler-431.csv,OK,24
Kepler-52.csv,OK,24
K2-266.csv,OK,24
Kepler-425.csv,OK,24
Kepler-46.csv,OK,24
Kepler-1325.csv,OK,24
Kepler-1443.csv,OK,24
HD_16175.csv,OK,24
Kepler-343.csv,OK,24
WASP-189.csv,OK,24
Kepler-1319.csv,OK,24
OGLE-2012-BLG-0838L.csv,OK,24
Kepler-419.csv,OK,24
HD_117618.csv,OK,24
WASP-176.csv,OK,24
Kepler-1494.csv,OK,24
18_Del.csv,OK,24
Kepler-394.csv,OK,24
Kepler-91.csv,OK,24
HD_219666.csv,OK,24
HD_8326.csv,OK,24
Kepler-85.csv,OK,24
TOI-1516.csv,OK,24
NGTS-16.csv,OK,37
Kepler-380.csv,OK,24
TOI-763.csv,OK,24
WASP-162.csv,OK,24
Kepler-1480.csv,OK,24
TOI-4308.csv,OK,24
TOI-2989.csv,OK,24
MOA-bin-29.csv,OK,24
HD_171238.csv,OK,24
HD_31253.csv,OK,24
HD_360.csv,OK,24
HD_48948.csv,OK,24
CoRoT-16.csv,OK,24
Kepler-633.csv,OK,24
GJ_900_A.csv,OK,24
WASP-17.csv,OK,24
Kepler-1133.csv,OK,24
Kepler-1655.csv,OK,24
HD_6860.csv,OK,15
Kepler-155.csv,OK,24
Kepler-141.csv,OK,24
Kepler-1641.csv,OK,24
Kepler-1899.csv,OK,24
XO-3.csv,OK,24
Kepler-1127.csv,OK,24
Kepler-627.csv,OK,24
TOI-5599.csv,OK,24
Kepler-169.csv,OK,24
K2-9.csv,OK,24
Kepler-1669.csv,OK,24
TOI-3856.csv,OK,24
eps_Tau.csv,OK,24
WASP-2.csv,OK,24
Kepler-828.csv,OK,24
K2-28.csv,OK,24
Kepler-196.csv,OK,24
Kepler-1696.csv,OK,37
HD_102956.csv,OK,24
Kepler-1682.csv,OK,37
TOI-561.csv,OK,24
2MASS_J16262785-2625152.csv,OK,24
Kepler-182.csv,OK,24
OGLE-2019-BLG-1470L_A.csv,OK,24
HD_1666.csv,OK,24
NSVS_14256825.csv,OK,24
TIC_445839811.csv,OK,24
Kepler-814.csv,OK,24
K2-14.csv,OK,24
OGLE-2014-BLG-0676L.csv,OK,24
Kepler-1872.csv,OK,24
TIC_393818343.csv,OK,24
Kepler-1866.csv,OK,24
TOI-1728.csv,OK,24
Kepler-800.csv,OK,24
KOI-4978.csv,OK,24
EPIC_206317286.csv,OK,24
Kepler-1870.csv,OK,24
HIP_90988.csv,OK,24
K2-16.csv,OK,24
Kepler-816.csv,OK,37
HD_27631.csv,OK,24
Kepler-802.csv,OK,24
EPIC_220492298.csv,OK,24
TOI-2545.csv,OK,24
Kepler-1864.csv,OK,24
Kepler-1694.csv,OK,24
Kepler-194.csv,OK,24
TOI-1064.csv,OK,24
TOI-205.csv,OK,24
HIP_75092.csv,OK,15
TOI-1716.csv,OK,24
LTT_1445_A.csv,OK,24
Kepler-180.csv,OK,24
Kepler-1680.csv,OK,24
Kepler-1858.csv,OK,24
omi_UMa.csv,OK,24
CoRoT-28.csv,OK,24
HD_22946.csv,OK,24
WASP-29.csv,OK,24
Kepler-1119.csv,OK,24
Kepler-619.csv,OK,24
TOI-6086.csv,OK,24
KOI-4777.csv,OK,24
Gaia-2.csv,OK,24
GJ_2126.csv,OK,24
Kepler-157.csv,OK,37
Kepler-1131.csv,OK,24
HD_12661.csv,OK,24
WASP-15.csv,OK,24
Kepler-631.csv,OK,24
CoRoT-14.csv,OK,24
TOI-3688_A.csv,OK,24
Kepler-625.csv,OK,24
Kepler-1125.csv,OK,24
GJ_328.csv,OK,24
XO-1.csv,OK,24
HAT-P-8.csv,OK,24
Kepler-1643.csv,OK,15
Qatar-9.csv,OK,24
Kepler-143.csv,OK,24
HIP_105854.csv,OK,24
Kepler-9.csv,OK,24
PH2.csv,OK,24
WASP-148.csv,OK,24
HD_23127.csv,OK,24
HD_217107.csv,OK,24
MOA-2007-BLG-400L.csv,OK,24
DMPP-1.csv,OK,24
Kepler-93.csv,OK,24
TOI-1266.csv,OK,24
Kepler-396.csv,OK,24
WASP-174.csv,OK,24
Kepler-1496.csv,OK,24
Kepler-1482.csv,OK,24
TOI-1272.csv,OK,24
KOI-7913_A.csv,OK,24
Kepler-382.csv,OK,24
Kepler-87.csv,OK,24
TOI-5799.csv,OK,24
Kepler-369.csv,OK,24
Kepler-1469.csv,OK,37
HD_190007.csv,OK,24
2MASS_J19383260+4603591.csv,OK,24
HD_80883.csv,OK,24
Kepler-78.csv,OK,24
K2-258.csv,OK,24
HD_87646.csv,OK,24
Gl_49.csv,OK,24
Kepler-50.csv,OK,24
K2-270.csv,OK,24
Kepler-433.csv,OK,24
Kepler-1333.csv,OK,24
Kepler-1455.csv,OK,24
MOA-2010-BLG-073L.csv,OK,24
Kepler-355.csv,OK,24
Kepler-341.csv,OK,24
HD_39194.csv,OK,24
Kepler-1441.csv,OK,24
Kepler-1327.csv,OK,24
Kepler-44.csv,OK,24
K2-264.csv,OK,24
Kepler-427.csv,OK,24
TOI-1448.csv,OK,24
HD_134606.csv,OK,24
TOI-2141.csv,OK,24
CD_Cet.csv,OK,24
HD_564.csv,OK,24
HD_238090.csv,OK,24
Kepler-1284.csv,OK,24
Kepler-584.csv,OK,24
TOI-5174.csv,OK,24
TOI-615.csv,OK,24
TOI-5160.csv,OK,24
HD_11977.csv,OK,24
Kepler-590.csv,OK,37
HD_216437.csv,OK,24
Kepler-1290.csv,OK,24
TOI-198.csv,OK,24
HD_82886.csv,OK,24
K2-338.csv,OK,24
OGLE-2018-BLG-1428L.csv,OK,24
HD_33283.csv,OK,24
Kepler-1509.csv,OK,24
Kepler-2000.csv,OK,24
HD_21693.csv,OK,24
Kepler-209.csv,OK,24
TOI-2196.csv,OK,24
TOI-3288.csv,OK,24
Kepler-547.csv,OK,24
Kepler-1247.csv,OK,37
Kepler-1521.csv,OK,24
HATS-62.csv,OK,24
Kepler-221.csv,OK,24
HAT-P-57.csv,OK,24
TIC_154870955.csv,OK,24
WISPIT_1.csv,OK,24
HD_137496.csv,OK,24
HATS-76.csv,OK,24
HAT-P-43.csv,OK,24
Kepler-235.csv,OK,24
Kepler-1535.csv,OK,24
Kepler-1253.csv,OK,24
Kepler-553.csv,OK,24
Kepler-1904.csv,OK,24
Kepler-962.csv,OK,24
Kepler-976.csv,OK,24
EPIC_201170410.csv,OK,24
Kepler-1910.csv,OK,24
TOI-2431.csv,OK,24
Kepler-1938.csv,OK,24
HD_224693.csv,OK,24
Kepler-786.csv,OK,24
Wolf_1069.csv,OK,24
Kepler-1086.csv,OK,24
Kepler-1092.csv,OK,24
Kepler-792.csv,OK,24
TIC_290487717.csv,OK,24
Kepler-779.csv,OK,24
HATS-48_A.csv,OK,24
Kepler-1079.csv,OK,24
OGLE-2018-BLG-1185L.csv,OK,24
KMT-2023-BLG-1431L.csv,OK,18
Kepler-1723.csv,OK,24
Kepler-1045.csv,OK,24
Kepler-745.csv,OK,24
Kepler-989.csv,OK,24
Kepler-751.csv,OK,24
Kepler-1051.csv,OK,24
Kepler-1737.csv,OK,24
TIC_77552382.csv,OK,24
Kepler-1050.csv,OK,24
K2-113.csv,OK,24
Kepler-750.csv,OK,24
Kepler-988.csv,OK,24
Kepler-1736.csv,OK,18
OGLE-2013-BLG-0102L.csv,OK,24
Kepler-1722.csv,OK,24
4_UMa.csv,OK,24
OGLE-2013-BLG-0341L_B.csv,OK,24
HD_202696.csv,OK,24
Kepler-744.csv,OK,24
Kepler-1044.csv,OK,37
TOI-4914.csv,OK,24
HD_100777.csv,OK,24
BD-210397.csv,OK,24
TOI-6695.csv,OK,24
TOI-5388.csv,OK,24
Kepler-1078.csv,OK,37
HD_196067.csv,OK,24
Kepler-778.csv,OK,24
Kepler-793.csv,OK,24
Kepler-1093.csv,OK,24
HD_6718.csv,OK,24
TOI-1105.csv,OK,24
HD_30562.csv,OK,24
HD_15906.csv,OK,24
Kepler-1939.csv,OK,24
Kepler-1087.csv,OK,24
HD_20003.csv,OK,24
Kepler-787.csv,OK,24
TOI-6130.csv,OK,24
Kepler-977.csv,OK,24
Kepler-1911.csv,OK,24
Kepler-963.csv,OK,24
HIP_77900.csv,OK,24
Kepler-1534.csv,OK,37
Kepler-234.csv,OK,24
HAT-P-42.csv,OK,24
HATS-77.csv,OK,24
Kepler-552.csv,OK,24
GJ_1002.csv,OK,24
HD_332231.csv,OK,24
Kepler-1252.csv,OK,24
Kepler-1246.csv,OK,24
Kepler-546.csv,OK,24
HAT-P-56.csv,OK,24
Kepler-220.csv,OK,24
HATS-63.csv,OK,24
Kepler-1520.csv,OK,24
MOA-2008-BLG-310L.csv,OK,24
Kepler-208.csv,OK,24
Kepler-2001.csv,OK,24
Kepler-1508.csv,OK,24
TOI-833.csv,OK,24
K2-339.csv,OK,24
TOI-199.csv,OK,24
HD_110014.csv,OK,24
TOI-172.csv,OK,24
Kepler-1291.csv,OK,24
Kepler-591.csv,OK,24
Kepler-585.csv,OK,24
Kepler-1285.csv,OK,24
HD_219077.csv,OK,24
BD45_564.csv,OK,24
HD_211403.csv,OK,24
G_264-012.csv,OK,24
TOI-628.csv,OK,24
TOI-2154.csv,OK,24
Kepler-1440.csv,OK,24
Kepler-340.csv,OK,24
OGLE-2015-BLG-0966L.csv,OK,24
Kepler-426.csv,OK,24
K2-265.csv,OK,24
Kepler-45.csv,OK,24
Kepler-1326.csv,OK,24
Kepler-1332.csv,OK,24
HD_190984.csv,OK,24
Kepler-432.csv,OK,24
K2-271.csv,OK,24
Kepler-51.csv,OK,24
Kepler-354.csv,OK,24
Kepler-1454.csv,OK,24
HD_96992.csv,OK,15
K2-259.csv,OK,24
Kepler-79.csv,OK,24
BEBOP-4_A.csv,OK,24
Kepler-1468.csv,OK,24
TOI-1298.csv,OK,24
Kepler-368.csv,OK,24
Kepler-383.csv,OK,24
NGTS-15.csv,OK,24
TOI-1273.csv,OK,24
HD_80869.csv,OK,24
Kepler-1483.csv,OK,24
WASP-161.csv,OK,24
TYC_8998-760-1.csv,OK,24
TOI-3464.csv,OK,24
Kepler-92.csv,OK,24
TOI-4479.csv,OK,24
HD_99492.csv,OK,24
EPIC_206042996.csv,OK,24
Kepler-1497.csv,OK,24
WASP-175.csv,OK,24
Kepler-397.csv,OK,24
BD55_362.csv,OK,24
2MASS_J12073346-3932539.csv,OK,24
HD_94834.csv,OK,24
WASP-149.csv,OK,24
Kepler-8.csv,OK,24
HAT-P-9.csv,OK,24
Kepler-1124.csv,OK,24
Kepler-624.csv,OK,24
HD_307842.csv,OK,24
Kepler-142.csv,OK,24
HD_77946.csv,OK,24
Qatar-8.csv,OK,24
Kepler-1642.csv,OK,24
Kepler-1656.csv,OK,24
Kepler-156.csv,OK,24
HIP_12961.csv,OK,24
Kepler-630.csv,OK,24
WASP-14.csv,OK,24
HD_145377.csv,OK,24
HD_88986.csv,OK,24
TOI-4860.csv,OK,24
Kepler-1130.csv,OK,24
Kepler-618.csv,OK,24
GJ_9714.csv,OK,24
HD_12648.csv,OK,24
Kepler-1118.csv,OK,24
WASP-1.csv,OK,24
HD_160691.csv,OK,24
GJ_9066.csv,OK,24
HD_99109.csv,OK,24
WASP-28.csv,OK,24
CoRoT-29.csv,OK,24
Gl_378.csv,OK,24
Kepler-1681.csv,OK,24
Kepler-181.csv,OK,24
Kepler-195.csv,OK,24
Kepler-1695.csv,OK,37
TOI-238.csv,OK,24
Kepler-803.csv,OK,24
Kepler-1865.csv,OK,18
Kepler-1871.csv,OK,24
TOI-3896.csv,OK,24
Kepler-817.csv,OK,24
K2-17.csv,OK,24
TOI-2236.csv,OK,24
HD_167677.csv,OK,24
Kepler-1691.csv,OK,24
Kepler-1849.csv,OK,24
Kepler-191.csv,OK,37
Kepler-185.csv,OK,24
TOI-1075.csv,OK,24
Kepler-1685.csv,OK,37
HD_86950.csv,OK,24
Kepler-813.csv,OK,24
alf_Tau.csv,OK,15
TOI-6054.csv,OK,24
K2-13.csv,OK,24
HD_93385.csv,OK,24
Kepler-1875.csv,OK,24
75_Cet.csv,OK,24
Kepler-1861.csv,OK,24
MOA-2011-BLG-291L.csv,OK,24
HD_95086.csv,OK,24
Kepler-1134.csv,OK,37
HD_135694.csv,OK,24
WASP-10.csv,OK,24
Kepler-634.csv,OK,24
CoRoT-11.csv,OK,24
Kepler-152.csv,OK,24
Kepler-1652.csv,OK,24
Kepler-1646.csv,OK,24
HD_190228.csv,OK,24
HD_49674.csv,OK,24
Kepler-146.csv,OK,24
Kepler-620.csv,OK,24
XO-4.csv,OK,24
Kepler-1120.csv,OK,24
OGLE-2011-BLG-0265L.csv,OK,24
Kepler-608.csv,OK,24
Kepler-1108.csv,OK,24
OGLE-2019-BLG-0299L.csv,OK,24
HIP_79098_AB.csv,OK,24
GJ_463.csv,OK,24
WASP-5.csv,OK,24
91_Aqr.csv,OK,24
KELT-19_A.csv,OK,24
Kepler-393.csv,OK,24
TOI-3474.csv,OK,24
TOI-5005.csv,OK,24
WASP-171.csv,OK,24
Kepler-1493.csv,OK,24
MOA-2012-BLG-505L.csv,OK,24
Kepler-96.csv,OK,24
HD_168746.csv,OK,24
OGLE-2017-BLG-0482L.csv,OK,24
Kepler-82.csv,OK,24
TOI-2018.csv,OK,24
OGLE-2018-BLG-0740L.csv,OK,24
HD_163607.csv,OK,24
HD_134987.csv,OK,24
TOI-5777.csv,OK,24
WASP-165.csv,OK,24
Kepler-1487.csv,OK,24
NGTS-11.csv,OK,24
Kepler-387.csv,OK,24
HIP_54515.csv,OK,24
WD_1856534.csv,OK,24
GJ_3942.csv,OK,24
DMPP-4.csv,OK,24
WASP-159.csv,OK,24
Kepler-1450.csv,OK,24
Kepler-350.csv,OK,24
Kepler-55.csv,OK,24
AT2021ueyL.csv,OK,24
K2-275.csv,OK,24
Kepler-436.csv,OK,37
HD_113337.csv,OK,24
Kepler-1336.csv,OK,24
HD_197037.csv,OK,24
Kepler-1322.csv,OK,37
Kepler-41.csv,OK,24
KOI-55.csv,OK,24
K2-261.csv,OK,24
Kepler-422.csv,OK,24
Kepler-344.csv,OK,37
GJ_649.csv,OK,24
Kepler-1444.csv,OK,24
HIP_34222.csv,OK,24
KIC_5479689.csv,OK,24
Kepler-69.csv,OK,24
K2-249.csv,OK,24
TOI-6281.csv,OK,24
TOI-5788.csv,OK,24
Kepler-1478.csv,OK,24
EPIC_206024342.csv,OK,24
Kepler-378.csv,OK,24
TOI-1288.csv,OK,24
TOI-6478.csv,OK,24
Kepler-1281.csv,OK,24
Kepler-581.csv,OK,24
Kepler-595.csv,OK,24
Kepler-1295.csv,OK,37
KMT-2021-BLG-0192L.csv,OK,24
BD+20_2457.csv,OK,24
MOA-2012-BLG-006L.csv,OK,24
BD+63_1405.csv,OK,24
TOI-5159.csv,OK,24
Kepler-1524.csv,OK,24
HATS-67.csv,OK,24
Kepler-224.csv,OK,24
HAT-P-52.csv,OK,24
Kepler-542.csv,OK,24
Kepler-1242.csv,OK,24
Kepler-1256.csv,OK,24
K2-315.csv,OK,24
Kepler-556.csv,OK,37
HD_16760.csv,OK,24
HAT-P-46.csv,OK,24
Kepler-230.csv,OK,24
Kepler-1530.csv,OK,24
Kepler-218.csv,OK,24
Kepler-1518.csv,OK,24
XO-2_S.csv,OK,24
K2-329.csv,OK,24
HD_7199.csv,OK,24
HD_93963_A.csv,OK,24
TOI-837.csv,OK,24
HD_11755.csv,OK,24
Kepler-783.csv,OK,24
Kepler-1083.csv,OK,24
TOI-406.csv,OK,24
Kepler-1929.csv,OK,24
Kepler-1097.csv,OK,24
HD_290327.csv,OK,24
Kepler-797.csv,OK,24
HIP_97166.csv,OK,24
TOI-2346.csv,OK,24
Kepler-967.csv,OK,24
Kepler-1901.csv,OK,24
TOI-2420.csv,OK,24
Kepler-1915.csv,OK,37
TOI-1883.csv,OK,24
Kepler-973.csv,OK,24
24_Boo.csv,OK,24
Kepler-1040.csv,OK,24
11_Com.csv,OK,24
Kepler-998.csv,OK,24
Kepler-740.csv,OK,24
TOI-3919.csv,OK,24
Kepler-1726.csv,OK,24
Kepler-1732.csv,OK,24
HD_196885_A.csv,OK,24
Kepler-754.csv,OK,24
K2-117.csv,OK,24
Kepler-1054.csv,OK,24
LHS_1478.csv,OK,24
TOI-5398.csv,OK,24
HD_190360.csv,OK,24
BD37_3172.csv,OK,24
Kepler-1068.csv,OK,37
LP_890-9.csv,OK,24
OGLE-2015-BLG-1771L.csv,OK,24
Kepler-768.csv,OK,24
HD_44219.csv,OK,24
TOI-4087.csv,OK,24
GJ_2056.csv,OK,24
Kepler-769.csv,OK,24
Kepler-1069.csv,OK,24
TOI-2384.csv,OK,24
TOI-1855.csv,OK,24
Kepler-1733.csv,OK,24
HD_143105.csv,OK,24
Kepler-1055.csv,OK,24
K2-116.csv,OK,24
Kepler-755.csv,OK,24
K2-102.csv,OK,24
Kepler-741.csv,OK,24
Kepler-999.csv,OK,24
Kepler-1041.csv,OK,24
Kepler-1727.csv,OK,24
HD_129445.csv,OK,24
Kepler-1914.csv,OK,24
KIC_10001893.csv,OK,24
Kepler-972.csv,OK,24
Kepler-966.csv,OK,24
BD48_740.csv,OK,15
TOI-2421.csv,OK,24
Kepler-1900.csv,OK,24
HIP_91258.csv,OK,24
Kepler-1928.csv,OK,24
TOI-6109.csv,OK,24
Kepler-796.csv,OK,24
OGLE-2018-BLG-0516L.csv,OK,24
TOI-3071.csv,OK,24
TOI-375.csv,OK,24
Kepler-1096.csv,OK,24
Kepler-1082.csv,OK,24
HD_18599.csv,OK,24
TOI-762_A.csv,OK,24
Kepler-782.csv,OK,24
OGLE-TR-113.csv,OK,24
TOI-836.csv,OK,24
Kepler-1519.csv,OK,24
HD_231701.csv,OK,24
Kepler-219.csv,OK,24
Kepler-557.csv,OK,24
Kepler-1257.csv,OK,37
Kepler-1531.csv,OK,24
Kepler-231.csv,OK,24
HATS-72.csv,OK,24
HAT-P-53.csv,OK,24
Kepler-225.csv,OK,24
HATS-66.csv,OK,24
Kepler-1525.csv,OK,24
HD_181720.csv,OK,24
Kepler-1243.csv,OK,24
Kepler-543.csv,OK,24
V0391_Peg.csv,OK,24
TIC_260969020.csv,OK,24
TOI-2145.csv,OK,24
Kepler-1294.csv,OK,24
Kepler-594.csv,OK,24
HD_4308.csv,OK,24
OGLE-2018-BLG-1700L.csv,OK,24
MOA-2011-BLG-028L.csv,OK,24
Kepler-580.csv,OK,24
TOI-1470.csv,OK,24
HD_1502.csv,OK,24
Kepler-1280.csv,OK,37
TOI-5616.csv,OK,24
TOI-163.csv,OK,24
TOI-5789.csv,OK,24
Kepler-379.csv,OK,24
TOI-942.csv,OK,24
Kepler-1479.csv,OK,24
GJ_674.csv,OK,24
K2-248.csv,OK,24
Kepler-68.csv,OK,24
Kepler-423.csv,OK,24
K2-260.csv,OK,24
Kepler-40.csv,OK,24
Kepler-1323.csv,OK,24
Kepler-1445.csv,OK,24
Kepler-345.csv,OK,24
Kepler-351.csv,OK,24
Kepler-1451.csv,OK,24
Kepler-1337.csv,OK,24
Kepler-437.csv,OK,24
K2-274.csv,OK,24
Kepler-54.csv,OK,24
TOI-2025.csv,OK,24
WASP-158.csv,OK,24
HD_168009.csv,OK,24
HD_31527.csv,OK,24
TOI-7149.csv,OK,15
TOI-2019.csv,OK,24
TYC_3318-01333-1.csv,OK,24
HD_30177.csv,OK,24
Kepler-83.csv,OK,24
Kepler-386.csv,OK,24
NGTS-10.csv,OK,24
Kepler-1486.csv,OK,24
WASP-164.csv,OK,24
Kepler-1492.csv,OK,24
WASP-170.csv,OK,24
TOI-771.csv,OK,24
Kepler-392.csv,OK,24
Kepler-97.csv,OK,24
WASP-4.csv,OK,24
WASP-39.csv,OK,24
Kepler-1109.csv,OK,37
HD_143811_A.csv,OK,24
Kepler-609.csv,OK,24
HD_112570.csv,OK,24
Kepler-147.csv,OK,24
Kepler-1647.csv,OK,24
Kepler-1121.csv,OK,24
XO-5.csv,OK,24
Kepler-621.csv,OK,24
HD_16417.csv,OK,24
CoRoT-10.csv,OK,24
HD_4917.csv,OK,24
Kepler-635.csv,OK,24
WASP-11.csv,OK,24
Kepler-1135.csv,OK,24
Kepler-153.csv,OK,24
Kepler-1860.csv,OK,24
TOI-2227.csv,OK,24
TOI-6041.csv,OK,24
Kepler-806.csv,OK,24
K2-12.csv,OK,24
Kepler-812.csv,OK,24
Kepler-1874.csv,OK,24
HIP_99770.csv,OK,24
gam1_Leo.csv,OK,15
Kepler-1684.csv,OK,37
Kepler-184.csv,OK,24
HD_205739.csv,OK,24
TOI-201.csv,OK,24
Kepler-190.csv,OK,24
Kepler-1848.csv,OK,24
Kepler-1690.csv,OK,24
Kepler-838.csv,OK,24
TOI-1710.csv,OK,24
K2-38.csv,OK,24
Kepler-186.csv,OK,24
Kepler-1686.csv,OK,24
TOI-5210.csv,OK,24
Kepler-1692.csv,OK,37
Kepler-192.csv,OK,24
TOI-1062.csv,OK,24
Kepler-804.csv,OK,24
TOI-559.csv,OK,24
Kepler-1862.csv,OK,24
HD_21520.csv,OK,24
HD_17092.csv,OK,24
HD_126614.csv,OK,24
TOI-5238.csv,OK,24
Kepler-1876.csv,OK,24
TOI-4640.csv,OK,24
TOI-4898.csv,OK,24
Kepler-810.csv,OK,37
K2-10.csv,OK,24
HD_4732.csv,OK,24
OGLE-2016-BLG-1195L.csv,OK,24
Kepler-623.csv,OK,24
HD_18438.csv,OK,24
XO-7.csv,OK,24
Kepler-1123.csv,OK,24
Kepler-1645.csv,OK,24
Kepler-145.csv,OK,24
Kepler-151.csv,OK,24
Kepler-1651.csv,OK,24
Kepler-1137.csv,OK,24
WASP-13.csv,OK,24
Kepler-637.csv,OK,24
CoRoT-12.csv,OK,24
EPIC_211822797.csv,OK,24
TOI-6080.csv,OK,24
Kepler-179.csv,OK,24
GU_Psc.csv,OK,24
HD_93351.csv,OK,24
Gaia-4.csv,OK,24
Kepler-1679.csv,OK,24
WASP-6.csv,OK,24
TOI-2580.csv,OK,24
MOA-2010-BLG-117L.csv,OK,24
Kepler-1484.csv,OK,24
WASP-166.csv,OK,24
Kepler-384.csv,OK,24
NGTS-12.csv,OK,24
Kepler-81.csv,OK,24
HD_38529.csv,OK,24
Kepler-95.csv,OK,24
TOI-1260.csv,OK,24
Kepler-390.csv,OK,24
Kepler-1490.csv,OK,24
TOI-1248.csv,OK,24
DMPP-7.csv,OK,24
K2-289.csv,OK,24
TOI-6255.csv,OK,24
Kepler-347.csv,OK,24
2MASS_J01033563-5515561_A.csv,OK,24
Kepler-1447.csv,OK,24
Kepler-42.csv,OK,24
Kepler-421.csv,OK,24
Kepler-56.csv,OK,24
HD_156668.csv,OK,24
Kepler-435.csv,OK,24
K2-276.csv,OK,24
Kepler-1335.csv,OK,24
Kepler-1453.csv,OK,24
Kepler-353.csv,OK,24
BD49_828.csv,OK,24
TOI-4495.csv,OK,24
UCAC4_328-061594.csv,OK,24
PZ_Tel.csv,OK,24
Kepler-1309.csv,OK,24
Kepler-409.csv,OK,24
TOI-2796.csv,OK,24
TOI-954.csv,OK,24
TOI-1466.csv,OK,24
Kepler-596.csv,OK,24
HD_238914.csv,OK,24
Kepler-1296.csv,OK,24
TOI-5614.csv,OK,24
HD_220197.csv,OK,24
Kepler-1282.csv,OK,24
TOI-1472.csv,OK,24
Kepler-582.csv,OK,37
HD_9174.csv,OK,24
HATS-70.csv,OK,24
HAT-P-45.csv,OK,24
Kepler-233.csv,OK,24
TOI-808.csv,OK,24
Kepler-1533.csv,OK,24
Kepler-1255.csv,OK,24
Kepler-555.csv,OK,24
K2-316.csv,OK,24
OGLE-2019-BLG-0954L.csv,OK,24
Kepler-541.csv,OK,24
Kepler-1241.csv,OK,24
Kepler-1527.csv,OK,24
HATS-64.csv,OK,24
Kepler-227.csv,OK,24
HAT-P-51.csv,OK,24
HD_195019.csv,OK,24
Kepler-569.csv,OK,24
Kepler-1269.csv,OK,24
TIC_4672985.csv,OK,24
TOI-2184.csv,OK,24
KMT-2021-BLG-0171L.csv,OK,24
Kepler-1094.csv,OK,24
Kepler-794.csv,OK,24
OGLE-TR-111.csv,OK,24
HD_222582.csv,OK,24
Kepler-780.csv,OK,24
Kepler-958.csv,OK,24
TOI-1670.csv,OK,24
TOI-2379.csv,OK,24
Kepler-1080.csv,OK,24
Kepler-970.csv,OK,24
Kepler-1916.csv,OK,24
HD_65216.csv,OK,24
HD_141937.csv,OK,24
TOI-6651.csv,OK,24
Kepler-1902.csv,OK,24
OGLE-2019-BLG-1492L.csv,OK,24
TOI-2345.csv,OK,24
TOI-4734.csv,OK,24
TIC_434398831.csv,OK,24
Kepler-964.csv,OK,24
GJ_338_B.csv,OK,24
K2-114.csv,OK,24
Kepler-757.csv,OK,24
Kepler-1731.csv,OK,24
HR_8799.csv,OK,24
Kepler-1725.csv,OK,24
Kepler-1043.csv,OK,24
K2-100.csv,OK,24
Kepler-743.csv,OK,24
K2-128.csv,OK,24
TOI-6692.csv,OK,24
GJ_514.csv,OK,24
Kepler-1719.csv,OK,24
HD_106315.csv,OK,24
HD_144899.csv,OK,24
Kepler-1718.csv,OK,24
GJ_273.csv,OK,24
HD_95127.csv,OK,24
K2-129.csv,OK,24
KOI-2513.csv,OK,24
TOI-1842.csv,OK,24
HD_180617.csv,OK,24
61_Vir.csv,OK,24
HD_156279.csv,OK,24
Kepler-742.csv,OK,24
K2-101.csv,OK,24
Kepler-1042.csv,OK,24
Kepler-1056.csv,OK,24
Kepler-756.csv,OK,24
K2-115.csv,OK,24
Kepler-1730.csv,OK,24
Kepler-1903.csv,OK,24
Kepler-965.csv,OK,24
OGLE-2018-BLG-0799L.csv,OK,24
TOI-1659.csv,OK,24
HD_28471.csv,OK,24
Kepler-971.csv,OK,24
BD-10_3166.csv,OK,24
Kepler-1917.csv,OK,24
HD_29021.csv,OK,24
TOI-1117.csv,OK,24
HD_64121.csv,OK,24
Kepler-1081.csv,OK,24
Kepler-959.csv,OK,24
Kepler-781.csv,OK,24
Kepler-795.csv,OK,24
Kepler-1095.csv,OK,24
KOI-1783.csv,OK,24
TOI-3714.csv,OK,24
HD_95872.csv,OK,24
LHS_1678.csv,OK,24
HD_104067.csv,OK,24
HATS-59.csv,OK,24
HD_18015.csv,OK,24
Kepler-1268.csv,OK,24
8_UMi.csv,OK,24
Kepler-568.csv,OK,24
Kepler-1240.csv,OK,24
KMT-2016-BLG-0212L.csv,OK,24
Kepler-540.csv,OK,24
HAT-P-50.csv,OK,24
Kepler-226.csv,OK,24
HATS-65.csv,OK,24
Kepler-1526.csv,OK,24
Kepler-1532.csv,OK,24
HD_103720.csv,OK,24
Kepler-232.csv,OK,24
HAT-P-44.csv,OK,24
HATS-71.csv,OK,24
K2-317.csv,OK,24
Kepler-554.csv,OK,24
Kepler-1254.csv,OK,24
OGLE-TR-56.csv,OK,24
OGLE-2007-BLG-349L_A.csv,OK,24
TOI-2152.csv,OK,24
Kepler-583.csv,OK,24
Kepler-1283.csv,OK,24
HD_11964.csv,OK,24
TOI-1301.csv,OK,24
Kepler-1297.csv,OK,24
Kepler-597.csv,OK,24
TOI-1467.csv,OK,24
Kepler-408.csv,OK,24
Kepler-1308.csv,OK,24
HD_15337.csv,OK,24
14_And.csv,OK,24
TOI-941.csv,OK,24
TOI-799.csv,OK,24
Kepler-1334.csv,OK,24
K2-277.csv,OK,24
Kepler-434.csv,OK,24
Kepler-57.csv,OK,24
Kepler-352.csv,OK,24
TOI-969.csv,OK,24
GJ_887.csv,OK,24
Kepler-1452.csv,OK,24
G_196-3.csv,OK,24
Kepler-1446.csv,OK,24
Kepler-346.csv,OK,24
K2-263.csv,OK,24
Kepler-43.csv,OK,24
Kepler-1320.csv,OK,37
TOI-4443.csv,OK,24
HD_219139.csv,OK,24
LHS_1903.csv,OK,24
TOI-1249.csv,OK,24
DMPP-6.csv,OK,24
HD_209458.csv,OK,24
Kepler-94.csv,OK,24
iot_Dra.csv,OK,24
TOI-2768.csv,OK,24
Kepler-1491.csv,OK,37
TOI-5007.csv,OK,24
Kepler-391.csv,OK,24
BD+05_4868_A.csv,OK,24
NGTS-13.csv,OK,24
Kepler-385.csv,OK,24
WASP-167.csv,OK,24
Kepler-1485.csv,OK,24
HD_125136.csv,OK,24
HD_173416.csv,OK,24
HD_1461.csv,OK,24
KOI-94.csv,OK,24
Kepler-80.csv,OK,24
HD_5388.csv,OK,24
HD_135872.csv,OK,15
WASP-7.csv,OK,24
Kepler-1678.csv,OK,24
Gaia-5.csv,OK,24
Kepler-178.csv,OK,24
Kepler-1650.csv,OK,24
Kepler-1888.csv,OK,24
Kepler-150.csv,OK,24
CoRoT-13.csv,OK,24
Kepler-636.csv,OK,24
WASP-12.csv,OK,24
Kepler-1136.csv,OK,24
Kepler-1122.csv,OK,24
XO-6.csv,OK,24
Kepler-622.csv,OK,24
OGLE-2014-BLG-0319L.csv,OK,24
Kepler-144.csv,OK,24
HD_63935.csv,OK,24
Kepler-1644.csv,OK,24
EPIC_201497682.csv,OK,24
Kepler-1877.csv,OK,24
TOI-4127.csv,OK,24
K2-11.csv,OK,24
TOI-1739.csv,OK,24
Kepler-811.csv,OK,24
TOI-4641.csv,OK,24
HD_73267.csv,OK,24
TCP_J050742642447555.csv,OK,15
Kepler-805.csv,OK,24
Kepler-1863.csv,OK,24
TOI-3884.csv,OK,24
TOI-558.csv,OK,24
Kepler-193.csv,OK,24
TOI-5205.csv,OK,24
Kepler-1693.csv,OK,24
TOI-216.csv,OK,24
DENIS-P_J082303.1-491201.csv,OK,24
Luhman_16_A.csv,OK,24
K2-39.csv,OK,24
Kepler-839.csv,OK,24
WD_0806-661.csv,OK,24
TOI-564.csv,OK,24
Kepler-1687.csv,OK,24
OGLE-2012-BLG-0950L.csv,OK,24
Kepler-187.csv,OK,24
K2-62.csv,OK,24
Kepler-862.csv,OK,24
TOI-2525.csv,OK,24
HD_33142.csv,OK,24
Kepler-1810.csv,OK,24
Kepler-876.csv,OK,24
TOI-2257.csv,OK,24
HD_191806.csv,OK,24
TOI-1776.csv,OK,24
Kepler-686.csv,OK,24
Kepler-1186.csv,OK,24
Kepler-1838.csv,OK,24
Kepler-1192.csv,OK,24
HD_60532.csv,OK,24
Kepler-692.csv,OK,37
Kepler-679.csv,OK,24
TOI-1789.csv,OK,24
Kepler-1179.csv,OK,24
alf_Ari.csv,OK,15
WASP-49.csv,OK,24
Kepler-1145.csv,OK,24
WASP-61.csv,OK,24
HD_108202.csv,OK,24
Kepler-645.csv,OK,24
HD_169830.csv,OK,24
OGLE-2007-BLG-368L.csv,OK,24
Kepler-123.csv,OK,24
HD_125390.csv,OK,24
Kepler-1623.csv,OK,37
Kepler-1637.csv,OK,24
Kepler-137.csv,OK,24
Kepler-651.csv,OK,24
K2-89.csv,OK,24
Kepler-889.csv,OK,24
Kepler-1151.csv,OK,24
KELT-16.csv,OK,24
WASP-75.csv,OK,24
HD_134060.csv,OK,24
HD_141399.csv,OK,24
TOI-4342.csv,OK,24
WASP-100.csv,OK,24
Kepler-1384.csv,OK,24
Kepler-484.csv,OK,24
Kepler-490.csv,OK,24
Kepler-1390.csv,OK,24
WASP-114.csv,OK,24
TrES-4.csv,OK,24
TOI-715.csv,OK,24
TIC_172900988_Aa.csv,OK,24
HD_95544.csv,OK,24
HD_221416.csv,OK,24
TOI-4145_A.csv,OK,24
Kepler-18.csv,OK,24
K2-238.csv,OK,24
HD_177830.csv,OK,24
TOI-2096.csv,OK,24
Kepler-1409.csv,OK,24
BD+48_738.csv,OK,24
Kepler-309.csv,OK,24
Kepler-1421.csv,OK,24
Kepler-321.csv,OK,24
LHS_3154.csv,OK,24
Kepler-24.csv,OK,24
K2-204.csv,OK,24
Kepler-447.csv,OK,24
Kepler-1347.csv,OK,24
Kepler-1353.csv,OK,24
Kepler-30.csv,OK,24
K2-210.csv,OK,24
Kepler-453.csv,OK,24
Kepler-335.csv,OK,24
Kepler-1435.csv,OK,24
TOI-5882.csv,OK,24
Kepler-296.csv,OK,24
Kepler-1596.csv,OK,24
TOI-4578.csv,OK,24
TOI-2109.csv,OK,24
HD_77338.csv,OK,24
Kepler-1582.csv,OK,24
Kepler-282.csv,OK,24
TIC_88692598.csv,OK,24
HD_79498.csv,OK,24
Kepler-269.csv,OK,24
HD_180314.csv,OK,24
Kepler-1569.csv,OK,24
K2-358.csv,OK,24
KOI-217.csv,OK,24
Kepler-1555.csv,OK,24
HATS-16.csv,OK,24
K2-416.csv,OK,24
Kepler-255.csv,OK,37
HAT-P-23.csv,OK,24
K2-370.csv,OK,24
Kepler-533.csv,OK,24
Kepler-1233.csv,OK,24
HIP_71135.csv,OK,24
Kepler-1227.csv,OK,24
KOI-1257.csv,OK,24
Kepler-527.csv,OK,24
OGLE-2006-BLG-109L.csv,OK,24
K2-402.csv,OK,24
HAT-P-37.csv,OK,24
Kepler-241.csv,OK,24
Kepler-1541.csv,OK,24
TOI-2337.csv,OK,24
HIP_4845.csv,OK,24
Kepler-916.csv,OK,24
HATS-74_A.csv,OK,24
TOI-4034.csv,OK,24
Kepler-1964.csv,OK,24
TOI-2445.csv,OK,24
K2-199.csv,OK,24
Kepler-902.csv,OK,24
HD_85390.csv,OK,24
psi1_Dra_B.csv,OK,24
HD_3167.csv,OK,24
Kepler-1794.csv,OK,18
HD_155918.csv,OK,24
HD_128717.csv,OK,24
Kepler-1958.csv,OK,24
HD_164509.csv,OK,24
Kepler-1780.csv,OK,24
HIP_111909.csv,OK,24
HD_285968.csv,OK,24
HD_42618.csv,OK,24
TOI-4791.csv,OK,24
Kepler-1019.csv,OK,24
Kepler-719.csv,OK,24
TOI-4961.csv,OK,24
HD_187123.csv,OK,24
Kepler-1031.csv,OK,24
Kepler-731.csv,OK,24
K2-172.csv,OK,24
EPIC_212297394.csv,OK,24
Kepler-1757.csv,OK,24
HD_181234.csv,OK,24
Kepler-1743.csv,OK,24
Kepler-725.csv,OK,24
HD_141004.csv,OK,24
K2-166.csv,OK,24
Kepler-1025.csv,OK,24
HD_152079.csv,OK,24
Kepler-1742.csv,OK,24
Kepler-1024.csv,OK,24
GJ_229.csv,OK,24
Teegarden's_Star.csv,MISSING time,23
K2-167.csv,OK,24
Kepler-724.csv,OK,24
K2-173.csv,OK,24
Kepler-730.csv,OK,24
Kepler-1030.csv,OK,37
TIC_231949697.csv,OK,24
AF_Lep.csv,OK,24
HD_17156.csv,OK,24
Kepler-718.csv,OK,24
Kepler-1018.csv,OK,24
TOI-1824.csv,OK,24
OGLE-2016-BLG-0263L.csv,OK,24
HR_2562.csv,OK,24
Kepler-1959.csv,OK,24
TOI-5634_A.csv,OK,15
KOI-3680.csv,OK,24
GJ_9827.csv,OK,24
Kepler-1795.csv,OK,24
Kepler-1965.csv,OK,24
TOI-2322.csv,OK,24
HD_154391.csv,OK,24
Kepler-903.csv,OK,24
K2-198.csv,OK,24
KMT-2018-BLG-0029L.csv,OK,24
Kepler-917.csv,OK,24
TOI-4747.csv,OK,24
Kepler-526.csv,OK,24
Kepler-1226.csv,OK,24
Kepler-1540.csv,OK,24
Kepler-240.csv,OK,37
HAT-P-36.csv,OK,24
K2-403.csv,OK,24
HD_136925.csv,OK,24
HIP_63242.csv,OK,24
HAT-P-22.csv,OK,24
Kepler-254.csv,OK,24
K2-417.csv,OK,24
HATS-17.csv,OK,24
Kepler-1554.csv,OK,24
Kepler-1232.csv,OK,24
Kepler-532.csv,OK,24
K2-371.csv,OK,24
OGLE-2018-BLG-1269L.csv,OK,24
TIC_249022743.csv,OK,24
Kepler-1568.csv,OK,24
bet_UMi.csv,OK,15
Kepler-268.csv,OK,24
TYC_2187-512-1.csv,OK,24
V1298_Tau.csv,OK,24
HD_233832.csv,OK,24
NGC_2682_Sand_978.csv,OK,24
Kepler-283.csv,OK,24
HD_175607.csv,OK,24
HD_74156.csv,OK,24
Kepler-1583.csv,OK,24
HD_103949.csv,OK,24
Kepler-1597.csv,OK,24
TOI-674.csv,OK,24
Kepler-297.csv,OK,24
2MASS_J22501512+2325342.csv,OK,24
TOI-2120.csv,OK,24
TOI-4551.csv,OK,24
TOI-6420.csv,OK,24
L_98-59.csv,OK,24
HD_93083.csv,OK,24
HD_145934.csv,OK,24
TOI-2134.csv,OK,24
HD_139357.csv,OK,24
Kepler-452.csv,OK,24
K2-211.csv,OK,24
Kepler-31.csv,OK,24
Kepler-1352.csv,OK,24
HD_80606.csv,OK,24
HD_72490.csv,OK,24
Kepler-1434.csv,OK,24
Kepler-334.csv,OK,24
Kepler-320.csv,OK,24
Kepler-1420.csv,OK,37
Kepler-1346.csv,OK,24
HD_14067.csv,OK,24
TYC_1422-614-1.csv,OK,24
Kepler-446.csv,OK,24
K2-205.csv,OK,24
Kepler-25.csv,OK,24
GJ_163.csv,OK,24
Kepler-308.csv,OK,37
Kepler-1408.csv,OK,24
K2-239.csv,OK,24
Kepler-19.csv,OK,24
HD_216536.csv,OK,24
TOI-2267_B.csv,OK,24
HD_89839.csv,OK,24
Kepler-1391.csv,OK,24
TOI-2068.csv,OK,24
BEBOP-3.csv,OK,24
Kepler-491.csv,OK,24
TIC_153919886.csv,OK,24
TrES-5.csv,OK,24
TOI-700.csv,OK,24
WASP-101.csv,OK,24
Kepler-485.csv,OK,24
TOI-3362.csv,OK,24
HD_103197.csv,OK,24
Kepler-1385.csv,OK,24
TOI-5713.csv,OK,24
HD_20329.csv,OK,24
HD_213472.csv,OK,24
HD_5891.csv,OK,24
HD_153950.csv,OK,24
WASP-129.csv,OK,24
Kepler-136.csv,OK,24
Kepler-1636.csv,OK,37
HD_25912.csv,OK,24
WASP-74.csv,OK,24
KELT-17.csv,OK,24
HD_181433.csv,OK,24
Kepler-1150.csv,OK,24
HD_116029.csv,OK,24
Kepler-888.csv,OK,24
HD_131496.csv,OK,24
K2-88.csv,OK,24
Kepler-650.csv,OK,24
Kepler-644.csv,OK,24
WASP-60.csv,OK,24
Kepler-1144.csv,OK,24
Kepler-1622.csv,OK,24
Kepler-122.csv,OK,24
WASP-48.csv,OK,24
HD_81040.csv,OK,24
TOI-2295.csv,OK,24
Kepler-1178.csv,OK,24
Kepler-678.csv,OK,24
Kepler-693.csv,OK,24
TOI-270.csv,OK,24
Kepler-1193.csv,OK,24
HD_1605.csv,OK,24
Kepler-1187.csv,OK,24
COCONUTS-2_A.csv,OK,24
Kepler-687.csv,OK,24
TOI-1777.csv,OK,24
TOI-1011.csv,OK,24
Kepler-1839.csv,OK,24
HD_206255.csv,OK,24
TOI-2518.csv,OK,24
Kepler-1811.csv,OK,24
NGTS-6.csv,OK,24
Kepler-877.csv,OK,24
K2-77.csv,OK,24
Kepler-863.csv,OK,24
K2-63.csv,OK,24
tau_Gem.csv,OK,24
NGC_2682_YBP_1194.csv,OK,24
TOI-4633.csv,OK,24
TOI-4155.csv,OK,24
Kepler-1805.csv,OK,24
BD+42_2315.csv,OK,24
TOI-2524.csv,OK,24
K2-75.csv,OK,24
Kepler-875.csv,OK,24
NGTS-4.csv,OK,24
WASP-89.csv,OK,24
Kepler-1813.csv,OK,24
HD_25723.csv,OK,24
Kepler-1807.csv,OK,24
K2-61.csv,OK,24
TOI-1749.csv,OK,24
Kepler-861.csv,OK,37
Kepler-1191.csv,OK,24
K2-49.csv,OK,24
Kepler-849.csv,OK,24
Kepler-691.csv,OK,24
TOI-5261.csv,OK,24
TOI-500.csv,OK,24
TOI-1775.csv,OK,24
Kepler-685.csv,OK,24
HD_135625.csv,OK,24
Kepler-1185.csv,OK,24
Kepler-108.csv,OK,24
TOI-3837.csv,OK,24
Kepler-1608.csv,OK,24
HD_88072.csv,OK,24
GJ_411.csv,OK,24
Kepler-652.csv,OK,24
Kepler-1152.csv,OK,24
WASP-76.csv,OK,24
KELT-15.csv,OK,24
Kepler-1634.csv,OK,24
OGLE-2017-BLG-1522L.csv,OK,24
Kepler-134.csv,OK,24
HD_20868.csv,OK,24
Kepler-120.csv,OK,24
Kepler-1620.csv,OK,24
Kepler-1146.csv,OK,24
WASP-62.csv,OK,24
Kepler-646.csv,OK,24
HD_75302.csv,OK,24
HD_132406.csv,OK,24
GJ_676_A.csv,OK,24
WASP-117.csv,OK,24
Kepler-493.csv,OK,24
Kepler-1393.csv,OK,24
HD_87816.csv,OK,24
Kepler-1387.csv,OK,24
HD_216520.csv,OK,24
Kepler-487.csv,OK,24
HD_111591.csv,OK,24
KMT-2016-BLG-1107L.csv,OK,24
TOI-2095.csv,OK,24
TOI-2081.csv,OK,24
Kepler-1378.csv,OK,24
Kepler-478.csv,OK,15
HD_83443.csv,OK,24
Kepler-336.csv,OK,24
Kepler-1436.csv,OK,24
Kepler-1350.csv,OK,24
HD_96700.csv,OK,24
Kepler-33.csv,OK,24
Kepler-450.csv,OK,24
K2-213.csv,OK,24
HD_148427.csv,OK,16
Kepler-27.csv,OK,24
Kepler-444.csv,OK,24
K2-207.csv,OK,24
Kepler-1344.csv,OK,24
Kepler-1422.csv,OK,24
OGLE-2013-BLG-0132L.csv,OK,24
Kepler-322.csv,OK,24
HIP_74890.csv,OK,24
eps_Eri.csv,OK,24
K2-398.csv,OK,24
TOI-2136.csv,OK,24
TOI-892.csv,OK,24
Kepler-1581.csv,OK,24
OGLE-2014-BLG-1722L.csv,OK,24
KMT-2019-BLG-1953L.csv,OK,24
Kepler-295.csv,OK,24
Kepler-1595.csv,OK,24
Kepler-518.csv,OK,24
Kepler-1218.csv,OK,24
CD-35_2722.csv,OK,24
TOI-6393.csv,OK,24
HATS-29.csv,OK,24
DMPP-3_A.csv,OK,24
HAT-P-34.csv,OK,24
Kepler-242.csv,OK,24
K2-401.csv,OK,24
KELT-23_A.csv,OK,24
Kepler-1542.csv,OK,24
HD_75289.csv,OK,24
Kepler-1224.csv,OK,24
OGLE-2017-BLG-1099L.csv,OK,24
Kepler-524.csv,OK,24
K2-367.csv,OK,24
Kepler-530.csv,OK,24
K2-373.csv,OK,24
Kepler-1230.csv,OK,24
Kepler-1556.csv,OK,24
HATS-15.csv,OK,24
HAT-P-20.csv,OK,24
K2-415.csv,OK,24
GJ_1289.csv,OK,24
Kepler-901.csv,OK,24
1RXS_J160929.1-210524.csv,OK,24
Kepler-1967.csv,OK,24
TOI-3980.csv,OK,24
Kepler-915.csv,OK,24
HD_205158.csv,OK,24
TOI-1173.csv,OK,24
Kepler-1783.csv,OK,24
HD_102843.csv,OK,24
TOI-5301.csv,OK,24
TIC_365102760.csv,OK,24
HD_70642.csv,OK,24
Kepler-929.csv,OK,37
TOI-1601.csv,OK,24
UCAC3_113-933.csv,OK,24
K2-159.csv,OK,24
HD_192263.csv,OK,24
TOI-2485.csv,OK,24
Kepler-1768.csv,OK,24
HIP_10090.csv,OK,24
TOI-3984_A.csv,OK,24
K2-165.csv,OK,24
Kepler-726.csv,OK,24
HD_125595.csv,OK,24
Kepler-1026.csv,OK,24
Kepler-1740.csv,OK,24
Kepler-1998.csv,OK,24
Kepler-1754.csv,OK,24
OGLE-2003-BLG-235L.csv,OK,24
Kepler-1032.csv,OK,24
K2-171.csv,OK,24
Kepler-732.csv,OK,24
Kepler-1755.csv,OK,24
Kepler-733.csv,OK,24
K2-170.csv,OK,24
Kepler-1033.csv,OK,24
Kepler-1027.csv,OK,24
Kepler-727.csv,OK,24
K2-164.csv,OK,24
HIP_65426.csv,OK,24
Kepler-1999.csv,OK,24
Kepler-1741.csv,OK,24
TOI-1199.csv,OK,24
GJ_2030.csv,OK,24
KOI-7368.csv,OK,24
Kepler-1769.csv,OK,24
HD_154345.csv,OK,24
K2-158.csv,OK,24
HD_102117.csv,OK,24
HD_23596.csv,OK,24
2MASS_J03590986+2009361.csv,OK,24
TOI-5300.csv,OK,24
KMT-2017-BLG-2509L.csv,OK,24
Kepler-928.csv,OK,24
HD_168443.csv,OK,24
gam_Psc.csv,OK,24
Kepler-1782.csv,OK,24
TOI-2453.csv,OK,24
Kepler-1972.csv,OK,24
Kepler-914.csv,OK,24
mu_Leo.csv,OK,24
Kepler-900.csv,OK,24
TOI-2447.csv,OK,24
HD_62509.csv,OK,15
HD_122562.csv,OK,24
Kepler-1966.csv,OK,24
Kepler-1231.csv,OK,24
K2-372.csv,OK,24
GJ_1061.csv,OK,24
Kepler-531.csv,OK,24
HD_127195.csv,OK,24
EPIC_229004835.csv,OK,24
K2-414.csv,OK,24
HAT-P-21.csv,OK,24
Kepler-257.csv,OK,24
HATS-14.csv,OK,24
Kepler-1557.csv,OK,37
HD_143361.csv,OK,24
TOI-2876.csv,OK,24
Kepler-1543.csv,OK,24
K2-400.csv,OK,24
Kepler-243.csv,OK,24
HAT-P-35.csv,OK,24
K2-366.csv,OK,24
Kepler-525.csv,OK,24
HD_102329.csv,OK,24
Kepler-1225.csv,OK,37
HATS-28.csv,OK,24
GJ_3138.csv,OK,24
Kepler-1219.csv,OK,24
TIC_294329732.csv,OK,24
Kepler-519.csv,OK,24
Kepler-1594.csv,OK,24
TOI-677.csv,OK,24
HD_26161.csv,OK,24
Kepler-294.csv,OK,24
Kepler-280.csv,OK,24
Kepler-1580.csv,OK,24
TOI-663.csv,OK,24
TOI-1416.csv,OK,24
HS_Psc.csv,OK,24
kap_And.csv,OK,24
TOI-139.csv,OK,24
TOI-4552.csv,OK,24
HD_210193.csv,OK,24
Kepler-1345.csv,OK,24
K2-206.csv,OK,24
Kepler-445.csv,OK,24
Kepler-26.csv,OK,24
TIC_62895484.csv,OK,24
Kepler-323.csv,OK,24
HIP_35173.csv,OK,24
Kepler-1423.csv,OK,24
Kepler-1437.csv,OK,24
Kepler-337.csv,OK,24
K2-212.csv,OK,24
Kepler-32.csv,OK,24
Kepler-1351.csv,OK,24
OGLE-2017-BLG-0173L.csv,OK,24
2MASS_J01225093-2439505.csv,OK,24
Kepler-479.csv,OK,24
HD_47366.csv,OK,24
Kepler-1379.csv,OK,37
HD_184010.csv,OK,24
TOI-2094.csv,OK,24
HD_128311.csv,OK,24
Kepler-1386.csv,OK,24
TOI-5076.csv,OK,24
WASP-102.csv,OK,24
TOI-2719.csv,OK,24
HD_192699.csv,OK,24
WASP-116.csv,OK,24
TOI-2267_A.csv,OK,24
Kepler-1392.csv,OK,24
TOI-5704.csv,OK,24
HD_166724.csv,OK,24
HD_37124.csv,OK,24
TOI-1238.csv,OK,24
TIC_88785435.csv,OK,24
Kepler-1621.csv,OK,24
HD_181342.csv,OK,24
Kepler-121.csv,OK,24
Kepler-647.csv,OK,24
WASP-63.csv,OK,24
Kepler-1147.csv,OK,24
KELT-14.csv,OK,24
Kepler-1153.csv,OK,24
Kepler-653.csv,OK,24
Kepler-135.csv,OK,24
HD_148156.csv,OK,24
Kepler-1635.csv,OK,24
HD_89345.csv,OK,24
gam_Cep.csv,OK,24
Kepler-1609.csv,OK,24
Kepler-109.csv,OK,24
Kepler-1184.csv,OK,24
Kepler-684.csv,OK,24
TOI-1774.csv,OK,24
Kepler-690.csv,OK,37
Kepler-848.csv,OK,24
HD_66141.csv,OK,24
K2-48.csv,OK,24
Kepler-1190.csv,OK,24
Kepler-1806.csv,OK,24
TOI-4156.csv,OK,24
Kepler-860.csv,OK,24
K2-60.csv,OK,24
WASP-88.csv,OK,24
NGTS-5.csv,OK,24
Kepler-874.csv,OK,24
K2-74.csv,OK,24
Kepler-1812.csv,OK,24
2MASS_J11550485-7919108.csv,OK,24
TOI-277.csv,OK,24
TOI-5502.csv,OK,24
Kepler-1194.csv,OK,24
Kepler-694.csv,OK,24
Kepler-858.csv,OK,24
K2-58.csv,OK,24
Kepler-680.csv,OK,24
Kepler-1180.csv,OK,24
TOI-2537.csv,OK,24
Kepler-1816.csv,OK,24
TOI-3629.csv,OK,24
HATS-37_A.csv,OK,24
TOI-1758.csv,OK,24
Kepler-870.csv,OK,24
K2-70.csv,OK,24
NGTS-1.csv,OK,24
WASP-98.csv,OK,24
Kepler-864.csv,OK,24
K2-64.csv,OK,24
TOI-1994.csv,OK,24
Kepler-1631.csv,OK,37
Kepler-131.csv,OK,24
BD20_594.csv,OK,24
Kepler-657.csv,OK,24
Kepler-1157.csv,OK,24
WASP-73.csv,OK,24
KELT-10.csv,OK,24
Kepler-1143.csv,OK,24
WASP-67.csv,OK,24
Kepler-643.csv,OK,24
HD_147513.csv,OK,24
Kepler-125.csv,OK,24
HD_199509.csv,OK,24
Kepler-1625.csv,OK,37
HD_183579.csv,OK,24
HD_86728.csv,OK,24
HD_224018.csv,OK,24
GJ_9773.csv,OK,24
Kepler-1619.csv,OK,24
Kepler-119.csv,OK,24
Kepler-496.csv,OK,24
Kepler-1396.csv,OK,24
TrES-2.csv,OK,24
LkCa_15.csv,OK,24
TOI-707.csv,OK,24
WASP-106.csv,OK,24
Kepler-1382.csv,OK,24
Kepler-482.csv,OK,24
HD_133131_A.csv,OK,24
HD_82943.csv,OK,24
TIC_9344899.csv,OK,24
TOI-5728.csv,OK,24
Kepler-1355.csv,OK,24
Kepler-36.csv,OK,24
BD42_2315.csv,OK,24
K2-216.csv,OK,24
Kepler-333.csv,OK,24
Kepler-1433.csv,OK,24
HD_96063.csv,OK,24
TOI-908.csv,OK,24
HD_86264.csv,OK,24
Kepler-1427.csv,OK,37
Kepler-327.csv,OK,24
Kepler-22.csv,OK,24
Kepler-441.csv,OK,24
Kepler-1341.csv,OK,24
Kepler-1369.csv,OK,24
HD_7924.csv,OK,24
HATS-9.csv,OK,24
HR_5183.csv,OK,24
HD_94890.csv,OK,24
HD_110113.csv,OK,24
HIP_39017.csv,OK,24
TOI-2084.csv,OK,24
KELT-9.csv,OK,24
Kepler-1584.csv,OK,24
Kepler-284.csv,OK,24
Kepler-290.csv,OK,24
Kepler-1590.csv,OK,24
TOI-2669.csv,OK,24
TOI-2641.csv,OK,24
TOI-883.csv,OK,24
HD_132563.csv,OK,24
rho_CrB.csv,OK,24
K2-389.csv,OK,24
TOI-2133.csv,OK,24
Kepler-1221.csv,OK,24
Kepler-521.csv,OK,24
HAT-P-31.csv,OK,24
Kepler-247.csv,OK,24
K2-404.csv,OK,24
Kepler-1547.csv,OK,24
Kepler-1553.csv,OK,37
HATS-10.csv,OK,24
Kepler-253.csv,OK,24
HAT-P-25.csv,OK,24
Kepler-535.csv,OK,24
K2-376.csv,OK,24
Kepler-1235.csv,OK,24
HATS-38.csv,OK,24
HAT-P-19.csv,OK,24
HD_110067.csv,OK,24
HIP_9618.csv,OK,24
Kepler-1209.csv,OK,24
Kepler-509.csv,OK,24
OGLE-2018-BLG-0567L.csv,OK,24
Kepler-1786.csv,OK,24
KMT-2017-BLG-0165L.csv,OK,24
Kepler-938.csv,OK,24
KMT-2019-BLG-0953L.csv,OK,24
FU_Tau.csv,OK,24
Kepler-1792.csv,OK,24
HIP_8923.csv,OK,24
Kepler-1962.csv,OK,24
HD_7449.csv,OK,24
TOI-2443.csv,OK,24
USco1621_A.csv,OK,24
Kepler-904.csv,OK,24
Kepler-910.csv,OK,24
HIP_113103.csv,OK,24
Kepler-1976.csv,OK,24
Kepler-1745.csv,OK,24
K2-160.csv,OK,24
Kepler-723.csv,OK,24
Kepler-1023.csv,OK,24
Kepler-1037.csv,OK,24
GJ_3470.csv,OK,24
K2-174.csv,OK,24
Kepler-737.csv,OK,24
HD_50554.csv,OK,24
MOA-2011-BLG-262L.csv,OK,24
Kepler-1751.csv,OK,24
Kepler-1989.csv,OK,37
Kepler-1779.csv,OK,24
HD_200964.csv,OK,24
HD_97037.csv,OK,24
TOI-5489.csv,OK,24
HD_112300.csv,OK,15
TOI-1823.csv,OK,24
K2-148.csv,OK,24
HD_142245.csv,OK,15
Wendelstein-1.csv,OK,24
K2-149.csv,OK,24
Kepler-1778.csv,OK,24
TOI-1836.csv,OK,24
HD_208487.csv,OK,24
Kepler-736.csv,OK,24
K2-175.csv,OK,24
Kepler-1036.csv,OK,24
KOI-984.csv,OK,24
Kepler-1988.csv,OK,24
Kepler-1750.csv,OK,24
OGLE-2016-BLG-0613L_AB.csv,OK,24
Kepler-1744.csv,OK,24
Kepler-1022.csv,OK,24
bet_Pic.csv,OK,24
Kepler-722.csv,OK,37
K2-161.csv,OK,24
Kepler-911.csv,OK,24
Kepler-1977.csv,OK,24
Kepler-1963.csv,OK,24
Kepler-905.csv,OK,24
HIP_109600.csv,OK,24
TOI-470.csv,OK,24
Kepler-1787.csv,OK,24
TIC_257060897.csv,OK,24
Kepler-939.csv,OK,37
HAT-P-18.csv,OK,24
GJ_9404.csv,OK,24
HD_168863.csv,OK,24
Kepler-508.csv,OK,24
Kepler-1208.csv,OK,37
EPIC_201238110.csv,OK,24
KMT-2018-BLG-1025L.csv,OK,24
HATS-39.csv,OK,24
K2-411.csv,OK,24
HAT-P-24.csv,OK,24
Kepler-252.csv,OK,24
HATS-11.csv,OK,24
Kepler-1552.csv,OK,24
HD_98649.csv,OK,24
HD_188015.csv,OK,24
Kepler-1234.csv,OK,24
HD_89744.csv,OK,24
K2-377.csv,OK,24
Kepler-534.csv,OK,24
Kepler-520.csv,OK,24
Kepler-1220.csv,OK,24
HD_104985.csv,OK,24
Kepler-1546.csv,OK,24
K2-405.csv,OK,24
Kepler-246.csv,OK,24
HAT-P-30.csv,OK,24
OGLE-2017-BLG-0373L.csv,OK,24
WASP-173_A.csv,OK,24
TOI-2654.csv,OK,24
TOI-128.csv,OK,24
K2-388.csv,OK,24
HD_109286.csv,OK,24
TOI-672.csv,OK,24
ome_Ser.csv,OK,24
Kepler-1591.csv,OK,24
TOI-1937_A.csv,OK,24
Kepler-291.csv,OK,24
LP_714-47.csv,OK,24
ZTF_J1230-2655.csv,OK,24
TIC_349520724.csv,OK,24
HD_175167.csv,OK,24
KELT-8.csv,OK,24
Kepler-285.csv,OK,24
TOI-5386_A.csv,OK,24
Kepler-1585.csv,OK,37
TYC_0434-04538-1.csv,OK,24
TOI-921.csv,OK,24
KIC_3526061.csv,OK,24
Kepler-1368.csv,OK,37
TOI-5926.csv,OK,24
Kepler-468.csv,OK,24
HD_2685.csv,OK,24
HATS-8.csv,OK,24
Kepler-326.csv,OK,24
Kepler-1426.csv,OK,24
Kepler-1340.csv,OK,24
K2-203.csv,OK,24
Kepler-440.csv,OK,24
Kepler-23.csv,OK,24
K2-217.csv,OK,24
Kepler-454.csv,OK,24
Kepler-37.csv,OK,24
Kepler-1354.csv,OK,24
Kepler-1432.csv,OK,24
Kepler-332.csv,OK,24
HD_6434.csv,OK,24
TOI-2046.csv,OK,24
WASP-85_A.csv,OK,24
WASP-107.csv,OK,24
Kepler-483.csv,OK,24
TOI-3364.csv,OK,24
OGLE-2014-BLG-0124L.csv,OK,24
Kepler-1383.csv,OK,24
Kepler-1397.csv,OK,24
Kepler-497.csv,OK,37
TOI-1201.csv,OK,24
WASP-113.csv,OK,24
TrES-3.csv,OK,24
TOI-712.csv,OK,24
TOI-4379.csv,OK,24
Kepler-118.csv,OK,37
Kepler-1618.csv,OK,24
HD_189733.csv,OK,24
TOI-4184.csv,OK,24
KMT-2019-BLG-1339L.csv,OK,24
GJ_367.csv,OK,24
Kepler-642.csv,OK,24
Wolf_327.csv,OK,24
WASP-66.csv,OK,24
Kepler-1142.csv,OK,24
Kepler-1624.csv,OK,24
Kepler-124.csv,OK,24
Kepler-130.csv,OK,24
Kepler-1630.csv,OK,24
Ross_508.csv,OK,24
KELT-11.csv,OK,24
WASP-72.csv,OK,24
Kepler-1156.csv,OK,24
HD_111998.csv,OK,24
Kepler-656.csv,OK,24
K2-65.csv,OK,24
Kepler-865.csv,OK,24
WASP-99.csv,OK,24
TOI-4153.csv,OK,24
Kepler-1817.csv,OK,24
HIP_41378.csv,OK,24
K2-71.csv,OK,24
TOI-1759.csv,OK,24
Kepler-871.csv,OK,37
Kepler-1181.csv,OK,24
TOI-262.csv,OK,24
HD_219415.csv,OK,24
Kepler-681.csv,OK,24
K2-59.csv,OK,24
Kepler-859.csv,OK,24
51_Eri.csv,OK,24
TIC_87422071.csv,OK,24
Kepler-695.csv,OK,24
Kepler-1195.csv,OK,24
Kepler-683.csv,OK,24
TOI-5515.csv,OK,24
TOI-260.csv,OK,24
Kepler-1183.csv,OK,24
HD_187085.csv,OK,24
Kepler-1197.csv,OK,24
TOI-6008.csv,OK,24
Kepler-697.csv,OK,24
TOI-512.csv,OK,24
Kepler-1829.csv,OK,24
HD_240210.csv,OK,24
Kepler-1801.csv,OK,24
Kepler-867.csv,OK,24
HD_126105.csv,OK,16
Kepler-873.csv,OK,24
TOI-6034.csv,OK,24
K2-73.csv,OK,24
NGTS-2.csv,OK,24
HIP_107773.csv,OK,24
Kepler-1815.csv,OK,24
HIP_94235.csv,OK,24
2MASS_J0249-0557_A.csv,OK,24
Kepler-126.csv,OK,24
Kepler-1626.csv,OK,24
HD_86065.csv,OK,24
TOI-3819.csv,OK,24
Kepler-1140.csv,OK,24
WASP-64.csv,OK,24
HD_207832.csv,OK,24
Kepler-640.csv,OK,24
Kepler-898.csv,OK,24
K2-98.csv,OK,24
Kepler-654.csv,OK,24
Kepler-1154.csv,OK,24
Kepler-1632.csv,OK,24
G_9-40.csv,OK,24
HD_60292.csv,OK,24
Kepler-132.csv,OK,24
HIP_66074.csv,OK,24
GJ_414_A.csv,OK,24
TOI-2285.csv,OK,24
WASP-58.csv,OK,24
Kepler-1168.csv,OK,24
Kepler-668.csv,OK,24
TOI-1798.csv,OK,24
KMT-2021-BLG-1547L.csv,OK,24
HIP_116454.csv,OK,24
Kepler-1381.csv,OK,24
Kepler-481.csv,OK,24
ROXs_12.csv,OK,24
GJ_832.csv,OK,24
WASP-105.csv,OK,24
TrES-1.csv,OK,24
TOI-1203.csv,OK,24
Kepler-495.csv,OK,24
Kepler-1395.csv,OK,24
WASP-139.csv,OK,24
EPIC_201757695.csv,OK,24
HD_133131_B.csv,OK,24
HD_27442.csv,OK,24
Kepler-21.csv,OK,24
K2-201.csv,OK,24
Kepler-442.csv,OK,24
Kepler-1342.csv,OK,24
Kepler-1424.csv,OK,24
Kepler-324.csv,OK,24
HD_111232.csv,OK,24
Kepler-330.csv,OK,24
Kepler-1430.csv,OK,24
Kepler-1356.csv,OK,37
Kepler-35.csv,OK,24
K2-215.csv,OK,24
HIP_14810.csv,OK,24
HD_102272.csv,OK,24
2MASS_J193832604603591.csv,OK,24
Kepler-318.csv,OK,24
Kepler-1418.csv,OK,24
K2-229.csv,OK,24
TOI-5688_A.csv,OK,24
HD_13724.csv,OK,24
TOI-2093.csv,OK,24
BD-06_1339.csv,OK,24
Kepler-293.csv,OK,24
Kepler-1593.csv,OK,37
Kepler-1587.csv,OK,24
Kepler-287.csv,OK,24
TOI-1411.csv,OK,24
TOI-1439.csv,OK,24
HIP_54373.csv,OK,24
LHS_1815.csv,OK,24
TOI-880.csv,OK,24
HIP_86221.csv,OK,24
K2-375.csv,OK,24
Kepler-536.csv,OK,24
Kepler-1236.csv,OK,37
Kepler-1550.csv,OK,24
HATS-13.csv,OK,24
K2-413.csv,OK,24
Kepler-250.csv,OK,24
HAT-P-26.csv,OK,24
K2-407.csv,OK,24
HD_39091.csv,OK,24
HAT-P-32.csv,OK,24
Kepler-244.csv,OK,24
Kepler-1544.csv,OK,24
Kepler-1222.csv,OK,24
LHS_1140.csv,OK,24
Kepler-522.csv,OK,24
VHS_J125601.92-125723.9.csv,OK,24
TOI-4582.csv,OK,24
K2-349.csv,OK,24
HD_185269.csv,OK,24
HD_45364.csv,OK,24
Kepler-1578.csv,OK,24
Kepler-278.csv,OK,24
Kepler-1949.csv,OK,24
Kepler-1791.csv,OK,24
TOI-7510.csv,OK,24
K2-188.csv,OK,24
Kepler-913.csv,OK,37
Kepler-907.csv,OK,24
Kepler-1961.csv,OK,24
Kepler-1752.csv,OK,24
Kepler-1034.csv,OK,24
GJ_3473.csv,OK,24
Kepler-734.csv,OK,24
K2-177.csv,OK,24
Kepler-720.csv,OK,24
Kepler-1020.csv,OK,15
Kepler-1746.csv,OK,24
TOI-2497.csv,OK,24
Wendelstein-2.csv,OK,24
TOI-1820.csv,OK,24
Kepler-708.csv,OK,37
Kepler-1008.csv,OK,24
TOI-4794.csv,OK,24
Kepler-1009.csv,OK,24
Kepler-709.csv,OK,24
Kepler-1021.csv,OK,24
TIC_86380416.csv,OK,24
K2-162.csv,OK,24
Kepler-721.csv,OK,24
Kepler-1747.csv,OK,24
Kepler-1753.csv,OK,24
GJ_1265.csv,OK,24
K2-176.csv,OK,24
Kepler-735.csv,OK,24
GJ_238.csv,OK,24
Kepler-1035.csv,OK,24
Kepler-906.csv,OK,24
HD_159868.csv,OK,24
Kepler-1960.csv,OK,24
TOI-4030.csv,OK,24
HD_68988.csv,OK,24
Kepler-912.csv,OK,24
K2-189.csv,OK,24
TOI-329.csv,OK,24
Kepler-1784.csv,OK,24
TOI-1174.csv,OK,24
Kepler-1790.csv,OK,24
Kepler-1948.csv,OK,24
HD_177565.csv,OK,24
OGLE-2015-BLG-1649L.csv,OK,24
HD_235088.csv,OK,24
Kepler-279.csv,OK,24
OGLE-2017-BLG-0406L.csv,OK,24
Kepler-1579.csv,OK,24
HD_109246.csv,OK,24
HD_233604.csv,OK,24
K2-348.csv,OK,24
Kepler-1545.csv,OK,24
Kepler-245.csv,OK,24
HAT-P-33.csv,OK,24
K2-406.csv,OK,24
Kepler-523.csv,OK,24
TOI-3160_A.csv,OK,24
Kepler-1223.csv,OK,24
Kepler-1237.csv,OK,37
Kepler-537.csv,OK,24
K2-374.csv,OK,24
HAT-P-27.csv,OK,24
Kepler-251.csv,OK,24
HATS-12.csv,OK,24
Kepler-1551.csv,OK,37
TYC_4282-00605-1.csv,OK,24
TOI-1438.csv,OK,24
IC_4651_9122.csv,OK,24
Kepler-286.csv,OK,24
HD_185283.csv,OK,24
TOI-5110.csv,OK,24
Kepler-1586.csv,OK,24
TOI-1410.csv,OK,24
Kepler-1592.csv,OK,24
Kepler-292.csv,OK,37
TOI-2092.csv,OK,24
K2-228.csv,OK,24
HIP_79431.csv,OK,24
Gl_686.csv,OK,24
Kepler-1419.csv,OK,24
tau_Boo.csv,OK,24
HD_30856.csv,OK,24
Kepler-319.csv,OK,24
Kepler-1431.csv,OK,24
LSPM_J21160234.csv,OK,24
Kepler-331.csv,OK,37
K2-214.csv,OK,24
HD_118203.csv,OK,24
Kepler-34.csv,OK,24
Kepler-1357.csv,OK,24
Kepler-1343.csv,OK,24
Kepler-443.csv,OK,24
K2-200.csv,OK,24
Kepler-20.csv,OK,24
Kepler-325.csv,OK,24
Kepler-1425.csv,OK,24
TOI-6223.csv,OK,24
WASP-138.csv,OK,24
HD_4208.csv,OK,24
WASP-110.csv,OK,24
Kepler-1394.csv,OK,24
CHXR_73.csv,OK,37
Kepler-480.csv,OK,24
TOI-5716.csv,OK,24
Kepler-1380.csv,OK,24
OGLE-TR-211.csv,OK,24
WASP-104.csv,OK,24
HD_140901.csv,OK,24
TOI-1799.csv,OK,24
HD_192310.csv,OK,24
Kepler-669.csv,OK,24
Kepler-1169.csv,OK,24
BD-08_2823.csv,OK,24
WASP-59.csv,OK,24
11_UMi.csv,OK,24
WASP-71.csv,OK,24
TOI-5181_A.csv,OK,24
KELT-12.csv,OK,24
Kepler-1155.csv,OK,24
GJ_3512.csv,OK,24
TOI-2803_A.csv,OK,24
Kepler-655.csv,OK,24
Kepler-133.csv,OK,24
Kepler-1633.csv,OK,24
Kepler-1627.csv,OK,24
Kepler-127.csv,OK,24
K2-99.csv,OK,24
Kepler-899.csv,OK,37
Kepler-641.csv,OK,24
WASP-65.csv,OK,24
Kepler-1141.csv,OK,24
HIP_107772.csv,OK,24
POTS-1.csv,OK,24
K2-72.csv,OK,24
Kepler-872.csv,OK,24
HD_63765.csv,OK,24
Kepler-1814.csv,OK,24
Kepler-1800.csv,OK,24
HD_162020.csv,OK,24
K2-66.csv,OK,24
HD_92788.csv,OK,24
Kepler-866.csv,OK,24
HD_208527.csv,OK,24
OGLE-2018-BLG-0506L.csv,OK,24
Kepler-696.csv,OK,24
Kepler-1196.csv,OK,24
Kepler-1828.csv,OK,24
HD_3765.csv,OK,24
SR_12_AB.csv,OK,24
Kepler-1182.csv,OK,24
TOI-261.csv,OK,24
HD_213885.csv,OK,24
Kepler-682.csv,OK,24
TOI-1772.csv,OK,24
K2-43.csv,OK,24
Kepler-843.csv,OK,24
HD_72659.csv,OK,24
Kepler-1825.csv,OK,24
HD_5319.csv,OK,24
Kepler-1831.csv,OK,24
K2-57.csv,OK,24
Kepler-857.csv,OK,24
HD_180902.csv,OK,24
WASP-83.csv,OK,24
TOI-244.csv,OK,24
BD+15_2940.csv,OK,24
HD_27894.csv,OK,24
GJ_667_C.csv,OK,15
Kepler-1819.csv,OK,24
OGLE-2017-BLG-1691L.csv,OK,24
nu_Oph.csv,OK,24
HD_59686_A.csv,OK,24
UKIRT-2017-BLG-001L.csv,OK,24
TOI-1743.csv,OK,24
MOA-2009-BLG-319L.csv,OK,24
WASP-97.csv,OK,24
G_261-6.csv,OK,24
Kepler-1158.csv,OK,24
Kepler-658.csv,OK,24
K2-80.csv,OK,24
Kepler-880.csv,OK,24
GJ_433.csv,OK,24
HD_150706.csv,OK,24
HIP_65_A.csv,OK,24
HD_156411.csv,OK,24
Kepler-894.csv,OK,24
GJ_341.csv,OK,24
WASP-68.csv,OK,24
Kepler-664.csv,OK,24
TOI-1794.csv,OK,24
Kepler-1164.csv,OK,24
HD_260655.csv,OK,24
Kepler-1602.csv,OK,24
Kepler-102.csv,OK,24
TIC_142589416.csv,OK,24
Kepler-116.csv,OK,24
Kepler-1616.csv,OK,24
Kepler-1170.csv,OK,37
WASP-54.csv,OK,24
Kepler-670.csv,OK,24
USco1556_A.csv,OK,24
TOI-4377.csv,OK,24
Kepler-1399.csv,OK,37
Kepler-499.csv,OK,24
MXB_1658-298.csv,OK,24
GJ_180.csv,OK,24
OGLE-2012-BLG-0563L.csv,OK,24
OGLE-2018-BLG-1011L.csv,OK,24
TOI-4405.csv,OK,24
TOI-4363.csv,OK,24
WASP-121.csv,OK,24
TOI-2048.csv,OK,24
HD_136118.csv,OK,24
TOI-1227.csv,OK,24
Lupus-TR-3.csv,OK,24
WASP-135.csv,OK,24
GJ_3090.csv,OK,24
TOI-907.csv,OK,24
Kepler-39.csv,OK,24
K2-219.csv,OK,24
GJ_143.csv,OK,24
Kepler-328.csv,OK,24
Kepler-1428.csv,OK,24
GJ_625.csv,OK,24
TOI-913.csv,OK,24
Kepler-300.csv,OK,24
Kepler-1400.csv,OK,24
HATS-6.csv,OK,24
Kepler-1366.csv,OK,24
K2-225.csv,OK,24
OGLE-2015-BLG-1670L.csv,OK,24
Kepler-466.csv,OK,24
Kepler-11.csv,OK,24
K2-231.csv,OK,24
Kepler-472.csv,OK,24
Kepler-1372.csv,OK,24
Kepler-1414.csv,OK,24
TOI-5082.csv,OK,24
Kepler-314.csv,OK,24
HIP_35965.csv,OK,24
KELT-6.csv,OK,24
EPIC_212587672.csv,OK,24
OGLE-TR-10.csv,OK,24
HD_25463.csv,OK,24
HD_213240.csv,OK,24
HD_126525.csv,OK,24
TOI-654.csv,OK,24
TIC_198190129.csv,OK,24
TOI-1347.csv,OK,24
HD_121504.csv,OK,24
KMT-2022-BLG-0440L.csv,OK,18
K2-392.csv,OK,24
TOI-4559.csv,OK,24
TOI-2128.csv,OK,24
TOI-132.csv,OK,24
OGLE-2008-BLG-092L.csv,OK,24
K2-386.csv,OK,24
TOI-640.csv,OK,24
Kepler-1548.csv,OK,24
TIC_46432937.csv,OK,24
HD_158038.csv,OK,24
Kepler-248.csv,OK,24
HIP_5763.csv,OK,24
K2-379.csv,OK,24
HD_222076.csv,OK,24
Kepler-274.csv,OK,24
TOI-3593.csv,OK,24
TOI-697.csv,OK,24
HD_35843.csv,OK,24
Kepler-1574.csv,OK,24
Kepler-1212.csv,OK,24
K2-351.csv,OK,24
Kepler-512.csv,OK,24
K2-345.csv,OK,24
Kepler-506.csv,OK,24
Kepler-1206.csv,OK,24
Kepler-1560.csv,OK,24
HATS-23.csv,OK,24
HAT-P-16.csv,OK,24
Kepler-260.csv,OK,24
Kepler-937.csv,OK,37
Kepler-1789.csv,OK,24
Kepler-1945.csv,OK,24
TOI-4773.csv,OK,24
Kepler-923.csv,OK,24
Teegardens_Star.csv,OK,24
K2-190.csv,OK,24
GJ_96.csv,OK,24
Kepler-1979.csv,OK,24
TOI-4029.csv,OK,24
TOI-2458.csv,OK,24
ITG_15_A.csv,OK,24
K2-184.csv,OK,24
HD_10180.csv,OK,24
Kepler-1992.csv,OK,24
Kepler-738.csv,OK,24
Kepler-1038.csv,OK,24
Kepler-710.csv,OK,24
K2-153.csv,OK,24
HD_19615.csv,OK,24
TOI-3540_A.csv,OK,24
TOI-5486.csv,OK,24
Kepler-1010.csv,OK,24
TOI-4940.csv,OK,24
Kepler-1776.csv,OK,24
TOI-481.csv,OK,24
TOI-3785.csv,OK,24
Kepler-1004.csv,OK,24
Kepler-704.csv,OK,24
K2-147.csv,OK,24
TOI-480.csv,OK,24
Kepler-1763.csv,OK,24
TIC_34085383.csv,OK,24
K2-146.csv,OK,24
Kepler-705.csv,OK,24
Kepler-1005.csv,OK,24
2MASS_J04372171+2651014.csv,OK,24
Kepler-1011.csv,OK,24
K2-152.csv,OK,24
TOI-1839.csv,OK,24
Kepler-711.csv,OK,24
Barnards_star.csv,OK,24
KMT-2021-BLG-0912L.csv,OK,24
Kepler-1777.csv,OK,24
HD_11506.csv,OK,24
Kepler-1987.csv,OK,24
Kepler-1039.csv,OK,24
Kepler-739.csv,OK,24
TOI-1811.csv,OK,24
Kepler-1993.csv,OK,24
TOI-2459.csv,OK,24
Kepler-1978.csv,OK,24
BD-11_4672.csv,OK,24
K2-185.csv,OK,24
BD48_738.csv,OK,24
K2-191.csv,OK,24
TOI-5322.csv,OK,24
Kepler-1944.csv,OK,24
HD_5278.csv,OK,24
Kepler-922.csv,OK,24
Kepler-936.csv,OK,37
Kepler-1788.csv,OK,24
Kepler-1950.csv,OK,24
Kepler-1207.csv,OK,24
Kepler-507.csv,OK,24
K2-344.csv,OK,24
Kepler-261.csv,OK,24
HAT-P-17.csv,OK,24
HATS-22.csv,OK,24
Kepler-1561.csv,OK,24
TOI-682.csv,OK,24
Kepler-1575.csv,OK,24
YZ_Cet.csv,OK,24
Kepler-275.csv,OK,24
HATS-36.csv,OK,24
Kepler-513.csv,OK,24
K2-350.csv,OK,24
HD_100508.csv,OK,24
Kepler-1213.csv,OK,24
K2-378.csv,OK,24
HD_28185.csv,OK,24
OGLE-2011-BLG-0173L.csv,OK,24
Kepler-249.csv,OK,24
Kepler-1549.csv,OK,24
BD+03_2562.csv,OK,24
HD_179949.csv,OK,24
K2-387.csv,OK,24
HIP_18606.csv,OK,24
TOI-1346.csv,OK,24
K2-393.csv,OK,24
TOI-1420.csv,OK,24
TOI-1408.csv,OK,24
WASP-180_A.csv,OK,24
TOI-5108.csv,OK,24
b_Cen_A.csv,OK,24
TOI-669.csv,OK,24
HD_110082.csv,OK,24
KELT-7.csv,OK,24
Kepler-1373.csv,OK,24
Kepler-473.csv,OK,24
K2-230.csv,OK,24
Kepler-10.csv,OK,24
HIP_5158.csv,OK,24
Kepler-315.csv,OK,24
Kepler-1415.csv,OK,24
HD_1397.csv,OK,24
HATS-7.csv,OK,24
Kepler-1401.csv,OK,24
Kepler-301.csv,OK,24
Kepler-467.csv,OK,24
K2-224.csv,OK,24
Kepler-1367.csv,OK,24
TOI-912.csv,OK,24
Kepler-1429.csv,OK,24
Kepler-329.csv,OK,24
KMT-2017-BLG-1038L.csv,OK,24
IRAS_04125+2902.csv,OK,24
K2-218.csv,OK,24
Kepler-38.csv,OK,24
HD_212771.csv,OK,24
TOI-4438.csv,OK,24
TOI-5726.csv,OK,24
MOA-2008-BLG-379L.csv,OK,24
NN_Ser.csv,OK,24
TOI-1226.csv,OK,24
TIC_147027702.csv,OK,24
TOI-1232.csv,OK,24
WASP-120.csv,OK,24
WASP-108.csv,OK,24
HD_68402.csv,OK,24
TIC_139270665.csv,OK,24
HD_30669.csv,OK,24
Kepler-498.csv,OK,37
Kepler-1398.csv,OK,24
Kepler-1617.csv,OK,24
KIC_5437945.csv,OK,24
Kepler-117.csv,OK,24
NGTS-14_A.csv,OK,24
HD_108236.csv,OK,24
Kepler-671.csv,OK,24
WASP-55.csv,OK,24
Kepler-1171.csv,OK,24
WASP-41.csv,OK,24
TOI-286.csv,OK,24
Kepler-1165.csv,OK,24
Kepler-665.csv,OK,24
Kepler-103.csv,OK,24
Kepler-1603.csv,OK,24
eps_Ind_A.csv,OK,24
WASP-69.csv,OK,24
Gliese_12.csv,OK,24
Kepler-895.csv,OK,24
K2-95.csv,OK,24
Kepler-881.csv,OK,24
K2-81.csv,OK,24
Kepler-659.csv,OK,24
Kepler-1159.csv,OK,24
KMT-2021-BLG-1303L.csv,OK,24
GJ_3293.csv,OK,24
TOI-251.csv,OK,24
WASP-96.csv,OK,24
TOI-7333.csv,OK,24
TOI-1742.csv,OK,24
TOI-1756.csv,OK,24
WASP-82.csv,OK,24
Kepler-1818.csv,OK,24
Kepler-1830.csv,OK,24
Kepler-856.csv,OK,24
HD_4760.csv,OK,24
Kepler-842.csv,OK,24
K2-42.csv,OK,24
Kepler-1824.csv,OK,24
K2-54.csv,OK,24
HD_10975.csv,OK,24
TIC_38825265.csv,OK,24
Kepler-1832.csv,OK,24
Kepler-1826.csv,OK,24
TOI-1768.csv,OK,24
Kepler-698.csv,OK,24
V830_Tau.csv,OK,24
HD_32518.csv,OK,24
Kepler-1198.csv,OK,24
K2-68.csv,OK,24
KMT-2018-BLG-0748L.csv,OK,24
HD_204313.csv,OK,24
Kepler-868.csv,OK,24
TOI-4638.csv,OK,24
Pr0201.csv,OK,24
HD_240237.csv,OK,24
HD_86081.csv,OK,24
TOI-521.csv,OK,24
WASP-80.csv,OK,24
TOI-5532.csv,OK,24
K2-97.csv,OK,24
Kepler-897.csv,OK,24
Kepler-1629.csv,OK,24
HIP_114933.csv,OK,24
Kepler-129.csv,OK,24
NY_Vir.csv,OK,24
K2-83.csv,OK,24
Kepler-883.csv,OK,24
Kepler-1173.csv,OK,24
WASP-57.csv,OK,24
Kepler-673.csv,OK,24
OGLE-2016-BLG-1190L.csv,OK,24
Kepler-115.csv,OK,24
Kepler-1615.csv,OK,24
Kepler-1601.csv,OK,24
HD_330075.csv,OK,24
Kepler-101.csv,OK,24
Kepler-667.csv,OK,24
Kepler-1167.csv,OK,24
WASP-43.csv,OK,24
KELT-20.csv,OK,24
HD_43691.csv,OK,24
HD_114386.csv,OK,24
TOI-4406.csv,OK,24
TOI-1224.csv,OK,24
HD_202206.csv,OK,24
WASP-136.csv,OK,24
TOI-1230.csv,OK,24
HD_221420.csv,OK,24
Kepler-1359.csv,OK,24
TOI-904.csv,OK,24
BD-13_2130.csv,OK,24
Kepler-1417.csv,OK,24
Kepler-317.csv,OK,24
Kepler-12.csv,OK,24
Kepler-471.csv,OK,24
K2-232.csv,OK,24
Kepler-1371.csv,OK,24
TOI-2088.csv,OK,24
Kepler-1365.csv,OK,24
KOI-12.csv,OK,24
Kepler-465.csv,OK,24
K2-226.csv,OK,24
Kepler-303.csv,OK,24
Kepler-1403.csv,OK,24
HATS-5.csv,OK,24
TOI-938.csv,OK,24
HD_220689.csv,OK,24
TOI-4214.csv,OK,24
KMT-2019-BLG-0842L.csv,OK,24
HD_33564.csv,OK,24
TOI-5678.csv,OK,24
Kepler-288.csv,OK,24
Kepler-1588.csv,OK,24
TOI-125.csv,OK,24
HD_213519.csv,OK,24
TOI-1422.csv,OK,24
K2-391.csv,OK,24
TOI-3235.csv,OK,24
HD_8574.csv,OK,24
HAT-P-29.csv,OK,24
HD_112640.csv,OK,24
Kepler-1239.csv,OK,24
HD_217958.csv,OK,24
Kepler-539.csv,OK,24
K2-408.csv,OK,24
TOI-2842.csv,OK,24
Kepler-1563.csv,OK,24
HAT-P-15.csv,OK,24
Kepler-263.csv,OK,24
Kepler-505.csv,OK,24
K2-346.csv,OK,24
Kepler-1205.csv,OK,24
HD_22496.csv,OK,24
Kepler-1211.csv,OK,24
Kepler-511.csv,OK,24
K2-352.csv,OK,24
HATS-34.csv,OK,24
Kepler-277.csv,OK,24
Kepler-1577.csv,OK,24
HD_96127.csv,OK,24
Kepler-920.csv,OK,24
Kepler-1946.csv,OK,24
Kepler-1952.csv,OK,24
TOI-469.csv,OK,24
Kepler-934.csv,OK,24
K2-187.csv,OK,24
TOI-1634.csv,OK,24
TOI-4994.csv,OK,24
TOI-3023.csv,OK,24
TOI-333.csv,OK,24
K2-193.csv,OK,24
Kepler-908.csv,OK,24
K2-178.csv,OK,24
HD_88133.csv,OK,24
TIC_390586021.csv,OK,24
Kepler-1749.csv,OK,24
Kepler-1991.csv,OK,24
TOI-1807.csv,OK,24
Kepler-1007.csv,OK,24
Kepler-707.csv,OK,24
TOI-2498.csv,OK,24
Kepler-1761.csv,OK,24
TOI-3523_A.csv,OK,24
OGLE-TR-182.csv,OK,24
Kepler-1775.csv,OK,24
K2-150.csv,OK,24
Kepler-713.csv,OK,24
Kepler-1013.csv,OK,37
TOI-1184.csv,OK,24
OGLE-2019-BLG-1053L.csv,OK,24
Kepler-1774.csv,OK,24
Kepler-1012.csv,OK,24
HD_38801.csv,OK,24
Kepler-712.csv,OK,37
K2-151.csv,OK,24
OGLE-2015-BLG-0954L.csv,OK,24
HD_108341.csv,OK,24
Kepler-1006.csv,OK,24
Ross_458.csv,OK,24
Kepler-1760.csv,OK,24
HIP_65407.csv,OK,24
Kepler-1990.csv,OK,24
Kepler-1748.csv,OK,24
TOI-1806.csv,OK,24
K2-179.csv,OK,24
HD_11505.csv,OK,24
HD_102888.csv,OK,24
Kepler-1984.csv,OK,24
TOI-6628.csv,OK,24
HD_40979.csv,OK,24
Kepler-909.csv,OK,24
K2-192.csv,OK,24
TOI-2328.csv,OK,24
TOI-332.csv,OK,24
K2-186.csv,OK,24
LSPM_J2116+0234.csv,MISSING time,23
HIP_55507.csv,OK,24
TOI-5335.csv,OK,24
HD_21411.csv,OK,24
BD60_1417.csv,OK,24
Kepler-1953.csv,OK,24
HIP_56998.csv,OK,24
HD_114783.csv,OK,24
Kepler-935.csv,OK,24
Kepler-921.csv,OK,24
Kepler-1947.csv,OK,24
K2-353.csv,OK,24
Kepler-510.csv,OK,24
Ross_128.csv,OK,24
Kepler-1210.csv,OK,24
Kepler-1576.csv,OK,24
Kepler-276.csv,OK,24
HATS-35.csv,OK,24
TOI-1386.csv,OK,24
HD_36384.csv,OK,24
Kepler-262.csv,OK,24
HAT-P-14.csv,OK,24
Kepler-1562.csv,OK,24
TOI-2193_A.csv,OK,24
AB_Aur.csv,OK,24
Kepler-1204.csv,OK,24
K2-347.csv,OK,24
Kepler-504.csv,OK,24
BD+15_2375.csv,OK,24
K2-409.csv,OK,24
HD_28192.csv,OK,24
TOI-871.csv,OK,24
HAT-P-28.csv,OK,24
Kepler-538.csv,OK,24
Kepler-1238.csv,OK,24
K2-390.csv,OK,24
K2-384.csv,OK,24
TOI-1437.csv,OK,24
AU_Mic.csv,OK,24
TOI-4201.csv,OK,24
tau_Cet.csv,OK,24
Kepler-1589.csv,OK,24
Kepler-289.csv,OK,24
HD_124330.csv,OK,24
HD_147873.csv,OK,24
K2-227.csv,OK,24
Kepler-464.csv,OK,24
KOI-3503.csv,OK,24
KOI-13.csv,OK,24
HD_219828.csv,OK,24
Kepler-1364.csv,OK,24
HATS-4.csv,OK,24
Kepler-1402.csv,OK,24
Kepler-302.csv,OK,37
Kepler-316.csv,OK,24
Kepler-1416.csv,OK,24
Kepler-1370.csv,OK,24
OGLE-2013-BLG-1721L.csv,OK,24
K2-233.csv,OK,24
Kepler-1358.csv,OK,24
GJ_15_A.csv,OK,24
TOI-5916.csv,OK,24
HD_39855.csv,OK,24
TOI-905.csv,OK,24
HD_13931.csv,OK,24
TOI-1231.csv,OK,24
WASP-123.csv,OK,24
L_168-9.csv,OK,24
OGLE-2018-BLG-0677L.csv,OK,24
TOI-2076.csv,OK,24
Kepler-100.csv,OK,24
Kepler-1600.csv,OK,24
KELT-21.csv,OK,24
WASP-42.csv,OK,24
Kepler-1166.csv,OK,24
Kepler-666.csv,OK,24
TOI-1782.csv,OK,24
Kepler-672.csv,OK,24
WASP-56.csv,OK,24
HD_153557.csv,OK,24
Kepler-1172.csv,OK,24
Kepler-1614.csv,OK,24
G_192-15.csv,OK,24
Kepler-114.csv,OK,24
Kepler-882.csv,OK,24
GJ_357.csv,OK,24
Kepler-896.csv,OK,24
HD_100655.csv,OK,24
Kepler-128.csv,OK,24
KOI-142.csv,OK,24
Kepler-1628.csv,OK,24
OGLE-2012-BLG-0406L.csv,OK,24
OGLE-2005-BLG-390L.csv,OK,24
WASP-81.csv,OK,24
WASP-95.csv,OK,24
TOI-1450_A.csv,OK,24
Kepler-869.csv,OK,24
K2-69.csv,OK,24
TIC_206466666.csv,OK,24
Kepler-1827.csv,OK,24
TOI-1338_A.csv,OK,24
TOI-2260.csv,OK,24
Kepler-1199.csv,OK,24
HD_47186.csv,OK,24
Kepler-841.csv,OK,24
Kepler-855.csv,OK,24
K2-55.csv,OK,24
TOI-2274.csv,OK,24
Kepler-1833.csv,OK,24
TOI-530.csv,OK,24
WASP-91.csv,OK,24
SWEEPS-4.csv,OK,24
TOI-1751.csv,OK,24
Kepler-879.csv,OK,24
KMT-2019-BLG-0253L.csv,OK,24
K2-79.csv,OK,24
NGTS-8.csv,OK,24
WASP-94_A.csv,OK,24
HIP_57274.csv,OK,24
HD_169142.csv,OK,24
KMT-2017-BLG-0673L.csv,OK,18
Kepler-1837.csv,OK,24
Kepler-1189.csv,OK,24
Kepler-851.csv,OK,24
TOI-6016.csv,OK,24
Kepler-689.csv,OK,37
Kepler-845.csv,OK,24
K2-45.csv,OK,24
TOI-6002.csv,OK,24
TOI-1259_A.csv,OK,24
Kepler-1823.csv,OK,24
TOI-4487_A.csv,OK,24
Kepler-110.csv,OK,24
HD_145457.csv,OK,24
Kepler-1610.csv,OK,37
Kepler-1176.csv,OK,24
WASP-52.csv,OK,24
Kepler-676.csv,OK,24
Kepler-662.csv,OK,24
Kepler-1162.csv,OK,24
WASP-46.csv,OK,24
Kepler-1604.csv,OK,24
Kepler-104.csv,OK,24
51_Peg.csv,OK,24
Kepler-892.csv,OK,24
GJ_4276.csv,OK,24
Kepler-886.csv,OK,24
K2-86.csv,OK,24
Kepler-138.csv,OK,24
Kepler-1638.csv,OK,24
TOI-3807.csv,OK,24
TOI-1221.csv,OK,24
WASP-133.csv,OK,24
GJ_3082.csv,OK,24
WASP-127.csv,OK,24
TOI-1235.csv,OK,24
TOI-2714.csv,OK,24
HD_457.csv,OK,24
HD_66428.csv,OK,24
HD_4203.csv,OK,24
Kepler-17.csv,OK,24
Kepler-474.csv,OK,24
K2-237.csv,OK,24
Kepler-1374.csv,OK,37
GJ_179.csv,OK,24
Kepler-1412.csv,OK,24
TOI-929.csv,OK,24
Kepler-312.csv,OK,24
Kepler-306.csv,OK,24
Kepler-1406.csv,OK,24
Kepler-1360.csv,OK,24
EPIC_211945201.csv,OK,24
K2-223.csv,OK,24
KMT-2024-BLG-2242L.csv,OK,37
Kepler-1348.csv,OK,24
TRAPPIST-1.csv,OK,24
HD_67087.csv,OK,24
EPIC_201841433.csv,OK,24
MOA-2010-BLG-353L.csv,OK,24
K2-380.csv,OK,24
K2-394.csv,OK,24
MOA-2013-BLG-605L.csv,OK,24
CI_Tau.csv,OK,24
Kepler-1599.csv,OK,24
Kepler-299.csv,OK,24
HD_16905.csv,OK,24
HD_108147.csv,OK,24
Kepler-500.csv,OK,24
K2-343.csv,OK,24
Kepler-1200.csv,OK,37
TOI-4588.csv,OK,24
HD_103774.csv,OK,24
Kepler-1566.csv,OK,24
HATS-25.csv,OK,24
Kepler-266.csv,OK,37
HATS-31.csv,OK,24
Kepler-272.csv,OK,24
TOI-849.csv,OK,24
Kepler-1572.csv,OK,24
Kepler-1214.csv,OK,24
Kepler-514.csv,OK,24
K2-357.csv,OK,24
GJ_27.1.csv,OK,24
KIC_8121913.csv,OK,24
2MASS_J21252752-8138278.csv,OK,24
HAT-P-38.csv,OK,24
Kepler-528.csv,OK,24
HD_109271.csv,OK,24
Kepler-1228.csv,OK,24
TOI-444.csv,OK,24
BD03_2562.csv,OK,24
TIC_237913194.csv,OK,24
K2-182.csv,OK,24
Kepler-919.csv,OK,24
TOI-2338.csv,OK,24
EPIC_212737443.csv,OK,24
K2-196.csv,OK,24
TIC_423703298.csv,OK,24
ISO-Oph_96.csv,OK,24
Kepler-1943.csv,OK,24
Kepler-925.csv,OK,24
Kepler-931.csv,OK,24
Kepler-1957.csv,OK,24
TOI-5319.csv,OK,24
TOI-1194.csv,OK,24
GJ_3323.csv,OK,24
Kepler-1764.csv,OK,24
Kepler-1002.csv,OK,24
K2-141.csv,OK,24
GJ_1252.csv,OK,24
Kepler-702.csv,OK,24
K2-155.csv,OK,24
Kepler-716.csv,OK,24
Kepler-1016.csv,OK,24
OGLE-2013-BLG-1761L.csv,OK,24
Kepler-1770.csv,OK,24
TOI-1180.csv,OK,24
Kepler-1758.csv,OK,24
Kepler-1980.csv,OK,24
K2-169.csv,OK,24
Kepler-1994.csv,OK,24
K2-168.csv,OK,24
TOI-1803.csv,OK,24
Kepler-1995.csv,OK,24
HIP_948.csv,OK,24
Kepler-1981.csv,OK,24
Kepler-1759.csv,OK,24
Kepler-1017.csv,OK,24
Kepler-717.csv,OK,37
K2-154.csv,OK,24
2MASS_J04414489+2301513.csv,OK,24
TOI-1181.csv,OK,24
Kepler-1771.csv,OK,24
Kepler-1765.csv,OK,24
Kepler-703.csv,OK,24
K2-140.csv,OK,24
Kepler-1003.csv,OK,24
HD_167768.csv,OK,24
Kepler-930.csv,OK,24
Kepler-1956.csv,OK,24
Kepler-1942.csv,OK,24
Kepler-924.csv,OK,37
K2-197.csv,OK,24
TOI-451.csv,OK,24
BD05_4868_A.csv,OK,24
TOI-1630.csv,OK,24
Kepler-918.csv,OK,24
K2-183.csv,OK,24
HAT-P-39.csv,OK,24
Kepler-1229.csv,OK,24
HD_190647.csv,OK,24
Kepler-529.csv,OK,24
TOI-4463_A.csv,OK,24
HD_41004_B.csv,OK,24
HATS-18.csv,OK,24
Kepler-1573.csv,OK,24
HD_164922.csv,OK,24
Kepler-273.csv,OK,24
HATS-30.csv,OK,24
MOA-2019-BLG-008L.csv,OK,24
K2-356.csv,OK,24
Kepler-515.csv,OK,24
TOI-6038_A.csv,OK,24
Proxima_Cen.csv,OK,24
Kepler-1215.csv,OK,24
Kepler-1201.csv,OK,24
K2-342.csv,OK,24
Kepler-501.csv,OK,24
Kepler-267.csv,OK,24
HAT-P-11.csv,OK,24
HATS-24.csv,OK,24
Kepler-1567.csv,OK,24
WASP-70_A.csv,OK,24
KELT-1.csv,OK,24
KMT-2020-BLG-0414L.csv,OK,24
TOI-4562.csv,OK,24
TOI-2107.csv,OK,24
Kepler-298.csv,OK,24
BD+20_594.csv,OK,24
Kepler-1598.csv,OK,24
WASP-160_B.csv,OK,24
TOI-5126.csv,OK,24
HD_208897.csv,OK,24
mu2_Sco.csv,OK,24
OGLE-2018-BLG-0532L.csv,OK,24
K2-395.csv,OK,24
K2-381.csv,OK,24
KOI-351.csv,OK,24
Kepler-449.csv,OK,24
Kepler-1349.csv,OK,24
BD15_2940.csv,OK,24
KIC_7917485.csv,OK,24
HATS-1.csv,OK,24
Kepler-1407.csv,OK,24
Kepler-307.csv,OK,24
K2-222.csv,OK,24
Kepler-461.csv,OK,24
HD_220074.csv,OK,24
Kepler-1361.csv,OK,24
Kepler-1375.csv,OK,24
Kepler-475.csv,OK,24
Kepler-16.csv,OK,24
Kepler-313.csv,OK,24
Kepler-1413.csv,OK,37
HD_13908.csv,OK,24
TOI-4364.csv,OK,24
MOA-2010-BLG-328L.csv,OK,24
WASP-126.csv,OK,24
TOI-4336_A.csv,OK,24
TOI-5734.csv,OK,24
GJ_3929.csv,OK,24
TOI-5720.csv,OK,24
WASP-132.csv,OK,24
TOI-733.csv,OK,24
eps_CrB.csv,OK,24
K2-87.csv,OK,24
Kepler-887.csv,OK,24
KELT-18.csv,OK,24
Kepler-1639.csv,OK,24
HD_73583.csv,OK,24
Kepler-139.csv,OK,24
Kepler-893.csv,OK,24
KELT-24.csv,OK,24
WASP-47.csv,OK,24
Kepler-1163.csv,OK,24
Kepler-663.csv,OK,24
Kepler-105.csv,OK,24
LTT_3780.csv,OK,24
Kepler-1605.csv,OK,24
Kepler-1611.csv,OK,24
Kepler-111.csv,OK,24
Kepler-677.csv,OK,24
HD_90156.csv,OK,24
WASP-53.csv,OK,24
Kepler-1177.csv,OK,24
OGLE-2005-BLG-169L.csv,OK,24
K2-44.csv,OK,24
Kepler-844.csv,OK,24
TOI-519.csv,OK,24
HD_72892.csv,OK,24
Kepler-688.csv,OK,24
TIC_77319217.csv,OK,24
K2-50.csv,OK,24
Kepler-850.csv,OK,24
Kepler-1188.csv,OK,24
TOI-5293_A.csv,OK,24
TOI-4600.csv,OK,24
NGTS-9.csv,OK,24
TOI-1750.csv,OK,24
Kepler-878.csv,OK,24
HD_152843.csv,OK,24
WASP-84.csv,OK,24
Pr0211.csv,OK,24
TOI-1036.csv,OK,24
KPS-1.csv,OK,24
TIC_150070085.csv,OK,24
TOI-257.csv,OK,24
WASP-90.csv,OK,24
TOI-1744.csv,OK,24
TOI-1752.csv,OK,24
WASP-94_B.csv,OK,24
Kepler-1660_A.csv,OK,24
GJ_720_A.csv,OK,24
TOI-6029.csv,OK,24
WASP-92.csv,OK,24
HD_115404_A.csv,OK,24
TOI-2529.csv,OK,24
Kepler-1808.csv,OK,24
6_Lyn.csv,OK,24
Kepler-846.csv,OK,24
K2-46.csv,OK,24
GJ_393.csv,OK,24
TOI-4602.csv,OK,24
TOI-269.csv,OK,24
Kepler-852.csv,OK,24
Kepler-1834.csv,OK,18
Kepler-1607.csv,OK,24
Kepler-107.csv,OK,24
Kepler-661.csv,OK,24
Kepler-1161.csv,OK,37
WASP-45.csv,OK,24
Kepler-1175.csv,OK,24
HD_42012.csv,OK,24
Kepler-675.csv,OK,24
TOI-6954.csv,OK,24
Kepler-113.csv,OK,24
Kepler-1613.csv,OK,24
GJ_436.csv,OK,24
WASP-79.csv,OK,24
Kepler-885.csv,OK,24
K2-85.csv,OK,24
Kepler-649.csv,OK,24
HD_48265.csv,OK,24
HD_19994.csv,OK,24
Kepler-891.csv,OK,24
K2-91.csv,OK,24
Kepler-1149.csv,OK,24
GJ_422.csv,OK,24
TOI-5736.csv,OK,24
WASP-124.csv,OK,24
WASP-130.csv,OK,24
HIP_81208_C.csv,OK,15
TOI-3353.csv,OK,24
WASP-118.csv,OK,24
Kepler-1388.csv,OK,24
TOI-2071.csv,OK,24
Kepler-1363.csv,OK,24
K2-220.csv,OK,24
Kepler-463.csv,OK,24
Kepler-305.csv,OK,24
Kepler-1405.csv,OK,24
HATS-3.csv,OK,24
Kepler-1411.csv,OK,24
Kepler-311.csv,OK,24
Kepler-14.csv,OK,24
Kepler-477.csv,OK,24
Kepler-1377.csv,OK,24
Kepler-1439.csv,OK,24
Kepler-339.csv,OK,24
HIP_54597.csv,OK,24
HD_98736.csv,OK,24
Kepler-28.csv,OK,24
HD_11112.csv,OK,24
K2-208.csv,OK,24
K2-397.csv,OK,24
TOI-7041.csv,OK,24
K2-383.csv,OK,24
KELT-3.csv,OK,24
HD_221585.csv,OK,24
TIC_18942729.csv,OK,24
HD_63433.csv,OK,24
HD_215152.csv,OK,24
Kepler-1217.csv,OK,24
K2-354.csv,OK,24
Kepler-517.csv,OK,24
HATS-32.csv,OK,24
Kepler-271.csv,OK,24
Kepler-1571.csv,OK,24
HIP_109384.csv,OK,24
HD_12235.csv,OK,24
Kepler-1565.csv,OK,37
HATS-26.csv,OK,24
HAT-P-13.csv,OK,24
Kepler-265.csv,OK,24
K2-340.csv,OK,24
BD+60_1417.csv,OK,24
Kepler-1203.csv,OK,24
K2-368.csv,OK,24
EPIC_248847494.csv,OK,24
GJ_740.csv,OK,24
Kepler-259.csv,OK,24
Kepler-1559.csv,OK,24
HD_217786.csv,OK,24
HD_137388.csv,OK,24
TOI-3757.csv,OK,24
TOI-2449.csv,OK,24
K2-195.csv,OK,24
KMT-2018-BLG-1990L.csv,OK,24
K2-181.csv,OK,24
BD15_2375.csv,OK,24
HD_165155.csv,OK,24
HD_81688.csv,OK,24
GJ_581.csv,OK,24
HD_45184.csv,OK,24
Kepler-932.csv,OK,24
HD_73344.csv,OK,24
HD_40956.csv,OK,24
Kepler-926.csv,OK,24
TOI-4010.csv,OK,24
HD_9446.csv,OK,24
Kepler-1798.csv,OK,24
Kepler-1773.csv,OK,24
Kepler-715.csv,OK,24
K2-156.csv,OK,24
Kepler-1015.csv,OK,24
Kepler-1001.csv,OK,24
Kepler-701.csv,OK,24
HD_113996.csv,OK,24
Kepler-1029.csv,OK,24
Kepler-729.csv,OK,24
TOI-1801.csv,OK,24
TIC_160113658.csv,OK,24
Kepler-1983.csv,OK,24
TOI-6383_A.csv,OK,24
TOI-1814.csv,OK,24
Kepler-1982.csv,OK,24
KMT-2021-BLG-0712L.csv,OK,18
Kepler-1996.csv,OK,24
Kepler-728.csv,OK,37
Kepler-1028.csv,OK,24
Kepler-700.csv,OK,24
Kepler-1000.csv,OK,24
Wolf_503.csv,OK,24
Kepler-1766.csv,OK,24
Kepler-1772.csv,OK,24
Kepler-1014.csv,OK,24
K2-157.csv,OK,24
Kepler-714.csv,OK,24
Kepler-927.csv,OK,24
Kepler-1799.csv,OK,24
Kepler-1941.csv,OK,24
Kepler-1955.csv,OK,24
Kepler-933.csv,OK,24
K2-180.csv,OK,24
KMT-2017-BLG-1146L.csv,OK,24
GJ_86.csv,OK,24
Kepler-1969.csv,OK,24
KIC_9663113.csv,OK,24
K2-194.csv,OK,24
HD_45350.csv,OK,24
Kepler-1558.csv,OK,24
Kepler-258.csv,OK,24
HD_41004_A.csv,OK,24
MOA-2007-BLG-192L.csv,OK,24
HD_158996.csv,OK,24
HD_106515_A.csv,OK,24
K2-369.csv,OK,24
Kepler-264.csv,OK,24
HAT-P-12.csv,OK,24
OGLE-2008-BLG-355L.csv,OK,24
HATS-27.csv,OK,24
Kepler-1564.csv,OK,24
TIC_356227008.csv,OK,24
Kepler-1202.csv,OK,37
Kepler-502.csv,OK,24
K2-341.csv,OK,24
Kepler-516.csv,OK,24
K2-355.csv,OK,24
Kepler-1216.csv,OK,24
Kepler-1570.csv,OK,24
Kepler-270.csv,OK,24
HATS-33.csv,OK,24
TOI-2104.csv,OK,24
TOI-4561.csv,OK,24
TOI-3568.csv,OK,24
HD_220842.csv,OK,24
TIC_437041147.csv,OK,24
TOI-2886.csv,OK,24
K2-382.csv,OK,24
HD_69123.csv,OK,24
TOI-1431.csv,OK,24
TOI-122.csv,OK,24
K2-396.csv,OK,24
HN_Peg.csv,OK,24
HR_810.csv,OK,24
K2-209.csv,OK,24
KMT-2021-BLG-2294L.csv,OK,24
Kepler-29.csv,OK,24
Kepler-338.csv,OK,24
Kepler-1438.csv,OK,24
Kepler-310.csv,OK,24
Kepler-1410.csv,OK,24
Kepler-1376.csv,OK,24
TOI-5938.csv,OK,24
Kepler-476.csv,OK,24
Kepler-15.csv,OK,24
Kepler-462.csv,OK,24
K2-221.csv,OK,24
GJ_1132.csv,OK,24
Kepler-1362.csv,OK,24
HATS-2.csv,OK,24
Kepler-1404.csv,OK,24
Kepler-304.csv,OK,24
Kepler-1389.csv,OK,24
Kepler-489.csv,OK,24
WASP-119.csv,OK,24
TOI-6564.csv,OK,24
WASP-131.csv,OK,24
GJ_806.csv,OK,24
HD_22532.csv,OK,24
HD_125612.csv,OK,24
GJ_508.2.csv,OK,24
Kepler-1148.csv,OK,24
K2-90.csv,OK,24
Kepler-890.csv,OK,24
Kepler-648.csv,OK,24
HD_180053.csv,OK,24
K2-84.csv,OK,24
Kepler-884.csv,OK,24
WASP-78.csv,OK,24
GJ_4274.csv,OK,24
Kepler-674.csv,OK,24
WASP-50.csv,OK,24
Kepler-1174.csv,OK,24
Kepler-1612.csv,OK,37
Kepler-112.csv,OK,24
Kepler-106.csv,OK,24
24_Sex.csv,OK,24
Kepler-1606.csv,OK,24
HIP_78530.csv,OK,24
WASP-44.csv,OK,24
Kepler-1160.csv,OK,24
TOI-283.csv,OK,24
Kepler-660.csv,OK,24
G_268-110.csv,OK,24
Kepler-853.csv,OK,24
TOI-3331_A.csv,OK,24
TOI-4603.csv,OK,24
HD_75898.csv,OK,24
Kepler-1835.csv,OK,24
Kepler-1821.csv,OK,24
TOI-2266.csv,OK,24
K2-47.csv,OK,24
TOI-6000.csv,OK,24
Kepler-847.csv,OK,24
WASP-93.csv,OK,24
Kepler-1809.csv,OK,24
TOI-532.csv,OK,24
HD_175541.csv,OK,24
TOI-1753.csv,OK,24
KMT-2018-BLG-1292L.csv,OK,24
WASP-87.csv,OK,24
ups_And.csv,OK,24
TOI-2567.csv,OK,24
Kepler-1846.csv,OK,24
Kepler-820.csv,OK,15
55_Cnc_B.csv,OK,24
HD_142.csv,OK,24
K2-34.csv,OK,24
Kepler-834.csv,OK,24
HD_73256.csv,OK,24
OGLE-2018-BLG-0962L.csv,OK,24
Kepler-1852.csv,OK,24
HD_127506.csv,OK,24
TOI-1052.csv,OK,24
2MASS_J044144892301513.csv,OK,24
Kepler-808.csv,OK,24
HD_95089.csv,OK,24
NGC_2682_YBP_401.csv,OK,24
Kepler-1885.csv,OK,24
TOI-3862.csv,OK,24
HIP_8152.csv,OK,24
HAT-P-2.csv,OK,24
Qatar-3.csv,OK,24
Kepler-149.csv,OK,24
Kepler-1891.csv,OK,18
Kepler-1649.csv,OK,24
Kepler-161.csv,OK,24
Kepler-1661.csv,OK,24
Kepler-1107.csv,OK,37
WASP-23.csv,OK,24
Kepler-607.csv,OK,24
CoRoT-22.csv,OK,24
Kepler-613.csv,OK,24
Kepler-1113.csv,OK,24
WASP-37.csv,OK,24
Kepler-1675.csv,OK,24
Kepler-175.csv,OK,24
Kepler-99.csv,OK,24
GJ_849.csv,OK,24
TOI-1278.csv,OK,24
Kepler-388.csv,OK,24
Kepler-1488.csv,OK,24
GJ_685.csv,OK,24
HD_43197.csv,OK,24
TOI-3321.csv,OK,24
K2-285.csv,OK,24
HD_219134.csv,OK,24
TOI-2981.csv,OK,24
WASP-142.csv,OK,24
WASP-156.csv,OK,24
HD_34445.csv,OK,24
TOI-757.csv,OK,24
TOI-1244.csv,OK,24
HD_106906.csv,OK,24
K2-291.csv,OK,24
TWA_7.csv,OK,24
Kepler-1339.csv,OK,24
Kepler-439.csv,OK,24
HD_29399.csv,OK,24
WTS-2.csv,OK,24
HD_224538.csv,OK,24
Kepler-66.csv,OK,37
Kepler-405.csv,OK,24
K2-246.csv,OK,24
Kepler-1305.csv,OK,37
bet_Cnc.csv,OK,24
Kepler-1463.csv,OK,37
WASP-181.csv,OK,24
Kepler-363.csv,OK,24
HD_40307.csv,OK,24
Kepler-377.csv,OK,24
Kepler-1477.csv,OK,24
HU_Aqr.csv,OK,24
WASP-195.csv,OK,24
HIP_21152.csv,OK,24
Kepler-1311.csv,OK,24
Kepler-411.csv,OK,24
K2-252.csv,OK,24
HD_108863.csv,OK,24
HD_203030.csv,OK,24
TOI-5624.csv,OK,24
TOI-1442.csv,OK,24
HD_2039.csv,OK,24
HD_210702.csv,OK,24
TOI-5630.csv,OK,24
HD_74698.csv,OK,24
TOI-5803.csv,OK,24
HATS-68.csv,OK,24
HAT-P-49.csv,OK,24
Kepler-559.csv,OK,24
HD_18742.csv,OK,24
Kepler-1259.csv,OK,24
TOI-5817.csv,OK,24
Kepler-571.csv,OK,24
K2-332.csv,OK,24
Kepler-1271.csv,OK,24
Kepler-1517.csv,OK,24
HATS-54.csv,OK,24
HAT-P-61.csv,OK,24
Kepler-217.csv,OK,24
HATS-40.csv,OK,24
Kepler-203.csv,OK,24
Kepler-1503.csv,OK,37
Kepler-1265.csv,OK,24
Kepler-565.csv,OK,18
K2-326.csv,OK,24
NGTS-3_A.csv,OK,24
Kepler-1932.csv,OK,24
HD_6061.csv,OK,24
Kepler-954.csv,OK,24
Kepler-798.csv,OK,24
Kepler-940.csv,OK,37
Kepler-1098.csv,OK,24
HD_62549.csv,OK,24
TOI-2407.csv,OK,24
TOI-5340.csv,OK,24
TOI-1898.csv,OK,24
Kepler-968.csv,OK,24
CoRoT-1.csv,OK,24
HD_167042.csv,OK,24
TOI-421.csv,OK,24
HD_125271.csv,OK,24
Kepler-1729.csv,OK,24
HD_158259.csv,OK,24
HD_147379.csv,OK,24
Kepler-997.csv,OK,24
MOA-2011-BLG-322L.csv,OK,24
HD_196050.csv,OK,24
HD_75784.csv,OK,24
Kepler-983.csv,OK,24
TOI-1873.csv,OK,24
K2-118.csv,OK,24
Kepler-1715.csv,OK,24
Kepler-1073.csv,OK,24
TOI-1683.csv,OK,24
K2-130.csv,OK,24
Kepler-773.csv,OK,24
HD_5583.csv,OK,24
K2-124.csv,OK,24
Kepler-767.csv,OK,24
Kepler-1067.csv,OK,24
Kepler-1701.csv,OK,24
Kepler-1066.csv,OK,24
Kepler-766.csv,OK,24
K2-125.csv,OK,24
TOI-1696.csv,OK,24
HD_10647.csv,OK,24
HD_211810.csv,OK,24
Kepler-1700.csv,OK,24
HIP_19976.csv,OK,24
Kepler-1714.csv,OK,24
OGLE-2015-BLG-0051L.csv,OK,24
Kepler-772.csv,OK,24
K2-131.csv,OK,24
Kepler-1072.csv,OK,24
Kapteyn.csv,OK,37
K2-119.csv,OK,24
HD_27969.csv,OK,24
Kepler-982.csv,OK,24
HD_45652.csv,OK,24
HIP_39330.csv,OK,24
gam_Lib.csv,OK,24
HD_135344_A.csv,OK,24
TAP_26.csv,OK,24
Kepler-1728.csv,OK,24
TCP_J05074264+2447555.csv,MISSING time,14
WD_1856+534.csv,MISSING time,23
Kepler-996.csv,OK,24
EPIC_201595106.csv,OK,24
Kepler-969.csv,OK,24
TOI-1899.csv,OK,24
HD_102195.csv,OK,24
Kepler-1099.csv,OK,24
Kepler-941.csv,OK,37
TOI-1669.csv,OK,24
Kepler-799.csv,OK,24
TOI-2406.csv,OK,24
Kepler-1927.csv,OK,24
Kepler-1933.csv,OK,24
Kepler-955.csv,OK,24
HD_25171.csv,OK,24
TOI-2374.csv,OK,24
Kepler-1502.csv,OK,24
Kepler-202.csv,OK,24
HATS-41.csv,OK,24
Kepler-564.csv,OK,24
Kepler-1264.csv,OK,24
EPIC_212424622.csv,OK,24
Kepler-1270.csv,OK,24
K2-333.csv,OK,24
Kepler-570.csv,OK,24
Kepler-216.csv,OK,24
HAT-P-60.csv,OK,24
HATS-55.csv,OK,24
Kepler-1516.csv,OK,24
TOI-2583_A.csv,OK,24
Kepler-1258.csv,OK,24
Kepler-558.csv,OK,24
HATS-69.csv,OK,24
HD_202772_A.csv,OK,24
TOI-622.csv,OK,24
TOI-1443.csv,OK,24
TOI-150.csv,OK,24
TOI-5143.csv,OK,24
HD_63454.csv,OK,24
ups_Leo.csv,OK,24
TOI-178.csv,OK,24
TOI-4513.csv,OK,24
TOI-4507.csv,OK,24
HD_4313.csv,OK,24
KOI-1599.csv,OK,24
WASP-194.csv,OK,24
Kepler-1476.csv,OK,24
Kepler-376.csv,OK,24
K2-253.csv,OK,24
Kepler-1310.csv,OK,24
TOI-5786.csv,OK,24
EPIC_212624936.csv,OK,24
Kepler-1304.csv,OK,24
K2-247.csv,OK,24
Kepler-404.csv,OK,24
Kepler-67.csv,OK,37
Kepler-362.csv,OK,24
Kepler-1462.csv,OK,37
OGLE-2017-BLG-1434L.csv,OK,24
47_UMa.csv,OK,24
TIC_188624430.csv,OK,24
Kepler-438.csv,OK,24
Kepler-1338.csv,OK,24
NGTS-23.csv,OK,24
TOI-756.csv,OK,24
K2-290.csv,OK,24
K2-284.csv,OK,24
TOI-4329.csv,OK,24
Kepler-1489.csv,OK,24
Kepler-389.csv,OK,37
HD_68475.csv,OK,24
TOI-1279.csv,OK,24
Kepler-98.csv,OK,24
Kepler-410_A.csv,OK,24
KELT-4_A.csv,OK,24
WASP-36.csv,OK,24
HD_22781.csv,OK,24
HD_1690.csv,OK,24
Kepler-1112.csv,OK,24
Kepler-612.csv,OK,37
Kepler-174.csv,OK,24
Kepler-1674.csv,OK,24
TOI-3693.csv,OK,24
HD_211970.csv,OK,24
Kepler-160.csv,OK,24
CoRoT-23.csv,OK,24
Kepler-606.csv,OK,24
WASP-22.csv,OK,24
Kepler-1106.csv,OK,24
HAT-P-3.csv,OK,24
TOI-3877.csv,OK,24
Kepler-1890.csv,OK,24
Kepler-148.csv,OK,24
Qatar-2.csv,OK,24
GPX-1.csv,OK,24
Kepler-1884.csv,OK,24
Kepler-809.csv,OK,24
PDS_70.csv,OK,24
BD20_274.csv,OK,24
TOI-540.csv,OK,24
HIP_56640.csv,OK,24
Kepler-835.csv,OK,24
K2-35.csv,OK,24
MOA-2009-BLG-387L.csv,OK,24
Kepler-1853.csv,OK,24
GJ_486.csv,OK,24
Kepler-821.csv,OK,24
K2-21.csv,OK,24
TOI-2200.csv,OK,24
TOI-2570.csv,OK,24
Kepler-1689.csv,OK,24
Kepler-1851.csv,OK,24
Kepler-189.csv,OK,24
MOA-2020-BLG-135L.csv,OK,24
TOI-6716.csv,OK,24
K2-37.csv,OK,24
Kepler-837.csv,OK,24
TOI-2202.csv,OK,24
HD_136352.csv,OK,24
Kepler-823.csv,OK,24
HD_56957.csv,OK,24
HIP_70849.csv,OK,24
HD_284149_A.csv,OK,24
Kepler-1845.csv,OK,24
HD_62364.csv,OK,24
TOI-1723.csv,OK,24
HD_176986.csv,OK,24
Kepler-1879.csv,OK,24
Kepler-1892.csv,OK,24
HAT-P-1.csv,OK,24
Kepler-638.csv,OK,24
HD_106252.csv,OK,24
Kepler-1138.csv,OK,24
Kepler-1886.csv,OK,24
KOI-134.csv,OK,24
Kepler-1676.csv,OK,24
Kepler-176.csv,OK,24
Kepler-610.csv,OK,24
Kepler-1110.csv,OK,24
WASP-34.csv,OK,24
Kepler-1104.csv,OK,24
TOI-5592.csv,OK,24
BD+45_564.csv,OK,24
WASP-20.csv,OK,24
Kepler-604.csv,OK,24
CoRoT-21.csv,OK,24
Kepler-162.csv,OK,24
HD_151450.csv,OK,24
TOI-4465.csv,OK,24
HD_101930.csv,OK,24
WASP-169.csv,OK,24
LP_261-75_A.csv,OK,24
HIP_67851.csv,OK,24
TOI-2000.csv,OK,24
DMPP-8.csv,OK,24
LTT_9779.csv,OK,24
WASP-155.csv,OK,24
NGTS-21.csv,OK,24
NGTS-35.csv,OK,24
GJ_876.csv,OK,24
WASP-141.csv,OK,24
K2-286.csv,OK,24
OGLE-2016-BLG-1067L.csv,OK,24
Kepler-1448.csv,OK,24
TOI-2969.csv,OK,24
WTS-1.csv,OK,24
Kepler-348.csv,OK,24
HD_38283.csv,OK,24
HD_147018.csv,OK,24
Kepler-59.csv,OK,24
K2-279.csv,OK,24
Kepler-1312.csv,OK,24
K2-251.csv,OK,24
Kepler-412.csv,OK,24
Kepler-374.csv,OK,24
Kepler-1474.csv,OK,24
TOI-3493.csv,OK,24
HD_188641.csv,OK,24
WASP-182.csv,OK,24
Kepler-1460.csv,OK,24
Kepler-360.csv,OK,24
Kepler-65.csv,OK,24
Kepler-406.csv,OK,24
HD_87883.csv,OK,24
Kepler-1306.csv,OK,37
TOI-4511.csv,OK,24
Kepler-1299.csv,OK,24
Kepler-599.csv,OK,24
TIC_139702105.csv,OK,24
HD_108874.csv,OK,24
HD_55696.csv,OK,24
TOI-620.csv,OK,24
KIC_10525077.csv,OK,24
TOI-1333.csv,OK,24
TOI-6448.csv,OK,24
K2-319.csv,OK,24
Kepler-228.csv,OK,37
TOI-813.csv,OK,24
HIP_8541.csv,OK,24
Kepler-1528.csv,OK,24
Ross_176.csv,OK,24
OGLE-2013-BLG-0911L.csv,OK,24
TOI-5800.csv,OK,24
MASCARA-4.csv,OK,24
Kepler-1266.csv,OK,24
K2-325.csv,OK,24
Kepler-566.csv,OK,24
HATS-43.csv,OK,24
Kepler-200.csv,OK,24
Kepler-1500.csv,OK,24
Kepler-1514.csv,OK,24
HATS-57.csv,OK,24
HAT-P-62.csv,OK,24
Kepler-214.csv,OK,24
K2-331.csv,OK,24
Kepler-572.csv,OK,24
Kepler-1272.csv,OK,24
OGLE-2017-BLG-1140L.csv,OK,24
Kepler-1925.csv,OK,24
Kepler-943.csv,OK,24
HD_29985.csv,OK,24
HD_178911_B.csv,OK,24
Kepler-957.csv,OK,24
HD_4113.csv,OK,24
Kepler-1931.csv,OK,24
Kepler-1919.csv,OK,24
CoRoT-2.csv,OK,24
EPIC_249893012.csv,OK,24
KMT-2021-BLG-1554L.csv,OK,24
DS_Tuc_A.csv,OK,24
KMT-2016-BLG-1836L.csv,OK,24
Kepler-1058.csv,OK,24
Kepler-980.csv,OK,24
Kepler-758.csv,OK,24
Kepler-994.csv,OK,24
Kepler-1702.csv,OK,24
TOI-1694.csv,OK,24
Kepler-764.csv,OK,24
K2-127.csv,OK,24
EPIC_201427007.csv,OK,24
Kepler-1064.csv,OK,24
Kepler-1070.csv,OK,24
TOI-1680.csv,OK,24
HD_79181.csv,OK,24
BD+55_362.csv,OK,24
Kepler-770.csv,OK,24
K2-133.csv,OK,24
Kepler-1716.csv,OK,24
TOI-5380.csv,OK,24
K2-132.csv,OK,24
TOI-1859.csv,OK,24
Kepler-771.csv,OK,24
Kepler-1071.csv,OK,37
Kepler-1717.csv,OK,24
HD_99706.csv,OK,24
BD+14_4559.csv,OK,24
Kepler-1065.csv,OK,24
TOI-3082.csv,OK,24
K2-126.csv,OK,24
Kepler-765.csv,OK,24
TOI-1695.csv,OK,24
Kepler-995.csv,OK,24
GJ_3378.csv,OK,24
Kepler-759.csv,OK,24
Kepler-981.csv,OK,24
Kepler-1059.csv,OK,24
CoRoT-3.csv,OK,24
nu_Oct_A.csv,OK,24
HD_212301.csv,OK,24
TOI-1130.csv,OK,24
TIC_24750448.csv,OK,24
HD_165131.csv,OK,24
EPIC_228836835.csv,OK,24
Kepler-956.csv,OK,24
Wolf_1061.csv,OK,24
TOI-2411.csv,OK,24
Kepler-1930.csv,OK,24
TOI-6677.csv,OK,24
Kepler-1924.csv,OK,24
Kepler-942.csv,OK,24
CT_Cha.csv,OK,24
Kepler-215.csv,OK,24
HAT-P-63.csv,OK,24
HATS-56.csv,OK,24
Kepler-1515.csv,OK,24
GJ_3634.csv,OK,24
Kepler-1273.csv,OK,24
Kepler-573.csv,OK,24
K2-330.csv,OK,24
Kepler-567.csv,OK,24
K2-324.csv,OK,24
HD_24085.csv,OK,24
Kepler-1267.csv,OK,37
Kepler-1501.csv,OK,24
Kepler-201.csv,OK,24
HD_2952.csv,OK,24
HATS-42.csv,OK,24
HD_13167.csv,OK,24
Kepler-1529.csv,OK,24
GJ_724.csv,OK,24
HD_47536.csv,OK,24
Kepler-229.csv,OK,24
EPIC_206215704.csv,OK,15
K2-318.csv,OK,24
HD_206610.csv,OK,24
HD_76700.csv,OK,24
HD_221287.csv,OK,24
TOI-4504.csv,OK,24
WASP-77_A.csv,OK,24
Kepler-598.csv,OK,24
TOI-1468.csv,OK,24
HD_194490.csv,OK,24
Kepler-1298.csv,OK,24
kap_CrB.csv,OK,24
TOI-1291.csv,OK,24
Kepler-361.csv,OK,24
HD_80653.csv,OK,24
TOI-3486.csv,OK,24
TOI-782.csv,OK,24
Kepler-1461.csv,OK,24
WASP-183.csv,OK,24
Kepler-1307.csv,OK,24
Kepler-407.csv,OK,24
K2-244.csv,OK,24
Kepler-413.csv,OK,24
K2-250.csv,OK,24
Kepler-1313.csv,OK,24
Kepler-1475.csv,OK,24
WASP-197.csv,OK,24
Kepler-375.csv,OK,24
K2-278.csv,OK,24
14_Her.csv,OK,24
Kepler-58.csv,OK,24
HD_32963.csv,OK,24
Kepler-349.csv,OK,24
Kepler-1449.csv,OK,24
WASP-140.csv,OK,24
NGTS-34.csv,OK,24
K2-287.csv,OK,24
DMPP-9.csv,OK,24
K2-293.csv,OK,24
NGTS-20.csv,OK,24
TOI-1246.csv,OK,24
2MASS_J22362452+4751425.csv,OK,24
WASP-154.csv,OK,24
HD_35759.csv,OK,24
HD_5608.csv,OK,24
TOI-2015.csv,OK,24
HD_218566.csv,OK,24
GJ_687.csv,OK,24
WASP-168.csv,OK,24
CoRoT-20.csv,OK,24
TOI-7384.csv,OK,24
Kepler-605.csv,OK,24
WASP-21.csv,OK,24
Kepler-1105.csv,OK,24
Kepler-1663.csv,OK,24
Kepler-163.csv,OK,24
K2-3.csv,OK,24
Kepler-177.csv,OK,24
WASP-8.csv,OK,24
Kepler-1677.csv,OK,24
HD_89307.csv,OK,24
WASP-35.csv,OK,24
HD_52265.csv,OK,24
Kepler-1111.csv,OK,24
Kepler-611.csv,OK,24
Kepler-1139.csv,OK,24
Kepler-639.csv,OK,24
ROXs_42_B.csv,OK,24
Kepler-1887.csv,OK,24
Kepler-1893.csv,OK,24
AB_Pic.csv,OK,24
HD_214823.csv,OK,24
HD_203387.csv,OK,24
Qatar-1.csv,OK,24
TOI-1736.csv,OK,24
Kepler-1878.csv,OK,24
TIC_117642575.csv,OK,24
TOI-1722.csv,OK,24
OGLE-2016-BLG-1227L.csv,OK,24
TOI-3135.csv,OK,24
HD_50499.csv,OK,24
Kepler-822.csv,OK,37
K2-22.csv,OK,24
Kepler-1844.csv,OK,24
HD_73526.csv,OK,24
Kepler-188.csv,OK,24
Kepler-1850.csv,OK,24
Kepler-1688.csv,OK,24
TOI-4666.csv,OK,24
Kepler-836.csv,OK,24
K2-36.csv,OK,24
Kepler-1868.csv,OK,24
TOI-5232.csv,OK,24
WASP-145_A.csv,OK,24
TOI-1054.csv,OK,24
TOI-1732.csv,OK,24
Kepler-832.csv,OK,37
K2-32.csv,OK,24
OGLE-2012-BLG-0724L.csv,OK,24
TOI-4662.csv,OK,24
TOI-209.csv,OK,24
Kepler-1854.csv,OK,24
HD_28254.csv,OK,24
Kepler-198.csv,OK,24
TOI-6707.csv,OK,24
Kepler-1698.csv,OK,24
Kepler-1840.csv,OK,18
TOI-2207.csv,OK,24
Kepler-826.csv,OK,24
K2-26.csv,OK,24
Kepler-615.csv,OK,24
CoRoT-30.csv,OK,24
KIC_10068024.csv,OK,24
Kepler-1115.csv,OK,24
WASP-31.csv,OK,24
MOA-2010-BLG-477L.csv,OK,24
Kepler-1673.csv,OK,24
Kepler-173.csv,OK,24
K2-7.csv,OK,24
Kepler-167.csv,OK,24
Kepler-1667.csv,OK,24
Kepler-1101.csv,OK,24
WASP-25.csv,OK,24
Kepler-601.csv,OK,24
CoRoT-24.csv,OK,24
Kepler-1129.csv,OK,24
HAT-P-4.csv,OK,24
Kepler-629.csv,OK,24
Qatar-5.csv,OK,24
Kepler-1897.csv,OK,24
TOI-3976_A.csv,OK,24
TIC_183374187.csv,OK,18
CoRoT-18.csv,OK,24
WASP-19.csv,OK,24
HD_142415.csv,OK,24
WASP-150.csv,OK,24
NGTS-24.csv,OK,24
TOI-7155.csv,OK,24
HD_12484.csv,OK,24
HD_70573.csv,OK,24
K2-283.csv,OK,24
NGTS-30.csv,OK,24
Kepler-5.csv,OK,24
HD_14787.csv,OK,24
WASP-144.csv,OK,24
NGTS-18.csv,OK,24
TOI-1518.csv,OK,24
TOI-2005.csv,OK,24
HD_115954.csv,OK,24
WASP-178.csv,OK,24
BD+48_740.csv,OK,15
Kepler-371.csv,OK,24
WASP-193.csv,OK,24
Kepler-1471.csv,OK,24
GJ_3988.csv,OK,24
Kepler-1317.csv,OK,24
Kepler-74.csv,OK,24
K2-254.csv,OK,24
Kepler-417.csv,OK,24
Kepler-60.csv,OK,24
K2-240.csv,OK,24
Kepler-403.csv,OK,24
Kepler-1303.csv,OK,24
TOI-5795.csv,OK,24
HD_86226.csv,OK,24
WASP-187.csv,OK,24
Kepler-1465.csv,OK,24
Kepler-365.csv,OK,24
TOI-1295.csv,OK,24
2MASS_J035909862009361.csv,OK,24
Kepler-48.csv,OK,24
TIC_38828280.csv,OK,24
K2-268.csv,OK,24
Kepler-359.csv,OK,24
Kepler-1459.csv,OK,24
HD_28678.csv,OK,24
TOI-157.csv,OK,24
TOI-1444.csv,OK,24
K2-419_A.csv,OK,24
HD_130322.csv,OK,24
TIC_161045582.csv,OK,24
TOI-6303.csv,OK,24
TOI-1478.csv,OK,24
Kepler-588.csv,OK,24
TOI-7009.csv,OK,24
Kepler-1288.csv,OK,24
HATS-46.csv,OK,24
HD_10442.csv,OK,24
BD-14_3065_A.csv,OK,24
Kepler-205.csv,OK,24
Kepler-1505.csv,OK,24
Kepler-1263.csv,OK,24
K2-320.csv,OK,24
Kepler-563.csv,OK,37
K2-334.csv,OK,24
Kepler-577.csv,OK,24
Kepler-1277.csv,OK,24
Kepler-1511.csv,OK,24
HATS-52.csv,OK,24
HAT-P-67.csv,OK,24
Kepler-211.csv,OK,24
TOI-2818.csv,OK,24
HD_113538.csv,OK,24
Kepler-1539.csv,OK,24
Kepler-239.csv,OK,24
TIC_65612701.csv,OK,24
KOI-7892.csv,OK,24
K2-308.csv,OK,24
MASCARA-1.csv,OK,24
omi_CrB.csv,OK,24
HD_3651.csv,OK,24
7_CMa.csv,OK,24
HD_10697.csv,OK,24
CoRoT-7.csv,OK,24
Kepler-946.csv,OK,24
HD_114082.csv,OK,24
Kepler-1934.csv,OK,24
GQ_Lup.csv,OK,24
TOI-2373.csv,OK,24
Kepler-952.csv,OK,24
TOI-1691.csv,OK,24
Kepler-761.csv,OK,24
K2-122.csv,OK,24
Kepler-1061.csv,OK,24
DE_CVn.csv,OK,24
Kepler-1713.csv,OK,24
Kepler-1075.csv,OK,24
HD_51608.csv,OK,24
TOI-1685.csv,OK,24
Kepler-775.csv,OK,24
K2-136.csv,OK,24
Kepler-985.csv,OK,24
GJ_536.csv,OK,24
Kepler-991.csv,OK,24
Kepler-749.csv,OK,37
Kepler-1049.csv,OK,24
Kepler-1048.csv,OK,24
Kepler-748.csv,OK,24
TOI-1860.csv,OK,24
Kepler-990.csv,OK,24
Kepler-984.csv,OK,24
HD_17674.csv,OK,24
GJ_251.csv,OK,24
Gaia22dkvL.csv,OK,15
TOI-2031_A.csv,OK,24
KELT-2_A.csv,OK,24
Kepler-1712.csv,OK,24
K2-137.csv,OK,24
Kepler-774.csv,OK,24
HD_46375.csv,OK,24
Kepler-1074.csv,OK,24
Kepler-1060.csv,OK,24
TOI-4930.csv,OK,24
K2-123.csv,OK,24
Kepler-760.csv,OK,24
HD_117207.csv,OK,24
TOI-6699.csv,OK,24
HD_20782.csv,OK,24
HD_97048.csv,OK,24
GJ_3341.csv,OK,24
Kepler-1935.csv,OK,24
Kepler-953.csv,OK,24
HN_Lib.csv,OK,24
Kepler-947.csv,OK,37
Kepler-1921.csv,OK,24
CoRoT-6.csv,OK,24
MOA-2022-BLG-091L.csv,OK,37
OGLE-TR-132.csv,OK,24
TOI-1135.csv,OK,24
GJ_160.2.csv,OK,24
Kepler-238.csv,OK,24
HD_154672.csv,OK,24
Kepler-1538.csv,OK,24
Kepler-1276.csv,OK,24
Kepler-576.csv,OK,24
K2-335.csv,OK,24
Kepler-210.csv,OK,24
HAT-P-66.csv,OK,24
HATS-53.csv,OK,24
Kepler-1510.csv,OK,37
Kepler-1504.csv,OK,24
Kepler-204.csv,OK,24
HATS-47.csv,OK,24
GJ_896_A.csv,OK,24
Kepler-562.csv,OK,24
K2-321.csv,OK,24
Kepler-1262.csv,OK,24
TOI-181.csv,OK,24
Kepler-1289.csv,OK,24
TOI-2169_A.csv,OK,24
2MASS_J225015122325342.csv,OK,24
TOI-7008.csv,OK,24
HD_161178.csv,OK,24
Kepler-589.csv,OK,24
TOI-4515.csv,OK,24
TIC_32032563.csv,OK,24
HD_179079.csv,OK,24
HD_13189.csv,OK,24
TOI-2158.csv,OK,24
TOI-4529.csv,OK,24
TOI-1451.csv,OK,24
GJ_3779.csv,OK,24
HD_189567.csv,OK,24
Kepler-1458.csv,OK,24
HD_18143.csv,OK,24
Kepler-358.csv,OK,24
OGLE-2012-BLG-0358L.csv,OK,24
K2-269.csv,OK,24
Kepler-49.csv,OK,24
Kepler-1302.csv,OK,24
Kepler-402.csv,OK,24
K2-241.csv,OK,24
OGLE-2005-BLG-071L.csv,OK,24
Kepler-61.csv,OK,24
TOI-1294.csv,OK,24
Kepler-364.csv,OK,24
Kepler-1464.csv,OK,24
HR_858.csv,OK,24
WASP-186.csv,OK,24
Kepler-1470.csv,OK,24
WASP-192.csv,OK,24
Kepler-370.csv,OK,24
Kepler-416.csv,OK,24
Kepler-75.csv,OK,24
Kepler-1316.csv,OK,24
HD_37605.csv,OK,24
TOI-778.csv,OK,24
GJ_682.csv,OK,24
LHS_3844.csv,OK,24
TOI-2010.csv,OK,24
MOA-bin-1L.csv,OK,24
K2-282.csv,OK,24
HD_128356.csv,OK,24
2MASS_J11011926-7732383.csv,OK,24
Kepler-4.csv,OK,24
TOI-2986.csv,OK,24
NGTS-31.csv,OK,24
TOI-1243.csv,OK,24
HD_2638.csv,OK,24
WASP-151.csv,OK,24
TOI-2992.csv,OK,24
Kepler-1882.csv,OK,24
WASP-18.csv,OK,24
CoRoT-19.csv,OK,24
HD_150010.csv,OK,24
HD_107148.csv,OK,24
HAT-P-5.csv,OK,24
Kepler-1128.csv,OK,37
Kepler-1896.csv,OK,24
Qatar-4.csv,OK,24
OGLE-2018-BLG-0596L.csv,OK,24
Kepler-1666.csv,OK,24
Kepler-166.csv,OK,24
K2-6.csv,OK,24
CoRoT-25.csv,OK,24
Kepler-600.csv,OK,24
WASP-24.csv,OK,24
Kepler-1100.csv,OK,24
Kepler-1114.csv,OK,24
HD_142022_A.csv,OK,24
CoRoT-31.csv,OK,24
Kepler-614.csv,OK,24
Kepler-172.csv,OK,24
Kepler-1672.csv,OK,24
Kepler-1841.csv,OK,24
xi_Aql.csv,OK,24
Kepler-1699.csv,OK,24
Kepler-199.csv,OK,24
K2-27.csv,OK,24
Kepler-827.csv,OK,37
TIC_279401253.csv,OK,24
HD_23472.csv,OK,24
K2-33.csv,OK,24
Kepler-833.csv,OK,24
Kepler-1855.csv,OK,24
55_Cnc.csv,OK,24
GJ_480.csv,OK,24
OGLE-2012-BLG-0026L.csv,OK,24
TOI-220.csv,OK,24
IRAS_041252902.csv,OK,24
HD_216770.csv,OK,24
Kepler-1869.csv,OK,24
HD_136418.csv,OK,24
OGLE-2018-BLG-0298L.csv,OK,18
Kepler-819.csv,OK,24
K2-19.csv,OK,24
TOI-544.csv,OK,24
HD_8673.csv,OK,24
MOA-2016-BLG-319L.csv,OK,24
Kepler-825.csv,OK,37
K2-25.csv,OK,24
Kepler-1843.csv,OK,24
Kepler-1857.csv,OK,24
Kepler-831.csv,OK,24
K2-31.csv,OK,24
HD_25015.csv,OK,24
Gl_410.csv,OK,24
Kepler-1102.csv,OK,24
WASP-26.csv,OK,24
HD_33844.csv,OK,24
Kepler-602.csv,OK,24
L_363-38.csv,OK,24
K2-4.csv,OK,24
Kepler-164.csv,OK,24
HD_98219.csv,OK,24
Kepler-1664.csv,OK,24
TOI-2589.csv,OK,24
Kepler-1670.csv,OK,24
TOI-1080.csv,OK,24
Kepler-170.csv,OK,24
Kepler-616.csv,OK,24
Kepler-1116.csv,OK,24
WASP-32.csv,OK,24
HD_97658.csv,OK,24
Kepler-1880.csv,OK,24
TOI-2587_A.csv,OK,24
Kepler-158.csv,OK,24
Qatar-6.csv,OK,24
Kepler-1894.csv,OK,24
HAT-P-7.csv,OK,24
NGTS-33.csv,OK,24
Kepler-6.csv,OK,24
WASP-147.csv,OK,24
K2-280.csv,OK,24
HD_156846.csv,OK,24
K2-294.csv,OK,24
OGLE-2019-BLG-0468L.csv,OK,24
TOI-5027.csv,OK,24
2MASS_J02192210-3925225.csv,OK,24
WASP-153.csv,OK,24
NGTS-27.csv,OK,24
TOI-4311.csv,OK,24
Kepler-1499.csv,OK,24
TOI-1269.csv,OK,24
Kepler-399.csv,OK,24
GJ_680.csv,OK,24
HD_164604.csv,OK,24
GJ_3021.csv,OK,24
HD_220773.csv,OK,24
Kepler-1466.csv,OK,15
WASP-184.csv,OK,24
Kepler-366.csv,OK,24
TOI-1296.csv,OK,24
Kepler-63.csv,OK,24
Kepler-400.csv,OK,24
K2-243.csv,OK,24
Kepler-1300.csv,OK,24
Kepler-1314.csv,OK,24
Kepler-77.csv,OK,24
Kepler-414.csv,OK,24
K2-257.csv,OK,24
Kepler-372.csv,OK,24
Kepler-1472.csv,OK,24
WASP-190.csv,OK,24
HD_207496.csv,OK,24
UZ_For.csv,OK,24
Kepler-428.csv,OK,24
Kepler-1328.csv,OK,24
TOI-858_B.csv,OK,24
HD_28109.csv,OK,24
TOI-1453.csv,OK,24
TOI-5153.csv,OK,24
DH_Tau.csv,OK,24
HD_154857.csv,OK,24
HD_156098.csv,OK,24
KMT-2016-BLG-1397L.csv,OK,24
BD14_4559.csv,OK,24
HD_174205.csv,OK,24
HD_331093.csv,OK,24
HD_80913.csv,OK,24
Kepler-1512.csv,OK,24
HATS-51.csv,OK,24
HAT-P-64.csv,OK,24
Kepler-212.csv,OK,24
Kepler-574.csv,OK,24
K2-337.csv,OK,24
Kepler-1274.csv,OK,24
Kepler-1260.csv,OK,24
OGLE-2011-BLG-0251L.csv,OK,24
Kepler-560.csv,OK,24
K2-323.csv,OK,24
HATS-45.csv,OK,24
HD_56414.csv,OK,24
Kepler-206.csv,OK,24
HAT-P-70.csv,OK,24
Kepler-1506.csv,OK,24
HIP_65891.csv,OK,24
HAT-P-58.csv,OK,24
TOI-815.csv,OK,24
Kepler-1248.csv,OK,24
XO-2_N.csv,OK,24
Kepler-548.csv,OK,24
HD_204941.csv,OK,24
HD_76920.csv,OK,24
CoRoT-4.csv,OK,24
2MASS_J043721712651014.csv,OK,24
TOI-6894.csv,OK,24
HD_210277.csv,OK,24
Kepler-979.csv,OK,24
Kepler-1089.csv,OK,24
Kepler-789.csv,OK,24
Kepler-951.csv,OK,24
Kepler-1937.csv,OK,24
TOI-2416.csv,OK,24
Kepler-1923.csv,OK,24
Kepler-945.csv,OK,37
TOI-2364.csv,OK,24
Kepler-1076.csv,OK,24
Kepler-776.csv,OK,24
HD_20794.csv,OK,24
HD_109749.csv,OK,24
Kepler-1710.csv,OK,24
Kepler-1704.csv,OK,24
K2-121.csv,OK,24
Kepler-762.csv,OK,24
Kepler-1062.csv,OK,24
Kepler-992.csv,OK,24
SWEEPS-11.csv,OK,24
Gl_725_A.csv,OK,24
Kepler-1738.csv,OK,24
Kepler-986.csv,OK,24
Kepler-1739.csv,OK,24
HD_215497.csv,OK,24
Kepler-987.csv,OK,24
K2-108.csv,OK,24
Kepler-993.csv,OK,24
TOI-3912.csv,OK,24
HD_20781.csv,OK,24
Kepler-1705.csv,OK,24
Kepler-1063.csv,OK,24
Kepler-763.csv,OK,24
TOI-1693.csv,OK,24
Kepler-777.csv,OK,24
Kepler-1077.csv,OK,24
TIC_320419023.csv,OK,24
Kepler-1711.csv,OK,24
Kepler-1922.csv,OK,24
Kepler-950.csv,OK,24
Kepler-788.csv,OK,24
TOI-5292_A.csv,OK,24
Kepler-1088.csv,OK,24
Kepler-1936.csv,OK,24
LHS_475.csv,OK,24
TOI-5350.csv,OK,24
TOI-1136.csv,OK,24
Kepler-978.csv,OK,24
CoRoT-5.csv,OK,24
TOI-5422.csv,OK,24
BD+49_828.csv,OK,24
TOI-5344.csv,OK,24
TOI-431.csv,OK,24
HD_64114.csv,OK,24
OGLE-2016-BLG-1093L.csv,OK,24
HD_100546.csv,OK,24
NGC_2682_YBP_1514.csv,OK,24
HAT-P-59.csv,OK,24
Kepler-549.csv,OK,24
Kepler-1249.csv,OK,24
HD_95338.csv,OK,24
K2-322.csv,OK,24
Kepler-561.csv,OK,24
Kepler-1261.csv,OK,24
Kepler-1507.csv,OK,24
Kepler-207.csv,OK,24
HATS-44.csv,OK,24
Kepler-213.csv,OK,24
HAT-P-65.csv,OK,24
HATS-50.csv,OK,24
Kepler-1513.csv,OK,24
Kepler-1275.csv,OK,24
K2-336.csv,OK,24
Kepler-575.csv,OK,24
HD_13808.csv,OK,24
OGLE2-TR-L9.csv,OK,24
TOI-169.csv,OK,24
HD_24040.csv,OK,24
TOI-1452.csv,OK,24
LP_791-18.csv,OK,24
Kepler-1329.csv,OK,24
HD_120084.csv,OK,24
HD_103891.csv,OK,24
HD_149026.csv,OK,24
Kepler-415.csv,OK,24
Kepler-76.csv,OK,24
Kepler-1315.csv,OK,24
Kepler-1473.csv,OK,24
Kepler-373.csv,OK,24
Kepler-367.csv,OK,24
TIC_270471727.csv,OK,24
K2-288_B.csv,OK,24
WASP-185.csv,OK,24
Kepler-1467.csv,OK,24
Kepler-1301.csv,OK,24
GJ_1151.csv,OK,24
K2-242.csv,OK,24
Kepler-401.csv,OK,24
Kepler-62.csv,OK,24
Kepler-398.csv,OK,24
TOI-1268.csv,OK,24
Kepler-1498.csv,OK,24
TIC_178172313.csv,OK,24
K2-295.csv,OK,24
NGTS-26.csv,OK,24
TOI-3457.csv,OK,24
Kepler-7.csv,OK,24
NGTS-32.csv,OK,16
K2-281.csv,OK,24
HIP_97233.csv,OK,24
Qatar-10.csv,OK,24
HD_154088.csv,OK,24
Kepler-1895.csv,OK,24
Qatar-7.csv,OK,24
HAT-P-6.csv,OK,24
Kepler-159.csv,OK,24
Kepler-171.csv,OK,24
Kepler-1671.csv,OK,24
NGC_2682_Sand_1429.csv,OK,24
WASP-33.csv,OK,24
Kepler-1117.csv,OK,24
CoRoT-32.csv,OK,24
HD_183263.csv,OK,24
Kepler-617.csv,OK,24
CoRoT-26.csv,OK,24
Kepler-603.csv,OK,24
Kepler-1103.csv,OK,24
MOA-2016-BLG-227L.csv,OK,24
TOI-5595.csv,OK,24
GJ_3222.csv,OK,24
Kepler-1665.csv,OK,24
TOI-3682.csv,OK,24
Kepler-165.csv,OK,24
K2-5.csv,OK,24
HD_73534.csv,OK,24
Kepler-1856.csv,OK,24
TOI-5218.csv,OK,24
TOI-2211.csv,OK,24
K2-30.csv,OK,24
Kepler-830.csv,OK,24
TOI-1718.csv,OK,24
K2-24.csv,OK,24
Kepler-824.csv,OK,37
Kepler-1842.csv,OK,24
EPIC_212499991.csv,OK,24
HD_109833.csv,OK,24
TOI-5542.csv,OK,24
TOI-237.csv,OK,24
K2-18.csv,OK,24
Kepler-818.csv,OK,24
MOA-2015-BLG-337L.csv,OK,24
