tid,toi,tfopwg_disp,ra,dec,st_rad,st_teff
182943944,1017.01,FP,124.726411,-37.78325,1.61,6995.2
291555748,1018.01,FP,111.716019,-50.266567,2.0,5889.0
140706664,1020.01,FP,128.381976,-43.828421,,8734.2
143994283,1021.01,FP,119.30075,-42.999149,1.22,6022.6
238374636,1023.01,FP,120.837688,-51.345626,2.99,5050.8
141482386,1024.01,FP,86.820714,-72.422611,7.61,4709.0
297967252,1025.01,FP,142.521159,-51.517114,,8598.7
388624270,1026.01,FP,125.434634,-51.759442,0.853898,5690.0
447283466,1028.01,FP,157.098337,-51.705409,0.68,4634.0
374908020,1029.01,FP,88.73909,-65.958839,,
464296022,1030.01,FP,155.831478,-57.590248,1.07,4807.6
304021498,1031.01,FP,140.88389,-67.026006,1.92,6415.4
149601557,1033.01,FP,87.282586,-60.498444,2.01,6113.1
400595342,1034.01,FP,134.441752,-49.000578,1.60776,9810.0
363260203,1037.01,FP,147.385172,-63.306478,1.74,9158.0
90544017,1038.01,FP,128.454638,-49.940347,2.17,8904.0
310483807,1040.01,FP,128.61421,-61.488262,6.04,10037.0
385624852,1041.01,FP,138.402252,-55.19791,3.05,9081.0
360286627,1042.01,FP,141.975215,-61.33004,3.5086601,9917.0
90448944,1043.01,FP,128.302319,-52.714202,1.52,6902.0
54044474,1045.01,FP,159.887704,-32.51188,1.9,7013.8
309787037,1046.01,FP,126.419468,-60.907514,1.75,6762.0
370745311,1047.01,FP,144.581535,-67.505097,0.93,5622.0
31858844,1070.01,FP,289.478541,-32.861327,1.28,5740.0
140830390,1072.01,FP,75.627307,-72.913998,2.4494,5765.0
384549882,1048.01,FP,136.527702,-54.903922,2.52,11892.0
112395568,1053.01,FP,290.977117,-33.351416,3.86959,5664.0
253990973,1061.01,FP,284.688908,-41.242483,1.21935,5525.0
50365310,1000.01,FP,112.357708,-12.69596,2.16986,10249.0
124709665,1002.01,FP,104.726966,-10.580455,5.73,8924.0
106997505,1003.01,FP,110.559945,-25.207017,,5388.5
238597883,1004.01,FP,122.178195,-48.802811,2.15,9219.0
169904935,1005.01,FP,120.704811,-11.101521,1.09,5613.0
156115721,1006.01,FP,124.359239,-27.273521,1.53429,6616.0
440801822,1008.01,FP,109.382839,13.395219,1.57,6858.5
139853601,1010.01,FP,112.293981,-21.832912,1.0,9438.0
97700520,1013.01,FP,107.286063,-31.933523,,8868.7
96246348,1014.01,FP,103.561602,-34.22282,,9307.0
155044736,1015.01,FP,122.895964,-27.971896,6.7996101,4897.0
175310067,1016.01,FP,116.110771,-36.098285,1.53641,7601.0
295599256,1108.01,FP,274.221618,-68.197779,1.91,7860.0
50309953,1109.01,FP,30.198486,-77.610376,0.91,5317.0
446549905,1110.01,FP,286.791829,-58.697242,1.64,6610.0
412014494,1111.01,FP,291.373783,-60.941042,2.13,7262.0
369864738,1112.01,FP,163.628917,-87.269735,2.21,6819.0
290348382,1113.01,FP,328.710839,-77.337433,0.53,3469.0
90919952,1118.01,FP,277.432937,-44.625506,,4898.4
143257766,1120.01,FP,293.389272,-45.892667,1.64,7301.0
24094603,1121.01,FP,269.648642,-46.065523,,
304774444,1122.01,FP,281.369481,-52.262928,1.38,6317.0
405862830,1126.01,FP,279.062469,-43.620606,0.73,5034.0
269450900,1127.01,FP,292.195297,-36.00026,,8268.5
425721385,1128.01,FP,289.761799,-43.074223,1.63,6209.0
91576611,1129.01,FP,284.157959,-29.398357,2.32,7101.9
267489265,1132.01,FP,298.781281,54.781445,1.86,7851.0
69997672,1133.01,FP,294.824079,31.958037,2.2,6244.0
122220263,1134.01,FP,290.02096,36.637774,1.65,6277.0
426077080,1087.01,FP,238.001011,-76.49349,3.09,6907.0
129319156,1089.01,FP,228.84306,-52.885989,2.48,11600.0
361034196,1090.01,FP,242.016315,-68.588832,2.95,7009.8
387079085,1092.01,FP,217.022882,-64.634285,2.04,6534.0
382331352,1093.01,FP,215.805264,-63.045983,,
375225453,1096.01,FP,133.826684,-73.173308,2.8908899,6553.0
318608749,1100.01,FP,9.126138,-83.567067,1.14849,6033.0
271581073,1101.01,FP,319.551469,-77.529113,1.56,5803.5
311890977,1102.01,FP,263.003209,-76.858265,0.63,4138.1
451599528,1104.01,FP,279.721286,-85.709137,1.39203,6058.6
1717732429,1172.01,FP,282.474539,55.26639,,
30329585,1175.01,FP,289.238688,31.323574,1.27,6229.0
169177766,1177.01,FP,297.30004,41.326844,2.1,9121.5
359496368,1178.01,FP,279.101036,55.391781,0.56,4043.4
341544930,1182.01,FP,201.614657,65.306346,2.05,6496.7
258777137,1183.01,FP,286.74712,71.712377,1.06,5095.6
83210867,1185.01,FP,297.459433,34.829667,1.73,5997.0
289539327,1186.01,FP,251.633465,65.715035,2.01,6115.7
15247229,1188.01,FP,306.730853,38.93227,,8156.0
237185205,1191.01,FP,283.526697,37.720014,2.21,6800.0
89643259,1193.01,FP,301.41088,33.049205,1.87,7166.8
24364065,1195.01,FP,291.12047,33.273702,3.85,4974.4
288185138,1200.01,FP,222.841424,82.952258,1.24,6105.0
327017634,1202.01,FP,210.427355,-63.852645,0.577983,3773.0
110428269,1138.01,FP,291.463084,25.189437,2.59,9994.0
320525204,1140.01,FP,264.961539,56.078974,1.34,5941.5
159510109,1141.01,FP,247.534722,80.307766,1.1179,5894.7
284450803,1142.01,FP,290.708965,56.615386,2.68,7518.0
160268701,1143.01,FP,182.538652,77.352264,2.24,6152.0
350995812,1145.01,FP,291.92142,36.529898,,8562.5
21755546,1146.01,FP,292.286802,30.297329,2.62432,8598.7
288391628,1147.01,FP,266.962207,83.428826,2.92,6259.0
161450762,1155.01,FP,309.275852,32.471019,,
117256577,1156.01,FP,300.419309,26.971662,,
147576037,1157.01,FP,144.341393,68.458705,3.59,5709.8
379931600,1158.01,FP,293.427359,29.596296,1.3,4884.5
48188920,1159.01,FP,282.42081,48.098942,2.1,6449.5
89510024,1160.01,FP,301.317709,30.67067,,
16102323,1164.01,FP,307.336613,37.508561,,
138361973,1166.01,FP,293.764981,37.53859,1.13,5900.4
232967666,1167.01,FP,198.152378,71.618139,1.14,5807.0
41330864,1168.01,FP,301.710466,38.431023,1.5,5969.0
294176967,1170.01,FP,300.805115,52.040842,3.5,7875.0
101929303,1171.01,FP,299.273862,35.988359,2.05,7266.0
90504905,1234.01,FP,290.57223,26.319493,0.411471,3443.0
308034948,1206.01,FP,180.325704,-60.200439,1.1512,5824.0
33878688,1210.01,FP,66.221959,-73.333516,0.77,5168.33
399144800,1213.01,FP,163.198824,-67.387472,0.989667,6270.0
382437043,1223.01,FP,117.214876,-63.720125,2.04178,6516.0
237200747,1270.01,FP,293.032494,74.891073,0.83,5056.6
267561446,1284.01,FP,311.513651,56.86715,0.560391,3855.0
274662200,1285.01,FP,316.86724,46.865373,0.53023,3526.0
408203470,1289.01,FP,307.210941,33.413959,0.38621,3446.0
233684822,1253.01,FP,260.902889,64.862363,1.45,5779.0
274762761,1256.01,FP,301.346363,38.228325,0.156193,2972.0
256886630,1323.01,FP,329.385067,41.449509,2.68,9003.0
266688542,1324.01,FP,321.02381,46.384673,1.79,6854.0
274942910,1325.01,FP,322.92657,41.797465,0.67,4349.3
275111900,1326.01,FP,323.206851,39.072196,,8286.0
330332501,1328.01,FP,315.110366,46.060449,2.07,6585.0
345996087,1329.01,FP,327.480039,44.08006,1.72,7274.6
357457104,1330.01,FP,315.540896,45.775741,,
387664866,1331.01,FP,323.548627,50.481445,3.98,6135.4
387664868,1332.01,FP,323.550356,50.481865,,
42123111,1334.01,FP,302.220069,38.245221,6.37,11348.0
89759617,1335.01,FP,301.564685,35.588396,2.35,7965.0
92783821,1336.01,FP,303.017318,35.524628,2.45,7396.0
233681149,1340.01,FP,260.36481,65.012281,0.987583,5929.0
233390838,1341.01,FP,301.559262,59.490771,1.69,6477.6
256621916,1342.01,FP,300.488392,60.246367,,5869.0
358631536,1343.01,FP,317.575459,48.464282,1.65,9622.0
1400770435,1344.01,FP,264.961539,56.078974,1.4,5941.5
229770036,1348.01,FP,282.173361,70.840191,0.84,4567.0
199688472,1292.01,FP,253.14033,57.97415,1.46,5672.9
229536616,1297.01,FP,195.821133,67.823436,1.37,6292.0
258777134,1299.01,FP,286.74788,71.7136,,
185405474,1303.01,FP,301.717674,45.499227,2.29,6897.0
186000935,1304.01,FP,303.072972,44.495878,1.18,5992.0
232679662,1305.01,FP,282.474539,55.26639,,
233735068,1306.01,FP,277.476856,61.049501,3.07,5147.3
277014266,1308.01,FP,306.425841,53.561615,2.67,5924.0
287190564,1309.01,FP,292.50517,54.108503,,8590.0
294179389,1310.01,FP,300.83864,53.29562,1.32,5938.0
405904232,1312.01,FP,301.562631,52.164181,1.86,6460.0
11111899,1313.01,FP,303.824831,36.651807,1.79,7812.5
136848581,1314.01,FP,317.7479,43.551895,2.72,5155.0
137284119,1315.01,FP,318.235161,46.26809,3.16,8321.0
15565627,1316.01,FP,307.016647,39.87713,2.35,6555.5
165523947,1317.01,FP,316.813885,40.167172,3.56,8542.0
167098530,1319.01,FP,318.627107,40.017017,0.87,5159.2
195199644,1321.01,FP,313.536475,37.789356,5.46,7315.0
343442463,1387.01,FP,341.518718,55.162935,1.72,7842.0
365389353,1390.01,FP,323.86462,51.323577,2.5,7495.0
389182138,1391.01,FP,343.635061,54.161814,0.79,5256.0
416987878,1392.01,FP,322.892141,50.320713,2.65,8342.0
430528566,1393.01,FP,333.171245,52.900886,1.35,
431156009,1394.01,FP,340.395784,51.965285,1.58,6294.0
468472950,1395.01,FP,321.283221,40.887821,1.69,6301.3
468845640,1396.01,FP,337.8341,53.796052,0.93,4731.1
64553698,1397.01,FP,338.452968,57.563539,1.14,6057.0
66783360,1399.01,FP,341.970903,49.918072,1.38,6483.0
258801269,1400.01,FP,287.025089,66.290697,1.62,6004.0
259126549,1401.01,FP,291.411851,69.11298,1.43,6149.2
259129875,1402.01,FP,291.880247,68.014695,2.32,7111.0
328750515,1403.01,FP,332.287103,57.938972,2.0780001,7577.0
387834907,1405.01,FP,315.669109,70.0803,,5195.1
279177746,1353.01,FP,313.885156,46.502085,1.87,9706.0
365683032,1354.01,FP,312.179957,51.910696,1.65,9224.0
357972447,1357.01,FP,316.955806,50.500883,1.37,7387.0
275501623,1358.01,FP,320.116115,61.12025,2.45,10445.0
416624606,1359.01,FP,310.038053,50.323742,2.11,5915.0
330468175,1360.01,FP,315.166199,47.785991,2.36,8999.0
230017325,1363.01,FP,291.469121,61.776068,3.51,6012.0
367099243,1365.01,FP,317.729186,72.615356,1.23,6046.3
120602501,1366.01,FP,337.686813,40.003763,1.73364,5705.0
129539786,1367.01,FP,343.953614,39.645117,1.7,6255.8
136971594,1368.01,FP,317.966114,43.592849,1.72,5717.0
155005217,1369.01,FP,345.243825,42.549318,1.8,9139.0
155114483,1370.01,FP,345.748458,44.564848,1.7,8728.0
164150539,1372.01,FP,335.753569,30.572726,1.55,5772.0
190430205,1374.01,FP,324.922517,46.220215,4.94,9222.0
190442486,1375.01,FP,324.935562,41.950794,1.51,7465.0
190743990,1376.01,FP,325.787112,45.646806,1.45,6026.0
240613164,1377.01,FP,326.305217,45.812547,,9458.2
249812036,1378.01,FP,339.785541,49.426562,2.92,8224.0
274170255,1380.01,FP,316.446344,46.845151,3.84,5197.0
313506357,1383.01,FP,347.757547,45.93369,1.39,6023.1
328167090,1384.01,FP,331.663464,55.686255,1.93,5128.9
329864959,1385.01,FP,333.245043,53.98452,,
329277372,1421.01,FP,332.630396,57.282437,,5780.0
346418409,1423.01,FP,344.609651,39.658712,0.696945,4993.0
418959198,1424.01,FP,344.907267,36.517666,0.799965,4528.99
128501004,1426.01,FP,339.03342,37.841042,1.1,5558.0
2041563029,1427.01,FP,346.517442,43.898633,0.63,5094.4
377304435,1428.01,FP,287.050161,55.303691,2.14,6314.0
138968089,1429.01,FP,295.101088,40.986723,1.47292,5854.65
233541860,1486.01,FP,281.197877,62.685644,0.71,4154.0
354594208,1492.01,FP,1.887805,32.43753,1.25,5904.0
431148743,1495.01,FP,334.981312,53.662497,,3294.0
384045439,1496.01,FP,327.275942,53.293768,0.68,5113.0
371673488,1497.01,FP,343.233217,59.850951,1.85,8911.0
316402246,1498.01,FP,321.97348,54.519818,1.6,8014.0
414870287,1499.01,FP,336.872671,59.43379,,3295.0
377420580,1500.01,FP,341.964758,60.173635,,4980.0
329145325,1501.01,FP,332.712572,59.650554,1.58,7274.0
410528770,1502.01,FP,328.215897,60.569156,2.41,5647.0
428065977,1503.01,FP,339.120372,52.115714,1.46,6928.0
326114850,1504.01,FP,331.569908,52.701917,1.5,6194.0
331034236,1505.01,FP,326.091506,58.551567,2.0707099,6338.0
64836837,1506.01,FP,338.796529,55.031026,3.37,9195.0
430677414,1507.01,FP,333.669705,53.239557,1.77,7960.5
415741431,1508.01,FP,339.14435,58.276061,3.87,8326.0
272828463,1509.01,FP,356.588834,60.487025,2.91,7856.0
382302241,151.01,FP,83.349121,-58.745093,0.79,5037.6
377739433,1510.01,FP,348.574188,65.957972,3.4,6524.0
376682699,1511.01,FP,340.352259,69.074447,2.0,9218.0
434718964,1512.01,FP,345.488066,64.067337,,
269509393,1513.01,FP,350.373796,60.175637,1.55,6221.0
270238522,1514.01,FP,351.648417,64.304699,3.64,7339.8
470709084,1515.01,FP,357.368097,61.682819,2.32,6370.0
455962313,1517.01,FP,340.036593,65.439728,,
272049972,1519.01,FP,355.416664,62.921485,1.58,6083.0
355636844,146.01,FP,358.302034,-56.013252,,
17005768,1460.01,FP,20.610639,26.925729,1.1282001,5766.0
220435095,147.01,FP,73.641474,-57.513453,2.6126101,5620.9
427654774,1474.01,FP,349.289072,70.190576,0.275946,3453.0
421308357,1479.01,FP,288.818098,57.760569,2.63,6423.0
335483600,1480.01,FP,332.613639,63.55055,,8181.0
197650870,1481.01,FP,336.705071,52.227842,4.02,8332.0
452803785,1483.01,FP,338.435039,52.636337,1.09,6109.0
67309890,1484.01,FP,343.156204,48.55001,2.23,5843.7
441732151,1555.01,FP,257.876742,72.135555,1.04,6025.3
405794804,1556.01,FP,324.714399,65.039172,1.65,8009.0
320506985,1557.01,FP,8.163572,54.654594,1.69,5751.0
117322779,1558.01,FP,48.352264,49.783757,,
220518305,156.01,FP,41.467598,-64.320687,1.28,5823.9
245462406,1561.01,FP,38.821696,55.703217,3.35,6777.0
249862365,1562.01,FP,38.123017,52.704091,1.84,6208.0
256414077,1566.01,FP,15.606503,60.715521,1.63,6516.0
259151170,1567.01,FP,50.345888,52.692112,0.86,4503.5
284050395,1568.01,FP,8.989872,65.026035,0.94,5421.0
285666479,1569.01,FP,43.61065,52.07103,4.92,5511.5
285674856,1570.01,FP,53.196298,51.884502,1.8,8348.0
285677945,1571.01,FP,53.098973,50.49904,2.14,5624.8
292321872,1572.01,FP,31.902189,45.500156,2.52,6322.2
307111282,1574.01,FP,14.640115,50.936428,1.21,5791.0
316254876,1575.01,FP,51.988839,54.865617,1.63,5429.5
327011842,1576.01,FP,23.466893,45.010329,5.3874698,4975.0
332154944,1577.01,FP,19.278636,57.514232,1.13,6082.0
348135793,1578.01,FP,34.376965,56.42149,2.11,6742.0
354400186,1579.01,FP,27.738026,48.352316,,8393.7
403136413,158.01,FP,333.578718,-55.378981,2.3,5988.0
370759867,1581.01,FP,28.16355,55.185971,0.97,5865.0
374400599,1582.01,FP,34.69789,64.356382,2.04,6904.3
403256331,1583.01,FP,4.249336,58.679253,4.62,10097.0
418987806,1584.01,FP,6.519425,63.319412,4.27,6919.0
444415148,1585.01,FP,6.308908,62.543115,5.03,9542.0
403287048,152.01,FP,332.357482,-62.334453,1.22,6347.0
269238073,1520.01,FP,350.232731,62.161179,1.5,6153.0
366074069,1521.01,FP,356.770579,69.049522,2.31,6146.0
367102581,1522.01,FP,314.269036,78.674917,1.89,9024.0
387413037,1523.01,FP,311.236535,69.151807,1.53,6745.0
314338017,1524.01,FP,319.144978,58.772809,6.79,8522.0
276380902,1525.01,FP,308.065776,58.328901,3.14,9603.0
313761775,1526.01,FP,318.347586,56.943732,2.38,6298.0
312259170,1529.01,FP,11.042775,59.464498,,8078.0
312469860,1530.01,FP,12.881425,55.710926,1.67,6941.0
354600221,1534.01,FP,6.074676,57.881718,1.68,6329.0
420288086,1535.01,FP,10.962717,61.835626,2.67,7715.3
445137888,1536.01,FP,11.3024,56.070058,2.67713,10310.0
252636888,1539.01,FP,346.518266,52.787014,3.22,5855.0
389525208,154.01,FP,313.261454,-38.594923,2.57,5910.7
318746829,1540.01,FP,349.718625,56.008598,,3593.0
319068154,1541.01,FP,350.108816,55.52411,2.36,9500.0
431585347,1543.01,FP,357.674034,50.354962,2.32,9238.0
127425841,1545.01,FP,6.030617,40.165571,2.0,6905.3
409520860,1547.01,FP,355.451893,37.186566,1.44,5758.0
191146556,1549.01,FP,8.304382,46.340305,1.49,6116.5
241065596,1550.01,FP,21.736201,49.388653,3.96,6628.0
326919774,1552.01,FP,22.972973,46.399826,4.72,9146.0
388076005,1622.01,FP,318.049804,68.05247,1.0,5932.2
407394748,1623.01,FP,5.420651,77.880071,1.77,7325.2
461387302,1624.01,FP,3.021798,66.650523,1.27,6406.0
470852531,1625.01,FP,359.741171,61.554089,1.43,6587.0
51024887,1632.01,FP,42.155188,62.18926,0.165066,2990.0
230086768,1635.01,FP,246.624072,66.144224,0.389199,3496.0
269892793,1636.01,FP,44.292951,33.312657,0.687841,4769.0
286355915,1637.01,FP,37.893241,34.368925,1.64302,6531.44
348673213,1639.01,FP,35.807322,56.570014,0.611023,3896.0
79395355,164.01,FP,320.054292,-51.309972,1.3,5926.0
22843856,1644.01,FP,39.006522,25.588461,1.24,6019.0
184679932,1645.01,FP,32.294112,40.401942,1.30937,6198.0
154927364,1647.01,FP,207.874218,84.071615,1.86,5821.7
116608612,1649.01,FP,85.66321,35.185708,1.78,8170.0
350743714,165.01,FP,88.886226,-57.290745,1.91151,6038.0
122485078,1650.01,FP,76.851285,36.275085,3.02,7719.0
458914949,1587.01,FP,48.423422,61.907831,2.51,7275.0
52041724,1589.01,FP,14.119486,65.679038,1.78,7455.0
71854745,1590.01,FP,26.299423,54.56844,,9050.3
82010657,1591.01,FP,48.753158,60.238195,1.7,7519.0
186599508,1592.01,FP,45.08847,39.068266,1.38826,5669.9
192372961,1593.01,FP,45.598372,43.183802,4.77,6716.5
201154493,1594.01,FP,56.143332,41.064351,4.35,9447.0
385105624,1595.01,FP,50.808098,46.682113,1.53,6222.3
431899140,1596.01,FP,56.222542,45.507188,3.62,7962.9
68152139,1597.01,FP,44.401798,40.016703,1.49,6001.0
253917293,160.01,FP,337.500827,-31.924356,1.28,5935.0
187029841,1600.01,FP,34.555963,38.478824,1.95,6056.9
118301361,1604.01,FP,34.195855,29.570473,3.02,7249.8
26433869,1607.01,FP,56.814344,30.149498,7.83,4963.0
138017750,1608.01,FP,50.80115,33.078133,2.13,6057.7
272625214,1613.01,FP,356.318574,62.142699,1.44,6651.0
317397615,1614.01,FP,349.796329,75.017864,4.04,5182.0
317507345,1615.01,FP,351.174718,77.627113,1.51,7170.0
322202434,1617.01,FP,325.32505,68.807202,0.94,5521.0
376838000,1618.01,FP,340.909648,69.091928,2.0,10596.0
377144784,1619.01,FP,342.443925,68.251071,4.73,5017.0
121966220,1688.01,FP,75.797813,41.785784,2.3529,5843.0
154867950,1652.01,FP,188.3547,84.678957,1.99,5329.0
27677846,1657.01,FP,66.370139,46.365902,0.79,5304.0
286561122,1658.01,FP,65.876229,35.495109,2.97877,7325.5
311121985,1660.01,FP,85.581285,49.513452,1.86,6375.0
312122956,1661.01,FP,88.475966,30.446042,,
339538183,1662.01,FP,93.318904,63.685008,1.78,7235.0
353367071,1663.01,FP,89.934847,33.506969,2.11,7895.7
354006740,1665.01,FP,88.369051,37.339411,2.03,6481.7
368536386,1666.01,FP,89.420179,36.765805,2.0,7185.0
409183335,1667.01,FP,81.807832,38.597453,1.76,7174.0
417705690,1668.01,FP,348.607533,76.93432,1.04,5420.0
468828873,1672.01,FP,91.872047,66.857699,1.89,6064.0
470315428,1673.01,FP,64.648489,52.865034,1.4,5562.6
73104318,1674.01,FP,61.721603,58.465452,2.45,5029.7
96291218,1678.01,FP,73.034809,30.280386,2.05,8001.0
9837861,1679.01,FP,70.54858,54.292058,2.68,5235.5
298666530,1729.01,FP,278.399911,58.205529,,5780.0
53427308,1733.01,FP,118.881765,54.596601,1.5,5846.0
23650642,1700.01,FP,126.088625,42.104735,1.01,5524.0
371210825,1702.01,FP,111.559352,32.383825,0.89,4252.9
95129101,1704.01,FP,114.932863,28.120146,1.34,6621.9
137500798,1705.01,FP,132.635012,82.92712,1.67,6653.0
240148934,1707.01,FP,101.382168,31.465533,1.48,6582.0
309257814,171.02,FP,124.269428,-63.213403,1.1072299,5237.0
461662295,1711.01,FP,124.446664,51.01037,0.97,5326.0
67926921,1712.01,FP,127.945702,44.832314,3.17,6831.4
142090065,1715.01,FP,79.073505,79.737727,1.50581,7072.0
81212286,1724.01,FP,127.032597,56.427529,0.380019,3541.0
86280613,1786.01,FP,141.721087,61.698996,1.83,6505.0
450327768,1788.01,FP,160.229227,35.913354,1.26,5776.0
135083444,1795.01,FP,184.3669,19.839989,1.16271,6071.0
272086159,176.01,FP,115.003473,-72.205678,0.271,3270.0
420112587,1760.01,FP,290.173976,73.195993,0.254522,3212.0
457138169,1770.01,FP,141.367951,50.908874,1.4487799,6273.0
183979262,183.01,FP,21.650295,-72.748874,2.72192,6270.0
20182165,1830.01,FP,226.181249,38.605375,1.21,6327.16
207468071,1836.02,FP,245.907924,54.690077,1.62,6351.0
300871545,184.01,FP,117.657401,-70.533461,1.44956,6380.0
258871793,1843.01,FP,287.894787,66.328065,1.2752,5954.0
219824469,1848.01,FP,204.440006,48.250123,1.62,5923.0
307734817,1808.01,FP,171.59704,28.056535,1.59204,6351.66
377290815,1813.01,FP,286.592985,56.629312,1.84,6194.2
233720539,1815.01,FP,276.379287,63.488103,2.48,6454.0
260609205,219.01,FP,97.453898,-57.254816,2.23892,6354.0
206498307,2413.01,FP,332.188392,-18.992719,1.69269,5184.9
49617263,2417.01,FP,37.885227,-40.016204,1.83,5485.4
65347776,2418.01,FP,39.725259,-27.324227,0.8,5095.0
120585579,242.01,FP,4.451423,-38.110855,1.2666,6083.0
29830212,2651.01,FP,66.302329,-66.717121,0.83,4884.0
277871306,2664.01,FP,156.922386,0.501027,1.04,5863.0
253132689,1971.01,FP,194.769773,-57.253713,1.67,5418.0
467281353,1975.01,FP,168.076087,-60.93258,1.48,5408.7
383531859,1977.01,FP,216.147711,-60.383601,2.14183,9184.7
458856474,1978.01,FP,161.140515,-59.737608,1.0,8719.5
458857720,1979.01,FP,161.046711,-59.92517,,8832.5
127793615,1980.01,FP,218.270079,-43.298512,1.45,5898.8
89535068,1983.01,FP,127.281049,-57.194209,1.07235,5725.0
162246865,1984.01,FP,168.871533,-44.428987,1.3,6237.0
260298958,2205.01,FP,94.315682,-56.509859,0.649887,3653.0
313891529,2424.01,FP,0.315071,-28.493223,2.36235,6173.5
686072378,2438.01,FP,68.226889,-32.88712,,5780.0
348684813,2667.01,FP,133.993484,-14.35529,4.75,5133.0
190081497,2671.01,FP,132.269994,-36.578257,1.34,6187.0
179033846,2675.01,FP,64.262587,-29.524909,1.37,6712.0
219366908,2680.01,FP,75.439417,-49.284463,0.79,5508.0
161156159,1988.01,FP,190.132487,-48.740903,2.15,5368.0
324395151,1989.01,FP,176.866343,-64.882975,,8046.5
457939414,1990.01,FP,158.670633,-59.748482,1.10456,5579.5
82707763,1991.01,FP,169.958638,-51.866071,1.73,5805.6
147340931,1992.01,FP,162.91688,-44.984741,1.72,
453464017,1993.01,FP,152.28015,-72.798117,1.48,6190.4
275384718,1996.01,FP,178.547176,-46.896887,2.32,6249.4
429295277,1998.01,FP,184.259218,-51.075153,1.4,5972.0
316937670,221.01,FP,356.492464,-56.344047,0.525,3765.0
144440290,222.01,FP,359.162484,-44.719403,1.0929,5709.0
168871868,2442.01,FP,65.100654,-31.081604,1.0,5762.0
231721005,2448.01,FP,80.740227,-53.76459,1.78,9671.0
356453768,2002.01,FP,134.190203,-61.371461,1.56,5986.5
439610306,2004.01,FP,143.46695,-55.175763,2.46,6136.9
70887357,2008.01,FP,63.857632,-16.902144,1.94771,5463.0
61733521,2228.01,FP,289.018075,-46.480756,0.9,5420.0
129432342,2230.01,FP,304.452849,-44.968454,4.7,4884.0
389238529,2237.01,FP,302.999475,-37.561663,1.41,7000.0
4294779,2451.01,FP,81.312676,-0.770748,0.540483,3199.0
219208037,2452.01,FP,93.098193,-50.930948,1.09813,4456.2
452810327,2708.01,FP,72.669098,5.387256,1.74,6114.0
332660287,2713.01,FP,63.150132,-12.317659,0.75,4967.0
357416482,2017.01,FP,228.949819,27.36181,1.34,6362.6
11996814,2022.01,FP,31.17055,65.289331,0.627144,3975.0
335996558,2027.01,FP,333.331904,62.857385,1.28,6168.0
336456596,2028.01,FP,334.434433,62.465008,2.25,7751.0
445254275,2029.01,FP,12.216148,59.386718,3.56,7125.0
388130235,2239.01,FP,65.410196,-67.467038,3.0,5030.6
98494121,2240.01,FP,290.986777,-36.910419,0.71,5285.0
349786918,2246.01,FP,113.043495,-65.811395,1.59,5807.0
152714791,2249.01,FP,304.628882,-30.648846,4.35,4982.0
264303333,2250.01,FP,296.355007,67.310971,0.97,5729.0
31114545,2468.01,FP,80.896099,-24.121296,2.37,6102.0
117843067,2469.01,FP,70.308489,-15.672123,2.57,6931.0
373453507,2475.01,FP,76.524234,10.594174,1.37,5600.0
1449756,2480.01,FP,75.174905,-34.815988,1.92,6421.0
269077474,2717.01,FP,75.410841,1.840649,1.78,6341.0
279740441,273.01,FP,51.504472,-64.548108,0.66174,4304.6
427279997,2034.01,FP,351.380744,54.601182,2.68,9714.0
54364414,2041.01,FP,19.234846,62.35169,1.02,5825.0
269424395,2042.01,FP,350.369407,60.801171,2.16,6535.0
270333769,2044.01,FP,351.880281,61.392515,2.38,9953.0
219821826,2258.01,FP,268.029535,62.79094,1.11,5980.0
47484268,226.01,FP,342.967188,-24.78778,0.334,3396.0
219151731,2483.01,FP,89.835166,-49.469569,1.51,6137.7
282498590,2492.01,FP,90.099738,5.11447,1.49,6519.0
437893926,2771.01,FP,94.017995,15.270666,2.02,6733.4
36574157,2775.01,FP,102.412686,-0.495979,0.81,5112.0
319735319,2779.01,FP,99.678448,2.43106,1.51,6570.0
363761216,2047.01,FP,5.867146,71.158807,1.14,5887.0
1100766816,2052.01,FP,238.501017,19.596887,1.01,5016.1
315755496,2053.01,FP,310.331372,82.435302,5.2787499,4772.0
378355116,2054.01,FP,358.248392,60.481667,2.08,8124.0
326732851,2058.01,FP,359.678289,62.625907,4.96,4963.0
403308915,2059.01,FP,5.198855,55.542814,1.75,8398.0
285542903,2060.01,FP,13.27005,60.618112,4.14,10125.0
170103435,2510.01,FP,101.397361,-46.565471,1.23,6317.0
124702477,2511.01,FP,104.752514,-7.897455,1.96,6811.0
34466256,2732.01,FP,82.46986,-9.158548,1.6,6699.0
91869778,2736.01,FP,88.841655,15.37845,1.94,6539.0
281979481,274.01,FP,130.505379,-75.801869,0.807298,5181.0
280212554,2743.01,FP,100.873785,-1.871278,2.59,9742.0
279989567,2744.01,FP,100.564751,-4.949889,,4899.5
327577308,2061.01,FP,4.747716,56.367066,0.7,4475.0
373785851,2062.01,FP,27.778642,63.081422,2.36,6895.0
141663460,2066.01,FP,228.631968,-43.385063,2.26,9277.7
260271203,207.01,FP,94.218082,-58.229798,1.21025,5963.0
115446313,2284.01,FP,252.471891,47.316983,1.21,6109.0
48178229,2517.01,FP,99.172585,-23.309761,2.19,6863.0
148233571,2754.01,FP,101.346587,-41.249216,1.07,5544.7
134315574,2759.01,FP,107.356081,-44.683482,2.06,6033.0
382188882,276.01,FP,81.353084,-55.019925,1.58083,6366.0
130611752,2760.01,FP,105.752117,-43.493068,1.48,5643.0
441738827,2084.02,FP,259.254539,72.747023,0.466766,3630.0
197959526,2303.01,FP,348.296702,-53.832813,1.69458,6454.0
224313733,1856.01,FP,234.099145,57.890738,1.0,5616.4
356919658,1863.01,FP,273.580728,57.992976,1.32,6404.0
279982557,2097.01,FP,297.393769,66.293958,0.791524,5264.0
61980227,2316.01,FP,335.53692,-30.763927,1.25844,6764.0
274599700,2317.01,FP,255.328342,51.529396,1.43565,5635.75
207501148,2320.01,FP,247.657124,56.399869,1.23623,5879.0
341419787,2544.01,FP,120.153396,-54.509002,1.98859,5441.0
294500964,2550.01,FP,122.228117,12.207623,0.916742,5509.1
144043410,2554.01,FP,126.755088,-20.680147,2.04438,6969.2
155491828,2555.01,FP,123.488475,-24.7173,1.6,6337.5
400476523,1867.01,FP,295.558877,59.589129,1.65,6615.0
233503636,1871.01,FP,251.235703,77.344038,1.67,5955.3
233497719,1877.01,FP,249.519983,77.756401,1.01,6051.0
230386397,2099.01,FP,285.786011,64.230256,0.71,4316.0
393911494,2106.01,FP,207.178453,44.911752,0.976212,5590.0
293527670,2323.01,FP,352.192845,-76.636896,1.64,5522.0
59859387,1881.01,FP,110.369675,-45.567737,1.47,6564.4
459997997,1888.01,FP,156.250032,-60.575142,2.04,7397.0
278866211,189.01,FP,100.807811,-55.244376,1.04092,6054.0
356235833,2111.01,FP,260.096376,20.281856,0.95,5477.0
1400212743,2113.01,FP,267.354593,40.457105,1.76,5286.9
54464870,2115.01,FP,19.595393,63.545086,2.11,8153.0
422838133,2116.01,FP,23.829473,72.936844,1.65,6927.0
279212407,2117.01,FP,25.690461,65.895769,1.72,6280.0
17416749,2118.01,FP,242.201,35.691135,2.13,6398.0
29959761,2340.01,FP,42.261441,-16.557655,0.73,5027.0
100267480,2341.01,FP,306.843521,-53.220653,0.62,3495.0
100589632,2342.01,FP,86.458859,-32.947641,0.84,4794.0
239638934,2571.01,FP,333.592905,32.490119,1.08,5633.0
350445771,258.01,FP,85.467425,-56.740455,1.98958,6474.57
62530991,2585.01,FP,132.541715,-2.979643,0.78,5276.5
420645189,1897.01,FP,48.370422,75.268379,1.03,5937.0
420645189,1897.02,FP,48.370422,75.268379,1.03,5937.0
219766989,2354.01,FP,192.32172,-21.333033,1.53,6095.0
124095888,2358.01,FP,196.285834,-31.985378,1.24,6423.0
9727392,236.01,FP,358.444734,-10.884958,1.47459,6421.5
31656385,2360.01,FP,46.659674,-66.007932,1.57,5963.1
344085117,2365.01,FP,108.017449,-50.247778,1.25112,5832.0
229285649,2591.01,FP,98.024193,11.852283,1.41,6287.0
12036590,2598.01,FP,91.233761,-1.134248,0.86,4405.0
176772671,2603.01,FP,142.566679,-18.843066,0.594491,3947.0
308425348,1918.01,FP,167.582816,-58.982985,1.09,6271.0
336267424,2138.01,FP,281.6619,41.56002,1.31284,6835.31
158916431,2146.01,FP,269.989998,29.655175,2.13,7272.0
233569098,2148.01,FP,281.814167,64.806519,1.51,5930.0
189620016,2372.01,FP,144.040606,-24.751118,2.6058199,6127.1
268914377,2610.01,FP,118.049909,-48.498597,0.483749,3148.0
230267547,2150.01,FP,264.591131,18.473875,1.84,6446.3
23389848,2151.01,FP,275.117976,30.85588,1.95,5660.0
406855039,2153.01,FP,274.87052,71.248626,2.1805999,5668.0
258402425,2156.01,FP,274.416666,23.917679,2.74,4872.0
298495970,2157.01,FP,261.71771,25.84927,0.93,5756.0
366563452,2161.01,FP,304.444709,77.166678,0.81,5028.0
284564230,2162.01,FP,291.524023,58.510182,1.66,6610.0
403288821,2623.01,FP,332.926877,-63.167437,2.84,5073.0
231703293,2632.01,FP,335.467524,-57.758448,1.13,6164.0
325172035,1939.01,FP,177.494824,-63.949071,,8862.0
167009792,1941.01,FP,95.102051,-66.400466,2.1,5883.8
308919449,1942.01,FP,122.61813,-65.852379,1.02,5614.1
461080504,1944.01,FP,159.580056,-61.289786,1.82219,7023.2
357536526,1945.01,FP,137.66287,-64.471528,1.66,5342.5
127315102,1946.01,FP,217.279625,-43.361979,2.56,6670.3
460140752,1947.01,FP,156.738469,-60.665225,,4990.7
31268146,1948.01,FP,88.071315,-70.920308,1.47579,5928.0
327663613,1950.01,FP,189.810101,-69.542013,,9208.0
394509844,1952.01,FP,154.996219,-79.802603,1.41,5488.0
242536549,1953.01,FP,215.145569,-41.983318,1.85,6422.1
49967354,2164.01,FP,277.907741,13.897884,3.39,5274.0
160162987,2167.01,FP,242.364094,84.491119,1.19,5752.0
364075352,2168.01,FP,306.223028,74.837343,1.26,6641.0
260043723,217.01,FP,91.608698,-58.953703,1.55,6278.0
293567206,2173.01,FP,145.799111,87.86853,1.06,5829.0
260849386,2400.01,FP,118.937216,-54.266268,2.28,6444.0
142087638,2404.02,FP,98.442149,-74.190098,1.18003,6142.0
142087638,2404.03,FP,98.442149,-74.190098,1.18003,6142.0
166184426,1955.01,FP,206.105083,-40.336403,0.31,3625.0
334911765,1956.01,FP,213.978422,-62.906643,1.11,5586.2
302659412,1957.01,FP,134.966386,-67.955597,1.79,5844.8
400323948,1959.01,FP,166.085979,-67.991833,2.62415,4866.2
141663464,1962.01,FP,228.629109,-43.387085,5.08,8049.0
190271688,1963.01,FP,221.343502,-54.761146,1.18915,5394.6
242083025,1964.01,FP,201.642206,-39.629886,1.71404,6308.3
295354126,1965.01,FP,223.151952,-61.568677,,9096.5
293708935,1969.01,FP,222.333572,-60.080256,1.51715,5796.0
392112968,3174.01,FP,174.287225,-67.519336,1.55,7108.0
389999924,3176.01,FP,160.108553,-62.685964,1.1804399,6213.0
372596796,3181.01,FP,151.49954,-66.897501,1.14,5971.0
361998994,3189.01,FP,145.2336,-63.487213,1.37,6320.0
339250695,3725.01,FP,84.789937,60.424358,1.1428699,5947.0
116257066,3728.01,FP,85.151086,34.796663,,13253.0
9032368,373.01,FP,355.901919,-11.26957,1.11,5997.0
188593930,320.01,FP,345.522623,-16.360699,0.88,5912.5
322862882,3205.01,FP,218.476437,-24.652822,0.59,4313.2
284254253,3466.01,FP,233.280288,-57.63528,1.39,5626.0
453289469,3467.01,FP,148.193703,-76.165857,2.04,5473.0
282091493,3468.01,FP,135.291964,-75.088195,0.82,4809.0
275562670,3472.01,FP,240.53688,-52.034811,0.76,5985.0
254629854,3482.01,FP,236.542661,-43.368223,2.18,6495.0
321436679,3733.01,FP,83.140649,57.623092,2.2823701,6361.4
286696848,3742.01,FP,72.799655,50.096898,0.67,3916.0
284747017,3746.01,FP,78.040149,34.750032,0.75,4570.0
29336129,2933.01,FP,132.871698,-47.739206,1.6787,6361.0
22020459,2936.01,FP,147.853628,-25.593913,1.67,6561.0
340700241,2944.01,FP,116.957847,-56.764275,1.44678,6307.0
374847873,2947.01,FP,151.064827,-63.377022,,5371.5
175476629,321.01,FP,350.977923,-38.225789,0.84,5349.5
306547699,3216.01,FP,179.457833,-62.327546,,3922.8
309436531,3217.01,FP,138.805858,-79.774383,1.25,6189.4
304950588,3220.01,FP,178.357087,-61.097733,,3505.0
303883880,3221.01,FP,177.688743,-62.75265,,
382474101,349.01,FP,12.274291,-52.046528,,6054.0
467783290,3753.01,FP,62.618611,32.306767,1.95,6630.3
27244707,3759.01,FP,65.615413,46.536013,,
304025075,2951.01,FP,140.738354,-68.83153,,
469184909,2953.01,FP,148.534383,-57.048538,,
463203560,2958.01,FP,153.250338,-58.763396,1.07,6211.0
462162963,2959.01,FP,150.368272,-59.851711,,14466.0
441334829,2963.01,FP,145.150907,-55.815548,1.23,7664.0
242460075,3236.01,FP,214.31811,-44.33969,1.31,5955.0
459850897,3503.01,FP,163.714472,-58.569285,1.78789,8405.0
117689799,3504.01,FP,300.735006,24.435135,1.04535,5863.0
86451883,3507.01,FP,298.561279,32.425717,0.81,4896.0
278968371,3508.01,FP,290.079022,21.371475,1.61,6053.0
40779013,3512.01,FP,293.480154,34.573742,,6845.2
9830791,3766.01,FP,70.242045,57.507726,0.99,5244.0
139285736,377.01,FP,348.039774,-45.017093,0.87,5039.5
20892672,378.01,FP,1.399014,-19.489511,1.18,5894.0
103245940,2967.01,FP,156.596157,-44.177389,0.92,5824.0
115242351,297.01,FP,6.17695,-36.114458,1.09429,4871.0
112037203,3253.01,FP,209.183512,-35.292443,0.78,4486.0
76505260,3257.01,FP,228.684363,-31.902206,1.36,6038.0
106224626,3524.01,FP,301.078777,34.398008,0.8,4874.0
373576942,3525.01,FP,320.427977,37.822833,1.59,6245.0
89876424,3526.01,FP,301.520846,34.315352,2.06,6125.0
67247610,3528.01,FP,311.862231,37.117833,,3633.7
470974162,3781.01,FP,110.878729,50.349524,0.9,4992.1
220396259,379.01,FP,68.891541,-56.138849,1.71,5825.0
29117085,3790.01,FP,118.426692,46.47193,0.89,5373.8
253030300,3795.01,FP,98.732441,49.676574,1.01,6205.0
393251073,3796.01,FP,115.508868,61.574659,0.86,5279.0
141631253,2987.01,FP,129.802678,-44.370051,1.2684,7051.0
34505005,2999.01,FP,146.921503,-46.86526,1.08,6749.0
27844066,3536.01,FP,296.414319,51.161973,,6292.8
294599100,3537.01,FP,302.284347,49.154874,1.07,5848.0
291147951,3541.01,FP,310.121327,25.336895,1.13,5854.0
16187321,3542.01,FP,307.376941,36.970694,1.42,6702.0
167418898,383.01,FP,99.609604,-67.656396,1.27,5951.0
155995204,384.01,FP,7.658562,-52.049331,1.35,5819.0
841226527,3843.01,FP,150.891937,67.990378,,
156816238,3845.01,FP,140.462178,38.618961,1.41,6046.0
166697854,300.01,FP,35.737437,-53.070195,1.94,5776.5
468977648,3001.01,FP,143.945436,-52.371382,2.08,6328.0
400395395,3004.01,FP,134.002198,-50.328351,1.64,6947.0
386297468,3005.01,FP,139.190353,-59.528015,1.6,6793.0
383666033,3008.01,FP,135.035068,-56.069246,1.03,6138.0
356461227,3011.01,FP,134.446403,-61.614319,,5952.0
31697707,3290.01,FP,289.140291,-34.781754,1.54,5642.0
271167979,3548.01,FP,294.557985,47.783127,0.73,4769.0
269269740,3549.01,FP,299.872379,45.499591,1.57,6527.4
271042173,3557.01,FP,294.487932,46.002151,3.57,5877.0
172754786,3561.01,FP,299.809982,38.393653,1.44,7795.0
193708920,3562.01,FP,306.256232,46.923098,0.81,5791.1
373614579,3799.01,FP,114.188526,44.051536,0.824569,5236.1
138497780,3808.01,FP,96.250314,33.032134,1.4902101,6305.0
207084429,381.01,FP,22.757528,-51.215733,1.77,5883.0
239136269,3810.01,FP,112.325562,33.591361,1.42848,9332.0
45684223,3018.01,FP,131.14418,-59.19729,0.97,5809.0
369861731,3306.01,FP,161.042028,-86.319954,1.15,5617.0
262531275,331.01,FP,20.419256,-42.481783,1.76,5608.0
337274055,3311.01,FP,269.063581,-57.100597,1.01,5552.0
1965256662,3565.01,FP,308.561885,35.395204,1.25,6017.0
169187982,3566.01,FP,297.295912,38.857228,1.2,6479.0
220016044,357.01,FP,32.321881,-48.48474,2.5465,6300.3
1976308113,3572.01,FP,314.895323,52.396406,,
358186451,3578.01,FP,317.124796,49.112843,1.73,7176.0
316606244,3579.01,FP,322.029218,56.823139,,3245.0
305478010,3580.01,FP,330.271302,38.530284,0.56,3858.0
229091748,382.01,FP,3.797833,-46.272428,1.03,5777.0
39077574,3825.01,FP,151.255619,40.341064,1.11,5886.6
390157607,3036.01,FP,183.561597,-56.773252,1.05,6721.0
262530873,304.01,FP,20.494025,-44.416747,1.88,6292.0
357538688,3044.01,FP,137.549077,-63.406609,2.48,6364.0
303867090,3049.01,FP,140.219914,-69.791681,,5211.7
327210623,3313.01,FP,270.656968,-37.440201,,3689.6
310267134,3319.01,FP,251.382358,-76.937828,0.98,5259.0
305512837,3323.01,FP,262.640686,-64.723142,0.75,4653.0
295413003,3581.01,FP,303.369006,53.276849,,4903.0
302766000,2784.01,FP,82.878464,15.771332,1.09,5784.0
251209368,2789.01,FP,95.47532,-4.321544,1.45,5906.0
464067218,3059.01,FP,155.307542,-58.537011,,3301.0
463681005,3060.01,FP,154.513775,-56.787877,1.66057,6091.0
194179013,3332.01,FP,271.039719,-34.12037,,3540.7
58046864,3343.01,FP,275.164944,-39.220957,1.51,5805.0
13023738,360.01,FP,347.08487,-29.590446,1.71,5657.0
267867517,3608.01,FP,312.456261,56.896568,2.34,7047.0
267484653,3610.01,FP,298.705925,58.301643,1.72093,5540.0
5024743,2805.01,FP,142.107198,-38.947381,2.51,8469.0
78775584,2811.01,FP,143.466543,-42.714874,3.79,8058.0
105801221,2812.01,FP,156.685218,-38.042191,1.52,6888.0
131581522,2816.01,FP,118.347733,-36.800418,1.08,5657.0
443042089,3078.01,FP,146.555933,-56.299385,1.84,7433.0
376740324,3085.01,FP,153.301542,-62.875354,,9046.0
131581531,3347.01,FP,118.348267,-36.803031,1.59,4999.4
41865539,335.01,FP,21.32225,-39.947872,1.11,5875.0
412259468,3357.01,FP,110.390835,-21.93839,1.70185,8037.0
146244533,3358.01,FP,133.542032,-48.072792,1.58,8072.0
55452495,336.01,FP,70.670279,-64.885209,2.8,7859.0
435861696,3621.01,FP,11.88786,21.938552,0.86,5400.1
398912927,3626.01,FP,18.55398,19.470441,1.57,5856.2
1979500576,3627.01,FP,314.040517,57.708367,,
429414530,3631.01,FP,314.040512,57.708379,0.83,5163.2
268042363,2828.01,FP,115.628942,-53.037166,1.33,6888.0
114103134,2829.01,FP,113.981399,-30.748672,1.99145,6755.0
190981760,3369.01,FP,134.39908,-36.850749,,5453.0
155986102,337.01,FP,7.330079,-50.140052,1.33,5446.0
131036011,3372.01,FP,117.531459,-38.714129,,
185482513,3375.01,FP,130.052164,-31.994286,1.59,6117.0
184670625,3377.01,FP,127.670065,-40.280004,1.95,5860.0
130191319,3379.01,FP,119.75408,-25.648554,1.14,6056.0
80478272,3634.01,FP,12.569587,27.568806,1.48,6360.4
453230066,3643.01,FP,23.992574,54.716441,1.78,8364.0
98286422,2835.01,FP,108.496989,-34.939529,0.88,5306.0
81231810,2838.01,FP,106.616499,-18.80809,1.64,5878.0
182470056,2839.01,FP,123.753462,-36.248077,1.7,6259.0
277103955,284.01,FP,84.254356,-66.790853,0.78,4779.8
177612321,2845.01,FP,106.179342,-0.02951,2.29,6397.0
120723776,3109.01,FP,164.06056,-52.482296,1.77,
104022675,3110.01,FP,195.986628,-32.436442,1.11,5635.9
129881395,3381.01,FP,119.489473,-28.122701,1.42,5982.0
175079720,3385.01,FP,115.874489,-38.90883,0.89,5786.0
173860688,3388.01,FP,113.103262,-38.574805,4.52,4969.9
419419534,3389.01,FP,121.093981,-34.262222,2.35,5750.5
69838258,339.01,FP,337.921615,-21.945702,1.66,6048.2
80174172,3392.01,FP,121.429562,-42.702359,,
71854732,3658.01,FP,26.29741,54.559653,,8951.0
374778982,3659.01,FP,31.750309,55.178785,0.87,5097.0
354151219,3663.01,FP,21.177329,51.671855,2.41,6940.9
285524410,2848.01,FP,119.999359,-42.928955,,6758.0
437156845,2855.01,FP,123.43693,-18.877652,1.18,6066.0
172630205,2856.01,FP,101.010233,-26.030612,3.19,5220.0
61117473,3122.01,FP,226.954057,-28.156608,1.29418,6504.0
9102327,313.01,FP,350.779775,-19.41965,1.13,5963.0
153197346,3399.01,FP,120.464794,-24.782618,,8779.8
152685831,3402.01,FP,120.185666,-33.729847,,
7904580,3408.01,FP,133.207393,-1.606521,1.09,5713.1
9033144,367.01,FP,349.606266,-19.823843,1.2,5756.9
50943163,3672.01,FP,41.904242,61.306342,2.51,8290.0
458876004,3677.01,FP,35.837872,60.889963,1.1,8469.0
34551972,3678.01,FP,44.233304,28.771475,2.0394399,7259.3
77031413,368.01,FP,354.170634,-34.611893,0.93,5444.0
412257781,2863.01,FP,110.446018,-22.597941,1.5,6550.0
155807906,2871.01,FP,123.825652,-29.23165,1.32,6541.0
151930063,2872.01,FP,119.619171,-35.664564,1.95,11632.0
123106490,2874.01,FP,113.755213,-43.876527,1.30784,6408.0
4999813,2878.01,FP,107.358337,-1.732243,0.94,6163.0
146836153,2879.01,FP,124.319317,-30.632887,1.1,5744.0
360816293,3146.01,FP,190.946764,-76.696666,1.13,5083.0
66356824,315.01,FP,12.076269,-32.119461,1.34,5671.0
466318137,3153.01,FP,165.732079,-60.196871,,3294.0
415969574,342.01,FP,342.170406,-18.520467,,5800.0
293978434,3420.01,FP,122.430787,-22.868692,1.77,6263.0
144970275,3423.01,FP,122.010942,-31.189361,,9598.5
283702603,3424.01,FP,128.800451,-27.407594,1.76,6623.0
28873762,3684.01,FP,49.792323,27.263332,1.44,6241.0
449549170,3159.01,FP,200.464421,-62.542122,1.81,5732.0
419946164,3164.01,FP,202.818012,-48.69895,1.28,6394.0
419858461,3165.01,FP,191.643659,-59.564831,1.12503,6748.0
238162973,3435.01,FP,106.432017,-49.520598,0.75,4427.0
132320310,3436.01,FP,119.365428,-38.970243,3.29,4957.2
208030798,3440.01,FP,244.330203,-54.13911,,3917.3
354442783,3712.01,FP,89.243696,36.358115,0.8,4654.3
201233610,290.01,FP,359.516588,-49.300838,1.73,5736.0
290302097,2902.01,FP,136.335932,-62.966781,0.89,5301.0
49710555,291.01,FP,352.16451,-10.85962,1.34,5920.0
141405814,4225.01,FP,117.121112,-19.340207,7.03693,10262.0
319282294,4229.01,FP,110.294291,-9.500598,2.0,9024.0
126357909,4232.01,FP,115.809569,-26.239291,0.89,5699.0
113295476,4233.01,FP,113.266602,-30.104096,1.94,6079.0
157528286,4235.01,FP,106.633113,-38.054496,1.25,6044.0
117979694,424.01,FP,71.921274,-17.745004,0.75,5059.0
149282072,4461.01,FP,279.146891,16.45244,0.79,5025.0
604863428,3985.01,FP,8.762537,58.13642,,5095.6
470911286,3986.01,FP,1.129367,66.403045,3.11,4949.0
444413256,3989.01,FP,6.386516,63.040637,,12373.0
219388773,399.01,FP,77.047577,-50.858906,0.982066,4752.8
420446142,3990.01,FP,5.117344,63.031396,3.85,8648.0
372505528,3994.01,FP,6.140224,62.235631,1.51,6827.0
347011522,3996.01,FP,1.186715,54.196681,1.77,6278.0
284528889,3999.01,FP,9.945507,62.393358,2.14,5659.0
169532369,425.01,FP,78.098877,-13.605635,1.62,6896.7
192520375,4251.01,FP,138.052275,-39.657928,1.79,9421.0
82302240,4255.01,FP,124.351447,-45.406543,2.26,8330.0
77102895,4256.01,FP,141.247814,-42.799765,3.25,6519.0
75208638,4257.01,FP,138.741096,-45.122969,1.1,7192.0
64531556,4477.01,FP,309.461444,37.155939,2.38,8451.0
268372005,4715.01,FP,105.00193,-2.339506,1.58,6227.0
283015592,4000.01,FP,0.974631,64.77632,1.9,7493.0
83053699,4002.01,FP,2.335558,60.159078,2.15,6274.0
395773226,4005.01,FP,34.119911,76.253181,1.69,5115.0
379629854,4008.01,FP,34.293884,70.39598,1.62,6603.0
259701242,401.01,FP,74.466453,-53.817948,0.96,5928.0
74484886,4258.01,FP,137.490377,-43.201719,2.13,6353.0
74197917,4261.01,FP,137.285031,-46.184649,,3810.2
48276576,4263.01,FP,148.08664,-34.95789,1.3925,6071.0
118308828,4265.01,FP,128.701521,-56.331828,1.53,5895.0
341272282,4268.01,FP,119.311724,-56.962926,2.12,8265.0
305943739,4498.01,FP,295.468588,23.377283,1.42,5821.4
406190563,4500.01,FP,306.244087,30.348186,3.08,6802.0
247873937,4738.01,FP,87.824224,13.745892,1.78,9056.0
284305328,4019.01,FP,9.170845,65.937486,1.87,6620.0
363635669,4275.01,FP,147.713157,-62.203109,,6132.7
407146536,4279.01,FP,235.165334,-81.203316,2.7729599,5914.8
384386061,4281.01,FP,249.368745,-80.974073,,5558.7
239372503,4502.01,FP,311.435385,43.445151,2.38,11798.0
387603144,4032.01,FP,313.098531,66.599315,1.16,6223.0
367913453,4036.01,FP,355.51293,76.918784,1.84,5778.0
367287018,4037.01,FP,342.552349,75.860399,2.48,6139.0
307956396,4044.01,FP,256.664332,63.778535,0.73,4460.0
255918903,4292.01,FP,266.633808,-70.409811,1.13,5878.0
459942762,430.01,FP,60.278439,4.540868,1.0,5997.7
266843799,4300.01,FP,175.539949,-57.368489,3.37,7311.1
369480087,4522.01,FP,23.304228,5.645209,0.347331,3473.0
279605855,4048.01,FP,346.577907,71.21333,1.6,6184.0
176984236,405.01,FP,101.909492,-66.328317,1.29,6249.0
237101326,4051.01,FP,240.691824,71.224288,1.0,5091.0
236775063,4052.01,FP,282.663177,55.801405,0.87,5406.0
235684392,4053.01,FP,288.092884,77.922621,,6118.5
60074373,4817.01,FP,111.092717,-44.032701,0.6,3722.0
365639282,482.01,FP,81.399006,8.440499,0.488,3692.0
162577466,4067.01,FP,243.935867,48.325503,1.11792,5801.0
159334269,4068.01,FP,233.694873,79.449837,1.18,6409.0
176778112,408.01,FP,47.82774,-35.628068,0.98,5600.0
38686737,432.01,FP,57.865664,-10.614078,1.2,6846.0
172464366,478.01,FP,100.158863,-27.571261,1.37266,6332.0
399444057,4083.01,FP,26.687843,63.612237,2.46,7047.0
167754523,409.01,FP,104.181674,-60.687954,0.73,4913.8
289316336,4091.01,FP,277.979234,39.669309,1.2,6171.0
188989177,433.01,FP,78.778396,-15.100464,3.67,8242.0
47617038,4330.01,FP,220.350188,-33.950483,8.71,4886.0
178959058,4332.01,FP,209.699173,-40.619073,1.68,6793.0
443658196,4335.01,FP,199.734195,-62.974419,1.48,8933.0
399642071,4337.01,FP,164.289787,-69.979379,0.617703,3953.0
7439481,4339.01,FP,212.92874,-29.973981,0.399724,3455.0
77228304,456.01,FP,69.116563,-41.246194,1.0,5780.0
400786146,4564.01,FP,167.000935,-67.149824,1.6267,6123.0
149126400,4569.01,FP,81.028116,-63.028858,0.297644,3725.0
280307604,4800.01,FP,114.708588,4.35637,1.37,6121.0
126772538,4808.01,FP,116.205938,-26.074575,2.12,6308.0
206466531,410.01,FP,56.815012,-52.985207,1.33,6000.2
237235093,4102.01,FP,297.484569,73.086464,0.76,5221.0
230075120,4110.01,FP,244.441282,69.447713,1.53,6377.0
389371332,4346.01,FP,86.01889,-66.359097,0.64011,3917.0
300810086,385.01,FP,116.813442,-69.030386,3.77,5159.0
198616607,4116.01,FP,271.403617,47.550327,1.63,5979.9
7624182,412.01,FP,64.311488,-38.844171,3.13,8666.0
141616639,4126.01,FP,108.818021,81.220983,0.58,4016.0
300011941,4357.01,FP,106.913225,-66.406577,1.12713,5789.58
133505138,4359.01,FP,149.731452,-53.301515,1.32,6529.0
44745077,436.01,FP,61.639511,-25.094117,,3549.7
313675203,4367.01,FP,202.167147,-61.83472,0.91,5603.0
314724818,4368.01,FP,202.652035,-61.218031,3.60934,8353.8
356868487,4591.01,FP,275.838952,69.861926,1.39013,6327.0
158555987,4594.01,FP,287.807212,43.188801,1.88937,6963.86
1001477809,3864.01,FP,213.806242,67.760539,,
92359850,387.01,FP,52.225639,-19.979808,1.57,6270.0
71396541,4130.01,FP,116.069722,68.826258,1.08,4812.0
420803693,4134.01,FP,70.506153,79.987529,0.89,5987.0
288471040,4135.01,FP,271.493129,78.049292,2.05,6150.0
408729765,4139.01,FP,24.670602,80.433347,1.16,5999.0
325680697,414.01,FP,36.853585,-12.03893,1.23,5773.74
371711170,4143.01,FP,70.100556,81.077272,3.31,6126.0
343708863,4375.01,FP,206.77501,-70.50753,3.44,10390.0
384744828,4383.01,FP,258.918826,-79.648182,2.40325,5715.4
9804616,460.01,FP,47.64349,-9.276812,0.273,3274.0
19155785,4605.01,FP,81.715698,18.419816,1.0,5691.0
1950736,4610.01,FP,79.04324,30.585072,0.69,4104.0
99330090,3883.01,FP,189.828966,59.703485,1.06,6307.0
271900960,389.01,FP,112.941928,-75.527552,1.38,6457.7
18017227,3890.01,FP,171.711327,37.705235,1.78,6294.0
137157546,4148.01,FP,30.021663,77.369001,0.79,4939.0
461538935,4157.01,FP,345.981898,85.443022,1.11,6655.0
341805908,4394.01,FP,239.561368,-65.084504,4.42729,9747.0
379723086,4396.01,FP,256.820009,-66.127056,1.45,5822.0
107728509,4397.01,FP,265.109377,-32.124087,1.52,11526.0
143350972,440.01,FP,82.245986,-17.429564,1.02,5759.2
89702406,4627.01,FP,127.649986,-58.528508,1.06356,5356.0
250386181,390.01,FP,30.114481,-4.985686,1.08,6321.46
139118482,3914.01,FP,193.595291,30.214364,1.15,6179.1
49899799,416.01,FP,48.854393,-2.175314,1.82,6084.8
377165123,4167.01,FP,285.797008,57.388177,0.84,5095.0
339733013,417.01,FP,110.851802,-58.696738,1.27,5834.2
316916655,441.01,FP,74.472782,-13.703709,1.44,6805.0
35315453,4412.01,FP,249.808328,-52.099838,2.05,6849.0
176831592,463.01,FP,48.957233,-32.802396,1.65,6497.8
17150865,4634.01,FP,64.644978,19.179039,1.47,6121.0
337129672,4635.01,FP,33.630248,8.079261,0.72245,4358.0
405484221,4636.01,FP,56.730555,24.187804,0.289034,3090.0
398733009,464.01,FP,32.169791,-9.046045,0.18,31000.0
1101909431,3921.01,FP,231.127427,46.695076,0.73,4742.0
456042145,3924.01,FP,340.628454,64.754725,1.04,6791.0
435167167,3925.01,FP,346.403126,63.453418,2.14,7471.0
29960109,393.01,FP,42.250066,-14.537646,0.45,3450.0
289988797,4178.01,FP,192.13314,-13.65338,1.42,5702.0
426017070,4181.01,FP,42.812401,-73.155511,0.18,31000.0
424747720,4188.01,FP,290.672257,-51.426409,0.593317,3919.0
279251651,419.01,FP,104.153958,-59.181309,0.555,4119.1
1405997635,4414.01,FP,267.475228,-37.531317,,
141412823,4421.01,FP,84.237192,-75.611421,1.78,5788.7
344600402,4423.01,FP,252.03108,-56.686774,1.14,5678.0
367333043,3938.01,FP,333.663387,68.685313,1.05,6131.0
335489455,3948.01,FP,332.633491,61.82941,0.89,5814.0
408159788,420.01,FP,78.447702,7.055842,0.85,5747.3
37242226,4207.01,FP,98.313616,-4.1063,2.23,7248.0
158551257,4433.01,FP,287.57055,43.531709,,5780.0
142938659,4668.01,FP,52.647353,-35.203715,0.42,3210.0
71401634,4669.01,FP,46.905585,-17.894406,0.75,4886.0
20178111,467.01,FP,89.897418,-40.395746,0.94,5890.0
305550963,3957.01,FP,315.263903,63.424275,2.0,6227.0
271439193,3963.01,FP,354.138342,60.526208,1.55,6016.0
32408928,4213.01,FP,117.475892,-10.381904,1.23,6259.0
187861378,4216.01,FP,111.293211,-8.620052,,8582.7
108939482,4217.01,FP,112.729853,-28.684266,1.15885,6325.0
114103136,4219.01,FP,113.982909,-30.748181,0.75,3901.0
318054782,4222.01,FP,110.868087,3.134948,2.09,6158.0
243333538,4453.01,FP,289.839513,56.93037,1.04172,6126.0
449197624,4682.01,FP,79.684211,0.292396,1.92,6121.0
264460005,4683.01,FP,81.1665,1.757343,1.43,5787.4
219379012,397.01,FP,76.833621,-48.115889,1.14,5973.5
155947004,3975.01,FP,227.305873,44.700876,0.67,4507.0
444523623,3979.01,FP,14.558693,61.099519,1.56,6806.0
312548415,3981.01,FP,12.855316,59.409908,1.96,7209.0
424699834,5212.01,FP,294.459175,58.986723,1.50878,5911.0
95122849,5478.02,FP,114.741958,29.428761,1.75,5656.0
406443564,4964.01,FP,198.097759,-58.753402,1.22,6611.0
108645766,497.01,FP,112.446414,-28.483916,0.302,3333.0
195093356,5226.01,FP,313.339745,37.475083,0.94,5707.0
105387356,5231.01,FP,300.767548,31.059697,3.11,6529.0
32830028,549.01,FP,86.752182,-24.842642,0.169,3009.0
323658120,5496.01,FP,137.037665,10.636648,1.32,5767.0
294315741,4985.01,FP,93.095903,12.838602,1.71,7819.0
295807723,5246.01,FP,304.045452,48.876297,1.74,6556.0
311183180,550.01,FP,55.031969,5.874619,0.69,5076.0
311183180,550.02,FP,55.031969,5.874619,0.670549,5076.0
350044062,5503.01,FP,155.580302,10.288696,1.65,6031.2
184869170,5513.01,FP,110.25862,19.401721,3.08,5994.0
258557847,5742.01,FP,278.191584,18.146175,2.8,6199.0
318209162,5746.01,FP,142.378244,50.963802,0.732648,4661.56
185226925,5257.01,FP,301.240411,46.707217,2.93,5990.0
147895461,5258.01,FP,163.757949,67.043652,1.85,6337.0
200593988,526.01,FP,85.335762,11.194448,0.45,3617.0
326347927,5260.01,FP,303.964054,21.899468,1.09,4780.0
274122380,5262.01,FP,298.455751,42.967308,1.11,5856.0
312899686,5266.01,FP,308.105327,35.873629,1.03,6006.0
202468443,5268.01,FP,229.00618,62.718259,0.31,3162.0
386435344,575.01,FP,127.99531,-16.885121,1.88186,6529.0
68322189,5016.01,FP,236.159176,-58.128314,1.01,5442.0
172871230,5273.01,FP,299.878862,41.742074,1.08,6109.0
219466803,5275.01,FP,209.896071,74.073261,1.09,5251.0
403693875,528.01,FP,105.006164,11.043248,0.613,3965.0
399956873,5283.01,FP,287.537943,52.288047,1.61,6817.0
462715015,5769.01,FP,270.736094,20.069409,1.08,5589.0
219164808,504.01,FP,90.77407,-52.084311,2.56,6915.0
438490744,529.01,FP,100.255965,16.588795,0.172,3021.0
241102583,5296.01,FP,328.978312,-0.937407,0.75,5362.8
456305193,5540.01,FP,117.737465,67.043203,1.51,6040.0
63013648,5547.01,FP,117.591236,22.281552,1.03786,5509.85
287474726,582.01,FP,127.128062,-28.359254,4.23822,9988.0
407146538,5055.01,FP,235.152828,-81.208241,1.62,5551.0
274138511,506.01,FP,116.68702,6.445569,0.945062,5280.0
422653398,5308.01,FP,29.00124,0.179786,1.67,5444.3
302895996,531.01,FP,83.11641,15.555883,0.368,3462.0
59003115,556.01,FP,57.225546,13.483139,0.707445,5062.0
302814895,5784.01,FP,293.330825,29.299805,1.86,6521.0
446616059,5787.01,FP,290.80532,11.979134,1.31,6030.0
110936761,5791.01,FP,297.923094,2.519482,1.22,5651.0
319968129,5070.01,FP,95.305914,20.878513,1.54,6304.0
23113034,5075.01,FP,60.838304,25.343808,2.64,8638.0
69672493,5079.01,FP,77.394839,24.324493,0.81,5125.0
243153196,5321.01,FP,15.685485,20.050424,2.04,6584.3
268405086,5574.01,FP,278.550256,86.557356,0.87,3999.0
137543637,5576.01,FP,136.221429,79.355104,1.32,8055.0
303055194,5804.01,FP,330.671188,11.991029,1.95,6270.7
180987952,581.01,FP,130.261455,-41.442796,1.84,10585.0
331484419,5811.01,FP,310.911906,19.727938,3.81,5608.0
113919944,5353.01,FP,54.165272,19.565919,1.45,6186.6
332630868,4827.01,FP,136.943663,-17.051007,1.31,5895.4
268439377,4829.01,FP,116.835959,-49.122453,1.76,6198.4
374200604,4838.01,FP,158.073445,2.237845,1.65999,5690.2
427348923,484.01,FP,83.531883,-0.207762,0.9,4425.0
80029842,4840.01,FP,121.23238,-47.76813,1.15,6536.0
97735297,5107.01,FP,92.674931,31.328397,3.27,9758.0
366602797,5361.01,FP,76.575162,31.273775,1.4,6332.0
418971787,4846.01,FP,120.497337,-35.061315,0.73,4963.0
132534906,4849.01,FP,119.771898,-37.900646,0.98,6783.0
427352241,485.01,FP,83.622986,-4.415044,1.87,6084.0
428685938,4856.01,FP,180.231429,-23.634554,0.35,3376.0
262499797,4858.01,FP,109.880143,-55.728421,0.443812,3333.0
75427473,5119.01,FP,85.222404,25.872525,2.66,5110.7
306902029,5124.01,FP,98.039425,17.38055,3.29,6290.0
237751146,538.01,FP,104.33198,4.028698,0.433512,3411.0
241174783,5381.01,FP,116.368498,44.129824,2.68185,6802.3
219467837,5621.01,FP,210.063939,75.08442,1.45,5989.0
143032776,4863.01,FP,167.255241,-10.188311,0.45,3473.0
431999925,513.01,FP,120.789948,-20.010091,0.269,3266.0
312221462,5133.01,FP,88.396157,33.232368,1.58,8158.9
95010343,5134.01,FP,114.312857,24.515713,1.31,6474.0
172110606,5135.01,FP,97.83249,32.39678,1.77,5810.0
202428245,5396.01,FP,227.191112,62.959153,3.37,5019.0
373729723,5640.01,FP,193.406978,24.373263,0.83,5268.9
45465399,4879.01,FP,130.643983,-59.619955,1.53,6543.0
457743020,4886.01,FP,158.261633,-57.281506,1.66,6951.0
40954422,5150.01,FP,301.393952,39.588455,2.59,6640.0
115564354,5418.01,FP,84.006338,32.316823,0.79,5627.0
23863106,5648.01,FP,211.009596,38.620245,0.51,3571.0
1133072,566.01,FP,131.086145,-28.07677,0.325,3380.0
358072664,4902.01,FP,138.943337,-60.291854,1.63,5541.0
308307606,517.01,FP,120.199911,-60.865633,0.819196,5522.0
436099179,5424.01,FP,83.837234,12.115939,1.64,6211.0
5800958,5429.01,FP,78.988494,22.074955,1.91,8064.0
53593457,543.01,FP,100.306094,-3.925831,0.193,3085.0
307377219,5434.01,FP,98.83772,14.490329,1.88,6005.0
28643432,5184.01,FP,282.699884,34.494757,1.71,5810.0
29374525,5440.01,FP,86.300794,18.461741,0.71,4689.0
239722954,5447.01,FP,86.45835,35.331499,1.27,5666.0
6653897,5450.01,FP,81.051235,20.590643,1.13,6238.2
37575651,568.01,FP,135.340486,-28.324589,,5780.0
292797572,4934.01,FP,218.676874,-58.297303,1.67,7518.0
408549705,5189.01,FP,94.084217,87.317511,1.09,5999.0
193628179,5198.01,FP,266.562261,46.498341,1.41,5957.4
298049015,5199.01,FP,185.336268,81.647682,0.62,3773.0
87044036,5456.01,FP,98.853985,24.835858,1.31,6070.0
103865797,5695.01,FP,242.15447,19.253248,0.36,3157.0
126733133,570.01,FP,136.955524,-51.867213,1.31,5973.0
319783554,4946.01,FP,205.145274,-63.742301,1.53,7567.0
432422552,6207.01,FP,355.540075,31.793315,0.79,5294.0
238197709,646.01,FP,57.265805,-72.947299,1.86397,6104.0
303364023,6711.01,FP,138.38301,-69.304692,0.256167,3278.0
239541449,5962.01,FP,341.769762,29.851994,0.678984,5383.13
404610583,5966.01,FP,336.147609,16.878856,1.0424401,6084.0
146208651,597.01,FP,133.457963,-48.81268,2.65,4951.7
78672342,648.01,FP,103.00276,-18.95443,3.56,6492.5
46772529,6486.01,FP,141.722816,-7.579251,0.81,4678.0
151959065,673.01,FP,168.998428,-36.459406,1.65817,6114.0
348054109,5976.01,FP,281.676903,21.828321,0.365717,3256.0
81429971,598.01,FP,123.178216,-42.93501,3.59,8000.0
145982812,599.01,FP,133.145204,-50.008798,2.65,6991.1
101395259,623.01,FP,148.720293,-23.332118,1.4885499,6422.0
437740083,6242.01,FP,2.950371,27.442815,1.44,5750.6
349373192,650.01,FP,110.261044,-60.155475,,8658.0
263203229,6741.01,FP,230.412408,-67.206546,1.55,6713.0
299876474,6750.01,FP,244.02137,-60.038009,0.64,3875.0
134396419,600.01,FP,122.272933,-37.06186,,9156.5
148523092,6764.01,FP,265.710722,-41.179089,1.32,6383.0
365952328,6768.01,FP,276.191236,-60.784523,2.11,6085.0
365781372,627.01,FP,81.92358,7.918525,2.79,7852.8
33153766,653.01,FP,144.77363,-45.426185,3.13,6054.0
334597566,6020.01,FP,331.313408,64.098143,1.48,6511.0
341444900,6023.01,FP,325.228645,55.06675,5.64,7527.0
56231866,6024.01,FP,356.038387,26.42567,5.53,4758.0
449951606,6279.01,FP,168.212865,-58.942432,3.44,8254.0
370877263,6280.01,FP,145.174365,-66.65449,1.28,6429.0
354285962,6286.01,FP,346.44125,72.410554,2.72,6683.0
255851356,6542.01,FP,198.58223,-59.692251,1.86,6071.0
352924930,6037.01,FP,21.805455,67.966855,2.64,6950.0
272050287,6039.01,FP,355.433763,63.018844,2.31,6255.0
145027461,604.01,FP,122.257466,-30.787939,7.97,5001.6
285233023,6298.01,FP,12.471055,60.946038,1.45,6240.0
308050066,679.01,FP,155.436002,-17.224364,1.91,6655.0
122262940,606.01,FP,133.238613,-57.940623,2.27,6514.0
97158538,631.01,FP,105.945472,-30.726357,2.24201,6852.0
349790953,632.01,FP,113.454773,-61.292453,12.23,4997.1
48476907,658.01,FP,150.152654,-34.681865,1.6,6521.0
162729620,6585.01,FP,170.889648,-45.647015,1.31,6229.0
153651591,607.01,FP,121.009264,-26.165676,2.80165,9389.0
348755723,633.01,FP,134.088088,-12.934871,1.0,3267.0
224418572,5830.01,FP,282.101495,15.49419,1.94,5308.0
355732304,5839.01,FP,286.031721,17.003203,1.78,6657.0
74482749,584.01,FP,137.518351,-43.924957,2.9098899,9255.0
294283951,6084.01,FP,301.752501,50.34803,1.67777,8096.0
256349966,6343.01,FP,322.717404,68.495293,1.66,6544.0
54085154,662.01,FP,160.180141,-31.927233,1.18,6380.0
151728428,5850.01,FP,304.882706,-8.298523,0.64,3827.0
41422753,5855.01,FP,294.008142,32.214606,0.97,6114.0
131979339,586.01,FP,118.913661,-37.857713,2.42,9511.0
339591840,6092.01,FP,284.022658,14.12202,0.408956,3476.0
35883621,6094.01,FP,117.671104,-6.494944,2.33,6251.1
262781201,6096.01,FP,141.403549,3.661936,1.42,6613.8
80275202,610.01,FP,121.526219,-44.375085,1.61,7889.0
98613492,6355.01,FP,79.724105,47.54723,1.06,5589.0
146463781,636.01,FP,123.885413,-31.556521,0.275,3278.0
274002141,6368.01,FP,86.975303,41.942327,0.31,3192.0
20988926,5862.01,FP,285.062239,34.258278,2.66,6987.0
341297143,5866.01,FP,311.306229,12.167609,1.32,6247.0
380517859,5867.01,FP,303.667055,30.776057,0.49,3613.0
294090620,587.01,FP,130.395919,-22.194298,2.0411401,9333.0
106114491,5876.01,FP,301.080672,32.50162,1.7,6702.0
154459165,611.01,FP,122.034347,-28.066189,0.79,4869.0
364408162,6116.01,FP,310.577995,51.186495,,4940.2
187532854,6377.01,FP,77.869302,37.923226,1.47,5887.6
15827263,6645.01,FP,280.505862,17.310927,,4536.1
73723286,665.01,FP,155.637125,-40.516347,1.47641,6157.0
15682927,5886.01,FP,306.988834,37.146334,1.92,7542.0
277987172,5887.01,FP,302.761752,19.706749,1.59,6243.0
412961700,589.01,FP,127.222618,-20.950461,5.7888398,10817.0
375199523,5892.01,FP,309.343258,6.152848,2.32,5369.0
129107501,6133.01,FP,341.854293,37.691036,1.32,6364.0
118021229,614.01,FP,128.475094,-20.940646,2.15,5362.0
82362447,639.01,FP,124.250133,-47.651954,0.441,3601.0
73244652,6396.01,FP,122.519401,63.826237,1.96,6427.0
353586703,6398.01,FP,96.518294,39.794575,1.17,6405.0
278726770,6654.01,FP,99.411971,-57.087293,8.18,4481.6
126171392,5899.01,FP,315.252899,29.702279,1.28,5932.0
270841724,590.01,FP,132.068717,-47.114757,,
294173437,5901.01,FP,300.768857,50.507747,1.95,5867.0
452483795,5908.01,FP,303.89385,24.521157,1.32,7143.0
146261607,591.01,FP,123.581899,-34.819322,4.18,9365.0
273774284,5910.01,FP,297.982441,42.754529,1.29,6330.0
423903685,6143.01,FP,329.69363,22.952813,1.55,5489.0
117068362,6152.01,FP,319.267299,33.138041,1.67,7803.0
86005116,6157.01,FP,327.043547,23.112359,0.46,3522.0
329709756,5915.01,FP,314.751697,47.54196,0.59,3923.0
196286587,592.01,FP,125.557166,-25.06947,1.97,6439.3
467006627,5920.01,FP,312.86048,2.616271,1.56,6120.0
289125016,5924.01,FP,314.494487,19.27883,2.49,6122.0
128463355,593.01,FP,118.059584,-29.714072,2.29,6333.0
141227133,617.01,FP,129.315369,-47.38349,,2838.0
26583436,6172.01,FP,292.031505,49.388635,1.38,6291.9
432008938,643.01,FP,120.69393,-23.696727,0.315,3359.0
63303499,644.01,FP,104.922683,-24.883877,1.25,5952.0
35377903,6693.01,FP,315.423021,-10.408225,1.9654,6106.0
296898634,5940.01,FP,312.075178,47.930643,0.52,3662.0
166190643,5942.01,FP,317.541024,38.239559,2.51,6453.0
199162630,6181.01,FP,333.847555,46.302271,1.78,7776.0
345333936,6186.01,FP,355.780987,56.810046,1.35,6033.0
267527924,619.01,FP,114.050732,-48.063487,,5354.5
347442932,6447.01,FP,133.25514,-13.050699,0.97,6256.0
157568289,645.01,FP,106.767434,-36.770799,2.43,5710.5
104195270,6696.01,FP,44.114507,48.008994,1.99719,6731.3
147660201,670.01,FP,163.9091,-42.84928,0.950534,5688.0
287329267,595.01,FP,109.783542,-59.302042,2.94,6258.1
297153209,5954.01,FP,312.029841,43.938698,2.44,6906.0
144956678,596.01,FP,122.068635,-35.559433,2.93328,6017.0
131419878,720.01,FP,118.037196,-37.799016,1.52,6482.3
17129975,6969.01,FP,308.160533,40.778443,1.39196,6616.0
344416349,7220.01,FP,304.097356,11.829675,2.21,6167.0
261141602,6989.01,FP,76.241952,43.258963,1.06,4812.0
435673126,7244.01,FP,297.492646,25.281761,1.27,6259.0
51318828,7247.01,FP,305.113423,12.308937,1.35,5657.0
55390413,6994.01,FP,97.425171,65.731761,0.95,4704.0
41875043,6996.01,FP,285.826291,34.882431,1.08,5708.0
444977814,6999.01,FP,111.171233,58.549323,1.31,6076.0
410245915,725.01,FP,133.964876,-20.274779,1.5,6173.3
289047954,7252.01,FP,305.17286,21.980879,0.93,5868.0
174143743,726.01,FP,113.88333,-36.386962,1.21,6629.0
418866096,7260.01,FP,331.280755,4.358891,1.18,5410.1
289441015,7007.01,FP,315.213643,48.803268,1.7,8194.0
219239945,701.01,FP,64.52165,-53.80127,1.10089,5837.0
172376068,7275.01,FP,299.485693,41.118389,1.02,6011.2
156678143,7519.01,FP,71.793519,37.71272,2.21837,6382.27
187495621,7527.01,FP,77.920369,41.175704,2.35388,8269.68
345724317,7042.01,FP,249.91015,20.743061,1.17,6320.6
399613138,7302.01,FP,312.405258,9.845677,1.45,6496.0
18574158,7051.01,FP,272.797502,5.982054,1.12,5999.0
383723559,7065.01,FP,279.71524,43.093727,2.18,6173.0
210337597,7324.01,FP,311.477076,21.453583,0.73,4649.0
273069412,7332.01,FP,315.771492,46.24188,1.13,5234.6
304042899,775.01,FP,164.799978,-59.23397,1.5288,6746.0
391821647,708.01,FP,82.764859,-70.357179,0.975121,6636.0
75417968,7335.01,FP,308.688929,17.403658,1.78,6662.0
146846569,734.01,FP,160.889636,-44.621815,0.20128,3010.0
243283955,7345.01,FP,288.67018,55.354578,1.33,6126.0
434100688,6849.01,FP,352.949174,-17.448458,2.09,6290.0
150271680,735.01,FP,94.754704,-63.864708,1.28725,5316.6
257052211,7350.01,FP,329.918472,41.516288,1.92,7406.0
411347315,7352.01,FP,337.38837,18.688473,1.49,5689.0
131081852,758.01,FP,189.76217,-31.992266,1.26126,6072.0
344224831,6866.01,FP,21.602425,4.317341,0.94,5356.0
309402106,710.01,FP,124.748703,-65.278089,1.59688,7053.0
371579161,7104.01,FP,343.176738,54.140988,,
365712006,7114.01,FP,324.145165,52.758742,,
369581703,7372.01,FP,346.401234,34.257064,1.34,6236.6
10552342,7373.01,FP,340.136592,33.823677,0.96,5649.1
4426490,6874.01,FP,116.578612,30.776661,1.19683,5983.3
377024332,6876.01,FP,147.221565,8.974037,1.36,6200.0
262135904,6878.01,FP,106.486751,11.772439,2.0,8853.0
339636032,688.01,FP,110.194274,-55.379531,1.98,6636.0
293075732,6882.01,FP,254.242045,-68.709846,1.65,5517.0
469436001,7121.01,FP,307.653516,57.822497,1.95,7357.0
393626873,7605.01,FP,128.018882,-32.263173,1.12408,5075.0
445822015,689.01,FP,147.005591,-48.320751,0.78,4841.3
252537013,6895.01,FP,344.835029,52.066799,1.2,5940.0
101497191,690.01,FP,149.225807,-33.799397,,5463.2
161687209,7137.01,FP,236.054241,58.553688,0.75,4220.0
156991337,691.01,FP,99.953812,-42.045199,,5846.0
402848417,7146.01,FP,17.742424,82.221473,1.54,5888.0
119081096,716.01,FP,136.238912,-18.502674,0.52,3776.0
374177909,7415.01,FP,347.593973,41.143636,0.29,3314.0
191373021,7416.01,FP,10.260932,43.056514,0.78,5223.8
25624952,7417.01,FP,352.345492,53.616702,2.4,6159.0
291732201,7418.01,FP,358.842207,41.359742,0.95,5896.0
373424049,742.01,FP,140.056794,-53.119685,1.82039,8688.0
84126162,6920.01,FP,95.862582,25.543291,1.12,5821.5
58474992,6921.01,FP,65.839526,24.897315,0.86,5677.8
326470400,7164.01,FP,210.09769,-61.7412,0.86,5659.0
275248683,717.01,FP,147.970536,2.116647,,3788.4
268727719,7173.01,FP,347.956369,65.229824,0.593043,3718.0
347018922,7431.01,FP,1.114757,57.32207,1.87,5858.0
55383975,694.01,FP,77.383578,-64.026083,1.0417,5354.96
184952758,719.01,FP,128.144178,-36.346818,0.97,5653.0
325086150,7193.01,FP,268.665324,3.68699,1.25,6028.0
400466395,6952.01,FP,92.092038,33.732462,1.0,5974.6
143526444,803.01,FP,125.645029,-19.254613,4.16,5370.0
41227743,804.01,FP,91.519783,-69.420238,,5988.0
255760319,814.01,FP,99.714619,-53.107598,2.14,5920.4
175180796,816.01,FP,116.010481,-36.996503,0.62,4146.6
30312676,817.01,FP,74.286788,-66.390334,2.23767,8747.0
350332997,832.01,FP,84.081627,-54.191199,2.09,5623.0
461271719,838.01,FP,203.166643,-38.845947,2.6298299,7313.0
380886535,844.01,FP,19.461136,0.346971,1.51595,5829.6
32283946,845.01,FP,24.172722,-31.670795,1.49,5818.3
229141709,846.01,FP,26.376875,-51.296821,1.21,6316.3
42015200,848.01,FP,24.216097,-39.142583,2.87,4513.0
372913430,861.01,FP,119.533518,-60.780499,3.39,10341.0
271596418,868.01,FP,108.568016,-74.970528,1.18329,5670.45
37084932,879.01,FP,98.123772,-3.54484,,8829.0
237808867,881.01,FP,104.479884,5.748028,9.78,5274.0
92013169,882.01,FP,89.16524,14.785575,2.37,7069.0
167031605,884.01,FP,93.921031,11.832621,5.45,11246.0
120269103,886.01,FP,101.693856,-6.144778,3.25795,8844.0
438295981,888.01,FP,96.666044,13.29938,1.9,6565.2
284288080,889.01,FP,106.649775,-53.546434,1.68,6466.0
33690636,891.01,FP,93.122299,-16.792043,0.79,4696.0
42755801,894.01,FP,96.793934,-4.7801,3.83,9900.0
250484865,895.01,FP,94.205654,-2.92914,1.11,5998.0
229384040,897.01,FP,98.59774,8.413625,1.62,6128.0
124543547,898.01,FP,104.480707,-9.924849,2.74,5652.0
364107753,909.01,FP,251.362526,-71.839588,1.31,6059.06
153027658,914.01,FP,48.726093,-44.961855,1.54,5963.4
259389219,915.01,FP,68.803771,-51.396562,2.05,5753.0
348844154,916.01,FP,105.956649,-60.297493,1.89,5493.2
294869729,918.01,FP,71.799228,-68.985641,2.94,5614.0
271722899,920.01,FP,110.312488,-73.453234,,3818.0
278199349,922.01,FP,110.890427,-79.504188,,4120.0
301051430,923.01,FP,50.036337,-45.061851,1.2460999,6049.0
300599466,925.01,FP,113.047662,-68.012289,10.05,5027.7
261258875,927.01,FP,89.730768,-79.743374,2.66,6639.0
300557619,928.01,FP,112.599235,-71.595463,1.13,5848.0
260476837,935.01,FP,96.248202,-59.804574,0.804149,4814.0
425163745,937.01,FP,58.896845,-2.505949,1.78,5341.6
434234955,944.01,FP,63.811095,14.944839,3.6,7011.0
219205407,946.01,FP,92.833906,-51.466622,1.05,5008.3
189013222,949.01,FP,79.101853,-15.512686,0.84,5136.1
449050247,951.01,FP,67.551337,5.298825,1.4,5761.5
449050248,953.01,FP,67.552495,5.298431,1.54,5772.0
146467675,955.01,FP,76.081839,-20.731341,1.72,5888.8
146434840,956.01,FP,75.360839,-22.382135,1.77,6029.5
249067445,957.01,FP,79.432431,-0.370122,1.82,8897.0
279999655,959.01,FP,114.012456,4.715116,,8264.0
5109298,960.01,FP,107.59809,-5.432679,2.22468,9385.0
265077027,961.01,FP,127.178328,4.038553,1.3,5782.5
141776043,962.01,FP,117.712497,-21.015735,,
179155220,964.01,FP,109.106905,-8.329732,0.83,5146.2
179159972,965.01,FP,109.056276,-9.893473,1.15,5947.5
445586472,967.01,FP,117.084021,-57.236311,2.40368,7051.0
453209605,968.01,FP,116.914289,11.980797,,4968.3
177722855,971.01,FP,107.42144,-11.328877,1.37,5743.0
125894957,972.01,FP,115.280389,-26.070939,36.51,4770.0
409459226,973.01,FP,109.950322,-11.942687,102.03,3435.0
333821572,974.01,FP,116.274911,-17.17511,1.84,8192.0
133654092,975.01,FP,121.185099,-41.559812,,2828.0
347098457,976.01,FP,117.470237,-16.023413,49.1612,4240.0
268371979,977.01,FP,105.063071,-2.347448,0.74,4538.0
5772442,979.01,FP,111.766458,-7.129696,2.62,5650.4
93594834,980.01,FP,114.420797,-7.33674,1.96337,5322.0
127476180,981.01,FP,117.113226,-28.204828,1.48129,6711.0
177126182,982.01,FP,106.405063,-11.979855,3.08,8502.0
148659924,983.01,FP,114.864422,-32.903754,,9260.2
33091633,984.01,FP,104.87593,-4.812169,0.52,6184.6
425220920,985.01,FP,111.644015,7.01633,1.59,5906.8
320536216,986.01,FP,120.105441,10.343871,1.65,8274.5
52548453,987.01,FP,100.9257,-30.491967,2.27,6080.0
113553629,988.01,FP,113.424039,-30.996054,4.82,6056.9
108835813,992.01,FP,112.616704,-26.080682,,9412.5
93963408,994.01,FP,115.046333,-9.084269,1.87739,10393.0
317951248,995.01,FP,110.811443,5.56285,,4805.2
142918609,996.01,FP,119.349948,-19.516015,2.05,8007.0
341729521,997.01,FP,121.319521,-59.579798,0.926261,5786.0
54390047,998.01,FP,118.319555,-14.218823,2.34986,8322.0
341186896,999.01,FP,118.864086,-58.22206,1.3,6635.0
294780517,792.01,FP,71.245764,-67.98105,0.835807,5107.98
300013921,793.01,FP,107.133952,-68.368778,0.8,5379.0
