tic_id,sector,n_sectors_observed,sectors_observed,st_rad,st_mass,st_teff
466307264,103,3,"103,102,101",1.38088,1.18,6179.0
365954183,103,3,"103,102,101",,,
1688227492,103,3,"103,102,101",,,
349964152,103,3,"103,102,101",2.64946,1.84,7783.0
1988436721,103,3,"103,102,101",,,
394484050,103,3,"103,102,101",0.18,0.47,31000.0
301687690,103,3,"103,102,101",0.56025,0.554381,3811.0
1509144412,103,3,"103,102,101",,,
371928668,103,3,"103,102,101",20.5992,,4417.0
396212145,103,3,"103,102,101",10.5176,,4936.0
464378507,103,3,"103,102,101",0.538109,0.534434,3565.0
464317121,103,3,"103,102,101",12.1341,,4758.0
295253681,103,3,"103,102,101",2.32032,1.73,7508.0
1988286874,103,3,"103,102,101",,,
352435054,103,3,"103,102,101",1.9891,1.82,7737.0
362553116,103,3,"103,102,101",3.83814,1.8,7682.22
1509092906,103,3,"103,102,101",,,
351558953,103,3,"103,102,101",,,
1988410166,103,3,"103,102,101",,,
447627658,103,3,"103,102,101",0.74987,0.76,4741.0
361861044,103,3,"103,102,101",1.57036,2.03,8266.0
469878140,103,3,"103,102,101",2.35103,1.99,8145.0
402593209,103,3,"103,102,101",0.686265,0.7,4463.0
310515887,103,3,"103,102,101",1.28255,1.33,6496.19
360453362,103,3,"103,102,101",0.86493,1.05,5835.0
2026229140,103,3,"103,102,101",,,
300316029,103,3,"103,102,101",1.92921,2.13,8535.0
350572362,103,3,"103,102,101",4.24823,1.86,7836.0
351181774,103,3,"103,102,101",2.36165,1.76,7571.49
331753560,103,3,"103,102,101",1.99881,1.1,5980.8
380838154,103,3,"103,102,101",15.2693,,4459.0
466095211,103,3,"103,102,101",1.97207,2.02,8237.0
1922082055,103,3,"103,102,101",,,
346704136,103,3,"103,102,101",0.839147,1.17,6162.0
343448758,103,3,"103,102,101",,,
363873149,103,3,"103,102,101",0.679334,0.71,4522.0
410088244,103,3,"103,102,101",2.06445,1.6,7168.0
451463754,103,3,"103,102,101",1.00651,1.07,5906.0
350852989,103,3,"103,102,101",0.852167,0.94,5425.0
1988576229,103,3,"103,102,101",,,
403269435,103,3,"103,102,101",,,
310051715,103,3,"103,102,101",0.699931,0.8,4884.0
465765802,103,3,"103,102,101",0.390949,0.381227,3520.0
1816012436,103,3,"103,102,101",,,
2026729631,103,3,"103,102,101",,,
404238893,103,3,"103,102,101",,,
1922529980,103,3,"103,102,101",,,
465799362,103,3,"103,102,101",0.846145,0.88,5188.0
339269863,103,3,"103,102,101",,,
363275408,103,3,"103,102,101",0.804078,0.87,5147.0
2026380210,103,3,"103,102,101",,,
1311546480,103,3,"103,102,101",,,
331774813,103,3,"103,102,101",0.858712,0.84,5058.9
294769705,103,3,"103,102,101",0.601578,0.589375,3971.0
311531517,103,3,"103,102,101",0.282865,0.257193,3266.0
294769703,103,3,"103,102,101",0.550273,0.5455,3798.0
1688667569,103,3,"103,102,101",,,
292750423,103,3,"103,102,101",,,
311893428,103,3,"103,102,101",0.627686,0.64,4060.0
340389150,103,3,"103,102,101",1.80784,,7322.0
379725706,103,3,"103,102,101",10.5078,,4610.0
362374242,103,3,"103,102,101",0.705067,0.73,4598.0
364486973,103,3,"103,102,101",40.0053,,3998.0
362172901,103,3,"103,102,101",0.936492,1.0,5658.0
447536804,103,3,"103,102,101",1.56886,1.97,8098.0
324608514,103,3,"103,102,101",2.10702,1.67,7362.0
426665045,103,3,"103,102,101",,,
208155431,103,3,"103,102,101",0.940999,0.93,5386.0
364115836,103,3,"103,102,101",1.36733,1.42,6694.0
67918274,103,3,"103,102,101",0.811552,0.81,4949.0
1922424569,103,3,"103,102,101",,,
363600442,103,3,"103,102,101",1.18301,1.13,6049.16
306518087,103,3,"103,102,101",2.23147,1.86,7815.0
360550353,103,3,"103,102,101",2.82237,2.33,9211.0
424136217,103,3,"103,102,101",58.8367,,3930.0
382150493,103,3,"103,102,101",0.277564,0.251241,3210.0
466203956,103,3,"103,102,101",0.18,0.47,31000.0
295046932,103,3,"103,102,101",,,
259719464,103,3,"103,102,101",1.18404,1.12,6031.36
402948120,103,3,"103,102,101",60.8715,,3967.0
1988645733,103,3,"103,102,101",,,
339603121,103,3,"103,102,101",2.36634,1.94,8034.0
350856279,103,3,"103,102,101",2.39416,1.14,6073.0
2026157727,103,3,"103,102,101",,,
82849372,103,3,"103,102,101",1.79157,1.21,6253.9
403135040,103,3,"103,102,101",3.6409,,5008.0
341293863,103,3,"103,102,101",24.3802,,4364.0
1987877160,103,3,"103,102,101",,,
371930761,103,3,"103,102,101",2.69328,1.86,7817.0
277800037,103,3,"103,102,101",3.08791,2.03,8264.0
447649621,103,3,"103,102,101",0.664278,0.637722,3887.0
469874560,103,3,"103,102,101",0.18,0.47,31000.0
1922582683,103,3,"103,102,101",,,
410397673,103,3,"103,102,101",28.212,,4545.0
1509709867,103,3,"103,102,101",,,
464275366,103,3,"103,102,101",1.89891,1.67,7341.0
1988262914,103,3,"103,102,101",,,
331634064,103,3,"103,102,101",0.845916,0.81,4944.0
304907445,103,3,"103,102,101",2.49647,2.43,9552.0
414077635,103,3,"103,102,101",1.52262,1.74,7533.0
310952994,103,3,"103,102,101",1.72324,1.67,7355.0
327710325,103,3,"103,102,101",0.629669,0.63,4046.0
363212626,103,3,"103,102,101",4.81686,1.51,6934.42
469872864,103,3,"103,102,101",0.724408,0.76,4743.0
340390410,103,3,"103,102,101",0.646786,0.624713,3738.0
381242179,103,3,"103,102,101",3.53416,2.38,9376.0
327303945,103,3,"103,102,101",4.67962,1.36,6567.0
303537262,103,3,"103,102,101",0.143,0.47,34000.0
364420518,103,3,"103,102,101",40.5861,,4017.0
309898261,103,3,"103,102,101",0.170844,0.141148,2877.0
1815679645,103,3,"103,102,101",,,
403050659,103,3,"103,102,101",,,7485.0
2026419057,103,3,"103,102,101",,,
2026029028,103,3,"103,102,101",,,
1112956829,103,3,"103,102,101",,,
381293626,103,3,"103,102,101",0.848274,0.93,5361.0
300441785,103,3,"103,102,101",1.23694,1.03,5768.0
423911734,103,3,"103,102,101",55.1138,,5273.0
396211656,103,3,"103,102,101",79.3964,,3824.0
396118466,103,3,"103,102,101",,,5404.8
464405850,103,3,"103,102,101",1.49858,1.87,7860.0
1689447815,103,3,"103,102,101",0.565905,0.61,3942.0
407885273,103,3,"103,102,101",2.05862,2.29,9044.0
299612431,103,3,"103,102,101",0.834435,0.66,4236.0
402705956,103,3,"103,102,101",3.71818,2.28,9030.0
350172725,103,3,"103,102,101",0.587479,0.577751,3273.0
295376786,103,3,"103,102,101",1.00367,0.75,4702.0
304341456,103,3,"103,102,101",0.258841,0.230491,3217.0
238831201,103,3,"103,102,101",0.318299,0.297598,2965.0
298281735,103,3,"103,102,101",,,
327595545,103,3,"103,102,101",5.16078,,4915.0
1113536772,103,3,"103,102,101",,,
1988647548,103,3,"103,102,101",,,
363592740,103,3,"103,102,101",1.90396,1.61,7189.52
343681524,103,3,"103,102,101",1.80506,2.11,8497.0
447557875,103,3,"103,102,101",3.17283,2.16,8644.0
35920267,103,3,"103,102,101",4.82878,1.93,7998.0
401671176,103,3,"103,102,101",,,
1509222327,103,3,"103,102,101",,,
1988987895,103,3,"103,102,101",,,
341029467,103,3,"103,102,101",2.14291,1.58,7118.0
1206002130,103,3,"103,102,101",,,
71379213,103,3,"103,102,101",61.3285,,4503.0
273365294,103,3,"103,102,101",8.09161,,4524.0
354944747,103,3,"103,102,101",2.75422,1.3,6443.0
40709970,103,3,"103,102,101",73.3791,,5552.0
1922433415,103,3,"103,102,101",,,
1815961134,103,3,"103,102,101",,,
2054959106,103,3,"103,102,101",,,
343646670,103,3,"103,102,101",,,
1816317215,103,3,"103,102,101",,,
219285759,103,3,"103,102,101",10.8967,,4980.3
365893665,103,3,"103,102,101",3.42297,2.26,8958.0
424829832,103,3,"103,102,101",,,3144.0
265467908,103,3,"103,102,101",2.40019,,4953.0
1208919518,103,3,"103,102,101",,,
299878316,103,3,"103,102,101",1.69513,2.02,8245.0
234281396,103,3,"103,102,101",0.678038,0.68,4365.0
276977013,103,3,"103,102,101",38.342,,4006.0
325280344,103,3,"103,102,101",4.75786,,4828.0
1988815765,103,3,"103,102,101",,,
403237836,103,3,"103,102,101",0.619429,0.603659,3530.0
371837199,103,3,"103,102,101",2.59819,2.35,9263.0
1688912454,103,3,"103,102,101",,,
464420341,103,3,"103,102,101",2.48391,1.71,7448.0
1688336549,103,3,"103,102,101",,,
1688534307,103,3,"103,102,101",,,
317058444,103,3,"103,102,101",0.18,0.47,31000.0
300872489,103,3,"103,102,101",60.3034,,3748.0
270245472,103,3,"103,102,101",19.4574,,4711.0
372301002,103,3,"103,102,101",8.76143,,4977.0
265469420,103,3,"103,102,101",1.65575,1.35,6543.0
1816080118,103,3,"103,102,101",,,
392758970,103,3,"103,102,101",2.42631,,5325.0
1140477485,103,3,"103,102,101",,,
2026303220,103,3,"103,102,101",,,
361966174,103,3,"103,102,101",0.603275,0.43,3447.0
341362242,103,3,"103,102,101",12.3364,,5165.0
277125572,103,3,"103,102,101",19.8609,,4515.0
392762103,103,3,"103,102,101",0.976033,1.01,5696.13
341311287,103,3,"103,102,101",19.2143,,4468.0
398447122,103,3,"103,102,101",0.18,0.47,31000.0
39276230,103,3,"103,102,101",0.928401,0.96,5498.0
1311019215,103,3,"103,102,101",,,
2026150531,103,3,"103,102,101",,,
271579973,103,3,"103,102,101",26.0291,,4278.0
402885783,103,3,"103,102,101",4.71984,2.06,8345.0
265285561,103,3,"103,102,101",3.60556,,4913.0
380829837,103,3,"103,102,101",,,
406242857,103,3,"103,102,101",0.18,0.47,31000.0
339401388,103,3,"103,102,101",,,
304663241,103,3,"103,102,101",14.3422,,4524.0
304482614,103,3,"103,102,101",0.470918,0.468592,3234.0
1815902326,103,3,"103,102,101",,,
411978510,103,3,"103,102,101",50.0077,,3644.0
1922731130,103,3,"103,102,101",,,
410416107,103,3,"103,102,101",0.926214,0.98,5566.0
339276534,103,3,"103,102,101",46.3263,,3988.0
343165279,103,3,"103,102,101",0.444099,0.440218,3163.0
1205693844,103,3,"103,102,101",,,
350463976,103,3,"103,102,101",2.85435,2.03,8263.0
2026046338,103,3,"103,102,101",,,
303555469,103,3,"103,102,101",0.811418,0.82,4983.0
1988646496,103,3,"103,102,101",,,
350462060,103,3,"103,102,101",0.744484,0.84,5027.0
343720622,103,3,"103,102,101",0.258459,0.230072,3178.0
1116764594,103,3,"103,102,101",,,
447691425,103,3,"103,102,101",0.793672,0.86,5097.0
343297686,103,3,"103,102,101",0.205679,0.174639,3115.0
361336345,103,3,"103,102,101",3.79989,1.68,7372.27
466679588,103,3,"103,102,101",1.89522,1.99,8161.0
447263332,103,3,"103,102,101",0.761005,0.8,4877.0
1689082443,103,3,"103,102,101",,,
1922402287,103,3,"103,102,101",,,
300432135,103,3,"103,102,101",2.07371,2.43,9562.0
423240775,103,3,"103,102,101",1.82156,1.78,7632.0
406319088,103,3,"103,102,101",14.3525,,4642.0
294292672,103,3,"103,102,101",10.5376,,4861.0
268750437,103,3,"103,102,101",10.3698,,4673.0
1816600800,103,3,"103,102,101",,,
374288012,103,3,"103,102,101",3.08962,1.67,7353.0
277715787,103,3,"103,102,101",2.44218,1.85,7794.0
42748763,103,3,"103,102,101",59.0928,,6496.0
305176519,103,3,"103,102,101",27.2156,,4464.0
363371869,103,3,"103,102,101",3.23981,2.35,9254.0
423422383,103,3,"103,102,101",0.698239,0.71,4524.0
361282196,103,3,"103,102,101",,,
1988836491,103,3,"103,102,101",,,
339847182,103,3,"103,102,101",,,3081.0
294684134,103,3,"103,102,101",3.5262,2.64,10276.0
1988793131,103,3,"103,102,101",,,
364355149,103,3,"103,102,101",0.337699,0.319988,3256.0
277686948,103,3,"103,102,101",0.300587,0.277288,3208.0
300643335,103,3,"103,102,101",0.595069,0.64,4099.0
410348210,103,3,"103,102,101",0.992039,1.04,5776.0
1988696923,103,3,"103,102,101",,,
360696800,103,3,"103,102,101",0.507597,0.505513,3664.0
447185974,103,3,"103,102,101",1.17104,0.51,3603.0
364545901,103,3,"103,102,101",129.32,,3399.0
352140701,103,3,"103,102,101",0.770436,0.79,4864.0
1922636197,103,3,"103,102,101",,,
293901590,103,3,"103,102,101",16.3273,,4605.0
466093558,103,3,"103,102,101",0.637406,0.617599,3986.0
1816332953,103,3,"103,102,101",,,
1987877959,103,3,"103,102,101",,,
311175008,103,3,"103,102,101",3.29641,2.29,9075.0
406272866,103,3,"103,102,101",1.63117,1.53,6979.0
371836310,103,3,"103,102,101",12.5713,,4629.75
1988653635,103,3,"103,102,101",,,
345170989,103,3,"103,102,101",0.735972,0.67,4306.0
1987851055,103,3,"103,102,101",,,
43705631,103,3,"103,102,101",2.68966,2.37,9337.0
238829525,103,3,"103,102,101",,,4338.7
311697391,103,3,"103,102,101",2.30827,2.31,9143.0
360541225,103,3,"103,102,101",,,3171.0
301153917,103,3,"103,102,101",0.957836,1.01,5683.0
277748932,103,3,"103,102,101",2.18056,2.16,8634.0
46473449,103,3,"103,102,101",10.025,,6076.0
1310815601,103,3,"103,102,101",0.920943,0.84,5054.0
372442214,103,3,"103,102,101",84.7803,,3781.0
1815541951,103,3,"103,102,101",0.50126,0.71,4525.0
1816562069,103,3,"103,102,101",,,
372203352,103,3,"103,102,101",2.19731,1.89,7889.0
324425723,103,3,"103,102,101",,,
447749642,103,3,"103,102,101",0.886194,0.88,5174.0
380527368,103,3,"103,102,101",11.6165,,4812.0
343652400,103,3,"103,102,101",0.268672,0.24133,3351.0
456324555,103,3,"103,102,101",3.97492,2.08,8387.0
409780413,103,3,"103,102,101",8.2432,,4896.0
344002749,103,3,"103,102,101",0.721669,0.74,4665.0
1815838232,103,3,"103,102,101",,,
