host,status,SDE,SDE_raw,FAP,period,period_uncertainty,T0,duration,depth,depth_mean,depth_mean_std,depth_mean_even,depth_mean_odd,odd_even_mismatch,rp_rs,snr,transit_count,distinct_transit_count,empty_transit_count,chi2red_min,depth_consistency_std,secondary_eclipse_depth,transit_shape_ratio,depth_duration_ratio,elapsed_s
TIC_466307264,"Required feature(s) not computable: ['depth_mean_odd', 'odd_even_mismatch', 'depth_consistency_std']",,,,,,,,,,,,,,,,,,,,,,,,
TIC_365954183,Required feature(s) not computable: ['transit_shape_ratio'],,,,,,,,,,,,,,,,,,,,,,,,
TIC_1688227492,Required feature(s) not computable: ['FAP'],,,,,,,,,,,,,,,,,,,,,,,,
TIC_349964152,"Required feature(s) not computable: ['depth_mean_even', 'odd_even_mismatch', 'depth_consistency_std']",,,,,,,,,,,,,,,,,,,,,,,,
TIC_1988436721,Success,7.162512885631174,6.200321352290272,0.007362945,11.058837770817757,0.0245304805422499,4110.616877400862,0.0473131624216994,0.7493617950646402,0.9486441387749271,0.0456909151916995,0.9601508368005012,0.9245846792669088,0.2757922537037817,0.4502262189627257,1.1264926497529355,7.0,6.0,1.0,0.1400055197434585,0.0802865361884354,-0.0035618236322529,2.769039589679106,15.838336663815094,96.79183758300496
TIC_394484050,Required feature(s) not computable: ['snr'],,,,,,,,,,,,,,,,,,,,,,,,
TIC_301687690,Success,18.938256779951622,7.806520227183327,8.0032e-05,25.57524784126868,0.0764145920705861,4102.1633804812245,0.0707816860649095,0.9475274022130848,0.9547581503854496,0.0067750814715783,0.9644593511804374,0.9337388819963092,1.891305888556971,0.2060029452706141,23.483228476010098,3.0,3.0,0.0,0.0001320299862836,0.0345003664652873,-0.0001882010723801,0.5732589804164594,13.386618133738237,150.56615845800843
TIC_1509144412,Required feature(s) not computable: ['transit_shape_ratio'],,,,,,,,,,,,,,,,,,,,,,,,
TIC_371928668,Success,11.277072649070057,6.866798956796106,8.0032e-05,31.251749643775025,0.1464271914207131,4120.064700245018,0.0725247577203901,0.9987216920495704,0.998617604997847,0.0002234174445414,0.999460263656856,0.9984231453073064,3.2573288310091217,0.0321532510783878,17.927435747567106,2.0,2.0,0.0,9.198127139576832e-08,0.0005185591747748,3.824999318724487e-06,0.1925174233237259,13.77076909239756,206.47880091599657
TIC_396212145,"Required feature(s) not computable: ['depth_mean_odd', 'odd_even_mismatch', 'depth_consistency_std', 'transit_shape_ratio']",,,,,,,,,,,,,,,,,,,,,,,,
TIC_464378507,Success,11.11724774048876,11.605590068365268,8.0032e-05,13.068935781425974,0.0508164319372754,4112.252900982932,0.0563367451182076,0.9544576322496384,0.9666025347298928,0.0081971121995235,0.9614731798209468,0.9775024139114028,0.8510164356777693,0.1919176644243695,5.122442425021331,5.0,3.0,2.0,0.0010499076883262,0.0201938169606275,0.0006085440842411,-0.2247583924782721,16.94200881231182,165.0420506669907
TIC_464317121,Success,33.99501082066631,9.005384253378072,8.0032e-05,25.668334781606983,0.0500233242875118,4125.856336105202,0.0553670164538335,0.9992535738448964,0.999129395417308,0.0002991349577684,0.9993530373963542,0.9982907379958836,1.577591387991243,0.0245697405957022,17.5136934391433,3.0,3.0,0.0,4.437612219324631e-08,0.0012401143696664,-8.882018895928212e-07,-1.9618463231602885,18.047813262217225,170.1727453750209
TIC_295253681,"Required feature(s) not computable: ['depth_mean_odd', 'odd_even_mismatch', 'depth_consistency_std']",,,,,,,,,,,,,,,,,,,,,,,,
TIC_1988286874,"Required feature(s) not computable: ['FAP', 'transit_shape_ratio']",,,,,,,,,,,,,,,,,,,,,,,,
TIC_352435054,"Required feature(s) not computable: ['period_uncertainty', 'depth_mean_even', 'odd_even_mismatch', 'depth_consistency_std', 'transit_shape_ratio']",,,,,,,,,,,,,,,,,,,,,,,,
TIC_362553116,"Required feature(s) not computable: ['depth_mean_even', 'odd_even_mismatch', 'depth_consistency_std', 'transit_shape_ratio']",,,,,,,,,,,,,,,,,,,,,,,,
TIC_1509092906,Post-processing error: 'bool' object has no attribute 'sum',,,,,,,,,,,,,,,,,,,,,,,,
TIC_351558953,Required feature(s) not computable: ['transit_shape_ratio'],,,,,,,,,,,,,,,,,,,,,,,,
TIC_1988410166,Success,6.139432430435304,5.653791254609681,0.043537415,0.6104273239976566,0.0005154855712083,4101.6236446103185,0.0010254098007172,0.932619093682758,0.8581107555135404,0.0548091204026681,0.7793779216937186,1.0234497065351658,1.5052188816279568,0.2334401593215477,2.342326892514558,125.0,31.0,94.0,0.1083162670509839,0.3051642673360353,0.000296927451004,0.3180251443021622,909.5086598844824,83.024879915989
TIC_447627658,"Required feature(s) not computable: ['depth_mean_even', 'odd_even_mismatch']",,,,,,,,,,,,,,,,,,,,,,,,
TIC_361861044,Success,10.170618935781205,6.576075614509893,8.0032e-05,12.914162881289505,0.0371265011260364,4101.41576294424,0.0277151035447746,0.999396004893883,0.99894147217255,0.0003747881746703,0.9982184578332992,0.9997757194870708,1.84855931747525,0.022101607228256,5.517353016701462,6.0,6.0,0.0,1.0300523650642845e-06,0.0014733251831449,-4.856395676267056e-06,-1.1633625269861545,36.05961649319935,58.76285566604929
TIC_469878140,Success,6.130010499973647,4.772581405142997,0.044017607,25.95084375663738,0.1429118855478677,4125.139432278631,0.0523170254602176,0.9962911993920558,0.9962465404023458,0.0008358528574317,0.9965527378438892,0.995736211333107,0.3791560312739223,0.0547676226586007,9.67755810021634,3.0,3.0,0.0,3.5539773378100287e-06,0.0034519256068511,1.3086684705898575e-05,0.4167661994503699,19.043345653312144,31.597522041993216
TIC_402593209,"Required feature(s) not computable: ['period_uncertainty', 'depth_mean_odd', 'odd_even_mismatch', 'depth_consistency_std', 'transit_shape_ratio']",,,,,,,,,,,,,,,,,,,,,,,,
TIC_310515887,"Required feature(s) not computable: ['depth_mean_odd', 'odd_even_mismatch', 'depth_consistency_std']",,,,,,,,,,,,,,,,,,,,,,,,
TIC_360453362,"Required feature(s) not computable: ['period_uncertainty', 'depth_mean_odd', 'odd_even_mismatch', 'depth_consistency_std', 'transit_shape_ratio']",,,,,,,,,,,,,,,,,,,,,,,,
TIC_2026229140,Required feature(s) not computable: ['FAP'],,,,,,,,,,,,,,,,,,,,,,,,
TIC_300316029,Success,17.851761164207012,6.608206037010426,8.0032e-05,26.113131875316043,0.1150302987010558,4127.201116074273,0.0823692732333806,0.9980674962249032,0.998485726835638,0.0001860722750356,0.9986597109638922,0.9983813363586856,0.544637921411288,0.0395336872566869,18.446501646563547,2.0,2.0,0.0,1.5426983424835506e-07,0.0001391873026033,4.937635172286292e-06,-0.5229943296438653,12.116988010772324,35.64541237504454
TIC_350572362,"Required feature(s) not computable: ['depth_mean_even', 'odd_even_mismatch', 'depth_consistency_std']",,,,,,,,,,,,,,,,,,,,,,,,
TIC_351181774,"Required feature(s) not computable: ['depth_mean_even', 'odd_even_mismatch', 'depth_consistency_std']",,,,,,,,,,,,,,,,,,,,,,,,
TIC_331753560,"Required feature(s) not computable: ['depth_mean_odd', 'odd_even_mismatch', 'depth_consistency_std']",,,,,,,,,,,,,,,,,,,,,,,,
TIC_380838154,Success,6.538417287530724,6.088639481227707,0.021048419,0.6580493725264321,0.0005885145091137,4153.283166067164,0.0172113341546344,0.9999122806002247,0.9999265172941256,2.054066954278261e-05,0.9999221922930648,0.9999308178601526,0.148476319079125,0.008422770599283,3.400807055519176,37.0,34.0,3.0,1.643975901835157e-07,0.0001203126912417,5.052979887842923e-06,-2.08923712869279,58.09615173446523,50.641205958032515
TIC_466095211,"Required feature(s) not computable: ['depth_mean_odd', 'odd_even_mismatch', 'depth_consistency_std', 'transit_shape_ratio']",,,,,,,,,,,,,,,,,,,,,,,,
TIC_1922082055,"Required feature(s) not computable: ['FAP', 'transit_shape_ratio']",,,,,,,,,,,,,,,,,,,,,,,,
TIC_346704136,Success,13.823268177780577,7.726028215511556,8.0032e-05,36.417313621164055,0.1437469314227719,4125.329773972792,0.1161339681084193,0.9944138477523498,0.9953439676620568,0.0005396283780892,0.9924081365857562,0.9970215854199423,3.867856194799708,0.0672145864399025,18.88593285055592,2.0,2.0,0.0,1.889755363217279e-06,0.0023067244170931,0.0001021945002729,-3.5382764888982483,8.562644194022491,96.94621570804156
TIC_343448758,Required feature(s) not computable: ['transit_shape_ratio'],,,,,,,,,,,,,,,,,,,,,,,,
TIC_363873149,Required feature(s) not computable: ['transit_shape_ratio'],,,,,,,,,,,,,,,,,,,,,,,,
TIC_410088244,Required feature(s) not computable: ['transit_shape_ratio'],,,,,,,,,,,,,,,,,,,,,,,,
TIC_451463754,Required feature(s) not computable: ['transit_shape_ratio'],,,,,,,,,,,,,,,,,,,,,,,,
TIC_350852989,Required feature(s) not computable: ['transit_shape_ratio'],,,,,,,,,,,,,,,,,,,,,,,,
TIC_1988576229,Success,6.076429860227714,5.064396591279927,0.048339336,3.9936550048358193,0.006307164617042,4103.0921415733565,0.0279819354446307,0.7924995831813813,1.031376012213767,0.0501078158802987,1.0292445617658654,1.033959588514254,0.033786168155366,0.4096534658733621,-0.6206341358278026,19.0,15.0,4.0,0.1845832996150461,0.1215423686610015,-0.0144617472460024,-1.432888168079887,28.321828729450804,49.00662541703787
TIC_403269435,Required feature(s) not computable: ['transit_shape_ratio'],,,,,,,,,,,,,,,,,,,,,,,,
TIC_310051715,Required feature(s) not computable: ['transit_shape_ratio'],,,,,,,,,,,,,,,,,,,,,,,,
TIC_465765802,Required feature(s) not computable: ['transit_shape_ratio'],,,,,,,,,,,,,,,,,,,,,,,,
TIC_1816012436,"Required feature(s) not computable: ['FAP', 'transit_shape_ratio']",,,,,,,,,,,,,,,,,,,,,,,,
TIC_2026729631,"Required feature(s) not computable: ['FAP', 'transit_shape_ratio']",,,,,,,,,,,,,,,,,,,,,,,,
TIC_404238893,"Required feature(s) not computable: ['period_uncertainty', 'depth_mean_even', 'odd_even_mismatch', 'depth_consistency_std']",,,,,,,,,,,,,,,,,,,,,,,,
TIC_1922529980,"Required feature(s) not computable: ['FAP', 'transit_shape_ratio']",,,,,,,,,,,,,,,,,,,,,,,,
TIC_465799362,Success,8.919257085576737,7.450111984366317,0.000240096,19.486932219912152,0.0461671734203701,4105.865648035893,0.0479861533966658,0.9966874292529232,0.9967723519709129,0.0011931575069337,0.9996631488744538,0.9929781810350146,2.3643926123539503,0.0517594589587098,7.803981836260976,4.0,4.0,0.0,6.327368921804766e-06,0.0035667859345313,-9.0210362856169e-05,0.7875848551085929,20.770313073732954,96.84095829102444
TIC_339269863,Required feature(s) not computable: ['transit_shape_ratio'],,,,,,,,,,,,,,,,,,,,,,,,
TIC_363275408,Success,15.394768120961082,6.546236967892033,8.0032e-05,25.69818137708651,0.0951626846122781,4101.885961670354,0.053365682567064,0.99511144849514,0.9944677428179312,0.002396583957839,0.996223748784644,0.991913552320894,0.6129244320056205,0.0628777864555959,13.300888966594751,3.0,3.0,0.0,4.502668598022165e-06,0.0066343478711562,1.6564952488584694e-05,-11.49845243182848,18.64702933846288,101.7293567089946
TIC_2026380210,Post-processing error: 'bool' object has no attribute 'sum',,,,,,,,,,,,,,,,,,,,,,,,
TIC_1311546480,Required feature(s) not computable: ['transit_shape_ratio'],,,,,,,,,,,,,,,,,,,,,,,,
TIC_331774813,Required feature(s) not computable: ['transit_shape_ratio'],,,,,,,,,,,,,,,,,,,,,,,,
TIC_294769705,Success,12.562572441820006,7.4675210818316575,8.0032e-05,23.681055368832524,0.0725396291199746,4103.916111075495,0.0301363018504712,0.9900788388352716,0.9902076122414624,0.0024949406921814,0.9947219864237368,0.9856932380591874,1.4685678627163616,0.0895753263570621,16.51305619345308,4.0,4.0,0.0,7.277760511066503e-06,0.0116853855052766,0.0001454439049748,-1.8991195950302555,32.8533621592919,122.07618816604372
TIC_311531517,Success,7.458090040628422,6.932629428445383,0.004081633,20.843094555935615,0.0379748482759705,4104.2782196773605,0.08459377098692,0.9564152642631736,0.961407695541546,0.006800023649066,0.9716675999650256,0.9535417688168782,0.9890571209221344,0.1877475832791422,5.768029746503711,4.0,4.0,0.0,0.0023608911629513,0.0139254288011012,0.0020928964546405,10.232267075849633,11.30597741541816,186.0983030409552
TIC_294769703,Required feature(s) not computable: ['transit_shape_ratio'],,,,,,,,,,,,,,,,,,,,,,,,
TIC_1688667569,"Required feature(s) not computable: ['FAP', 'transit_shape_ratio']",,,,,,,,,,,,,,,,,,,,,,,,
TIC_292750423,"Required feature(s) not computable: ['depth_mean_even', 'odd_even_mismatch', 'depth_consistency_std', 'transit_shape_ratio']",,,,,,,,,,,,,,,,,,,,,,,,
TIC_311893428,Required feature(s) not computable: ['transit_shape_ratio'],,,,,,,,,,,,,,,,,,,,,,,,
TIC_340389150,"Required feature(s) not computable: ['depth_mean_odd', 'odd_even_mismatch', 'depth_consistency_std']",,,,,,,,,,,,,,,,,,,,,,,,
TIC_379725706,Required feature(s) not computable: ['transit_shape_ratio'],,,,,,,,,,,,,,,,,,,,,,,,
TIC_362374242,Success,9.461678769980422,6.234704209336305,8.0032e-05,0.578688424897585,0.0007483311717394,4101.423197762349,0.0014649748344068,0.998995918483589,0.9978837430434866,0.0006277234435387,0.9982636224625476,0.9975238572780606,0.4181690269322205,0.0284965072666346,3.16500071941213,132.0,37.0,95.0,1.6022653018064546e-05,0.0038182926417473,0.0004390997067695,0.852160195154625,681.9201907233205,150.26494254200952
TIC_364486973,Success,10.814604559643248,4.331297759009397,8.0032e-05,25.81603246745124,0.0502544761429391,4101.434010995021,0.0552606447835306,0.9994988020376429,0.99944520163349,0.0002141408003858,0.9993334873127324,0.9996965588551944,0.7387224287669638,0.0201331530579872,14.532165108712196,3.0,3.0,0.0,3.773282040064796e-08,0.0008849699435777,6.056556737243923e-07,-85.62359547958111,18.08699131095777,165.6907574160141
TIC_362172901,"Required feature(s) not computable: ['period_uncertainty', 'depth_mean_odd', 'odd_even_mismatch', 'depth_consistency_std', 'transit_shape_ratio']",,,,,,,,,,,,,,,,,,,,,,,,
TIC_447536804,Required feature(s) not computable: ['FAP'],,,,,,,,,,,,,,,,,,,,,,,,
TIC_324608514,Success,14.944056292537416,14.205083626334396,8.0032e-05,1.631249229837927,0.0033939099326628,4101.503137535535,0.0207629686758868,0.9869554853611494,0.9882221971549368,0.0003554686408082,0.9875193977331416,0.989210508841836,1.734900288965254,0.1027119818432611,14.732476146193187,47.0,41.0,6.0,9.701208222036224e-05,0.0029402780292452,0.0012223206195047,0.2608067485887235,47.53441093938331,25.409989750012755
TIC_426665045,Required feature(s) not computable: ['transit_shape_ratio'],,,,,,,,,,,,,,,,,,,,,,,,
TIC_208155431,Required feature(s) not computable: ['transit_shape_ratio'],,,,,,,,,,,,,,,,,,,,,,,,
TIC_364115836,Success,9.042437391855051,5.397874236340687,8.0032e-05,0.959716342531522,0.0017205306649613,4101.706920874478,0.0042059407865726,0.9998171913271158,0.9997280831294466,3.4950275324643064e-05,0.9997606355818638,0.9996925713631732,0.693755522253947,0.0121592151965132,6.3854166892214295,79.0,45.0,34.0,8.108467862366068e-08,0.0002297505531463,0.0001075267881186,1.006623656756715,237.7154701081409,48.209793207992334
TIC_67918274,Success,6.981361607217544,5.991042933248032,0.00992397,0.572329139031605,0.0004091723488252,4101.162280322253,0.0162098970311931,0.999008566650421,0.9990338607574334,0.0002933324799277,0.9992270484127496,0.9988349631221572,0.4747537885164059,0.0283164567252328,3.404119559884243,134.0,120.0,14.0,3.3141569851662196e-05,0.0030082822936044,-0.0001228215029356,9.4831722872056,61.62954426718441,88.89054058300098
TIC_1922424569,Required feature(s) not computable: ['transit_shape_ratio'],,,,,,,,,,,,,,,,,,,,,,,,
TIC_363600442,Required feature(s) not computable: ['transit_shape_ratio'],,,,,,,,,,,,,,,,,,,,,,,,
TIC_306518087,"Required feature(s) not computable: ['depth_mean_even', 'odd_even_mismatch', 'depth_consistency_std', 'transit_shape_ratio']",,,,,,,,,,,,,,,,,,,,,,,,
TIC_360550353,"Required feature(s) not computable: ['period_uncertainty', 'depth_mean_odd', 'odd_even_mismatch', 'depth_consistency_std', 'transit_shape_ratio']",,,,,,,,,,,,,,,,,,,,,,,,
TIC_424136217,Success,8.69169465686718,3.669400158561287,0.000320128,27.248372390482487,0.0270034188348731,4125.8174731862255,0.0625324749817452,0.99882385037583,0.9980762048583344,0.000869683118692,0.9997315422447384,0.9944896405211257,2.306019120962872,0.0308417089109469,35.85706588709466,2.0,2.0,0.0,5.000521706676599e-08,0.0026209508618063,-8.668518454157947e-07,0.4102260977197935,15.972882101138824,161.2692867089645
TIC_382150493,"Required feature(s) not computable: ['depth_mean_even', 'odd_even_mismatch', 'depth_consistency_std']",,,,,,,,,,,,,,,,,,,,,,,,
TIC_466203956,"Required feature(s) not computable: ['snr', 'transit_shape_ratio']",,,,,,,,,,,,,,,,,,,,,,,,
TIC_295046932,Success,7.444095883980433,6.4322669900985705,0.004321729,0.6068404161662911,0.0005116211008897,4102.095493358476,0.0151447274672891,0.9902028303150228,0.9899454093982508,0.0030004586327061,0.9923199661700586,0.9874629182277246,0.5752818637263136,0.0890138246719313,3.4503000902830694,125.0,108.0,17.0,0.0030345124480284,0.0276541532093436,0.00013927845686,0.0601493458298234,65.38267740068277,90.01931641600095
TIC_259719464,Success,10.781897256223065,5.179049409568238,8.0032e-05,24.10417688634075,0.1181004505955485,4103.302072697006,0.030917827332028,0.999438301553782,0.9990191872522172,0.0003483085268339,0.9987938873690918,0.9992670171236554,0.5172275089938664,0.0213136955589314,29.421610488604223,4.0,4.0,0.0,2.399863210032332e-08,0.0013831218126308,2.3438551022270104e-06,0.0532749209058088,32.32563177291746,44.46639562497148
TIC_402948120,Required feature(s) not computable: ['transit_shape_ratio'],,,,,,,,,,,,,,,,,,,,,,,,
TIC_1988645733,Post-processing error: 'bool' object has no attribute 'sum',,,,,,,,,,,,,,,,,,,,,,,,
TIC_339603121,Success,11.497982519843372,6.420082009785755,8.0032e-05,26.097137731014985,0.9906983680119978,4125.276096777433,0.0800222403261755,0.995000259040718,0.9952772007453942,0.0003105996637191,0.9953153766838946,0.9950990463657252,0.3228667084303508,0.0635888394360152,32.49126063262508,2.0,2.0,0.0,3.047505052981599e-07,0.0001081651590846,1.8477046533460495e-05,-0.2015264197246495,12.434046522379727,26.9976850420353
TIC_350856279,"Required feature(s) not computable: ['period_uncertainty', 'depth_mean_odd', 'odd_even_mismatch', 'depth_consistency_std', 'transit_shape_ratio']",,,,,,,,,,,,,,,,,,,,,,,,
TIC_2026157727,Success,27.059383780090652,26.49388576971938,8.0032e-05,0.6407336866559522,0.0010998089810025,4101.820806570387,0.0631898577567249,0.751837636595846,0.7770384033925044,0.0051176731381474,0.7787953758072342,0.7753162915415588,0.2403279295414688,0.4479969993237784,47.6734612361876,118.0,99.0,19.0,0.0359051352985395,0.0909270515646047,0.205215446195136,0.9170984489826348,11.898074521552989,115.41632341698278
TIC_82849372,Success,11.6715052750627,3.519644618854027,8.0032e-05,24.252443347358863,0.1166088721672586,4103.005689504857,0.0458430877284853,0.9995330603775556,0.9995711613103924,0.0001991152815202,0.9993025547315068,0.9998114935125534,0.9798116200943308,0.0194328952977109,18.947484618773867,4.0,4.0,0.0,1.8787513418995756e-08,0.000686525740599,-1.422082865243368e-06,-5.923394331469074,21.803353785798347,31.071938666980714
TIC_403135040,"Required feature(s) not computable: ['period_uncertainty', 'depth_mean_even', 'odd_even_mismatch', 'depth_consistency_std']",,,,,,,,,,,,,,,,,,,,,,,,
TIC_341293863,"Required feature(s) not computable: ['depth_mean_even', 'odd_even_mismatch', 'depth_consistency_std']",,,,,,,,,,,,,,,,,,,,,,,,
TIC_1987877160,Required feature(s) not computable: ['transit_shape_ratio'],,,,,,,,,,,,,,,,,,,,,,,,
TIC_371930761,"Required feature(s) not computable: ['depth_mean_odd', 'odd_even_mismatch', 'depth_consistency_std', 'transit_shape_ratio']",,,,,,,,,,,,,,,,,,,,,,,,
TIC_277800037,Success,11.84226579953805,5.503992494741557,8.0032e-05,3.5843986529895773,0.0133133925288859,4104.426789657334,0.0895638221233129,0.9946462000015874,0.9949863417880336,0.0002543256218417,0.9954082844912436,0.9945672891033388,1.1775249289334897,0.0658018673649628,40.15869811734394,21.0,19.0,2.0,4.441426350817494e-06,0.0019068295560338,-0.0020656308425397,0.7206634459810042,11.105446110061523,21.986509083013516
TIC_447649621,"Required feature(s) not computable: ['period_uncertainty', 'depth_mean_even', 'odd_even_mismatch', 'depth_consistency_std']",,,,,,,,,,,,,,,,,,,,,,,,
TIC_469874560,Required feature(s) not computable: ['snr'],,,,,,,,,,,,,,,,,,,,,,,,
TIC_1922582683,Required feature(s) not computable: ['FAP'],,,,,,,,,,,,,,,,,,,,,,,,
TIC_410397673,Success,9.124203013274991,6.977069936086763,8.0032e-05,1.1552717238073966,0.000909630321543,4101.3971435906815,0.020475219473907,0.9999201602479052,0.9999184437110564,1.1399007703807224e-05,0.9999263961681024,0.999910180611157,0.5031593523962947,0.0080355708886538,6.779592764270071,44.0,39.0,5.0,3.7817263105686374e-08,9.848672061381084e-05,1.1427884056391946e-05,0.7250413537108452,48.83562598790065,139.5592880419572
TIC_1509709867,"Required feature(s) not computable: ['FAP', 'transit_shape_ratio']",,,,,,,,,,,,,,,,,,,,,,,,
TIC_464275366,"Required feature(s) not computable: ['depth_mean_odd', 'odd_even_mismatch', 'depth_consistency_std']",,,,,,,,,,,,,,,,,,,,,,,,
TIC_1988262914,Success,5.676167390499498,4.476256920156041,0.096118447,3.3171080552457575,0.0049252303724265,4102.922174729287,0.0129388242350588,0.8662524432783175,0.8765929842251327,0.0518042049968828,0.8671002342225123,0.8950788658091832,0.1859782976607757,0.3288895506072832,2.1192366579420963,23.0,19.0,4.0,0.1896922378534444,0.209045462477538,-0.0194919888079354,-4.60279219664124,66.94985784961315,71.30123283300782
TIC_331634064,Success,9.356061798425454,7.126285080311227,8.0032e-05,31.628060071119258,0.1807815545649109,4114.48894251674,0.094504894364751,0.997916245533073,0.9980832386655036,0.0003099581736204,0.997457947423838,0.9988222192238356,1.829942710879786,0.0410516312115268,9.551784214247771,2.0,2.0,0.0,9.531303673366008e-07,0.0006821358999987,2.8926147329411123e-05,0.0026402748267028,10.559413374735025,86.06460516696097
TIC_304907445,"Required feature(s) not computable: ['depth_mean_even', 'odd_even_mismatch', 'depth_consistency_std', 'transit_shape_ratio']",,,,,,,,,,,,,,,,,,,,,,,,
TIC_414077635,"Required feature(s) not computable: ['period_uncertainty', 'depth_mean_even', 'odd_even_mismatch', 'depth_consistency_std', 'transit_shape_ratio']",,,,,,,,,,,,,,,,,,,,,,,,
TIC_310952994,"Required feature(s) not computable: ['depth_mean_even', 'odd_even_mismatch', 'depth_consistency_std', 'transit_shape_ratio']",,,,,,,,,,,,,,,,,,,,,,,,
TIC_327710325,"Required feature(s) not computable: ['period_uncertainty', 'depth_mean_even', 'odd_even_mismatch', 'depth_consistency_std']",,,,,,,,,,,,,,,,,,,,,,,,
TIC_363212626,Required feature(s) not computable: ['FAP'],,,,,,,,,,,,,,,,,,,,,,,,
TIC_469872864,"Required feature(s) not computable: ['period_uncertainty', 'depth_mean_odd', 'odd_even_mismatch', 'depth_consistency_std', 'transit_shape_ratio']",,,,,,,,,,,,,,,,,,,,,,,,
TIC_340390410,Success,6.296560945304804,6.42621754308639,0.033133253,33.18328286422075,0.1597571223475213,4125.72822229426,0.0918028176975988,0.8441532094207498,0.8903391283540457,0.0338145351458231,0.8871901380728578,0.8987364357705463,0.1378941051721852,0.3550226638976286,5.322113497671101,2.0,2.0,0.0,0.0092161716688835,0.0057731488488442,-0.0015729509969324,-0.0208805414688675,9.195286491112018,120.82854320801562
TIC_381242179,"Required feature(s) not computable: ['depth_mean_even', 'odd_even_mismatch', 'depth_consistency_std']",,,,,,,,,,,,,,,,,,,,,,,,
TIC_327303945,"Required feature(s) not computable: ['FAP', 'transit_shape_ratio']",,,,,,,,,,,,,,,,,,,,,,,,
TIC_303537262,"Required feature(s) not computable: ['snr', 'transit_shape_ratio']",,,,,,,,,,,,,,,,,,,,,,,,
TIC_364420518,Required feature(s) not computable: ['transit_shape_ratio'],,,,,,,,,,,,,,,,,,,,,,,,
TIC_309898261,Required feature(s) not computable: ['transit_shape_ratio'],,,,,,,,,,,,,,,,,,,,,,,,
TIC_1815679645,Required feature(s) not computable: ['FAP'],,,,,,,,,,,,,,,,,,,,,,,,
TIC_403050659,Success,15.31692178047225,11.336878995452317,8.0032e-05,0.7139683164593152,0.0009490650587949,4101.631424013083,0.0561943672343607,0.9642783666955068,0.9498618965810008,0.0027613698660121,0.943306056065386,0.9558180344299066,1.6057723581534638,0.1699702060215518,2.9184662145895603,107.0,94.0,13.0,0.0082577558159544,0.0696336032185067,0.0417236337904685,0.9762821455269206,17.15969792263959,72.42698654194828
TIC_2026419057,"Required feature(s) not computable: ['FAP', 'transit_shape_ratio']",,,,,,,,,,,,,,,,,,,,,,,,
TIC_2026029028,"Required feature(s) not computable: ['FAP', 'transit_shape_ratio']",,,,,,,,,,,,,,,,,,,,,,,,
TIC_1112956829,Post-processing error: 'bool' object has no attribute 'sum',,,,,,,,,,,,,,,,,,,,,,,,
TIC_381293626,"Required feature(s) not computable: ['period_uncertainty', 'depth_mean_even', 'odd_even_mismatch', 'depth_consistency_std', 'transit_shape_ratio']",,,,,,,,,,,,,,,,,,,,,,,,
TIC_300441785,Success,25.63585929583698,11.759487820552826,8.0032e-05,23.982268141765935,0.0836900442399155,4103.257215395932,0.0452155415259886,0.999358532563022,0.9992217883041674,0.0002614357081243,0.999184057485909,0.999257003734542,0.0986089346552468,0.0227768915714144,14.044680404074942,4.0,4.0,0.0,8.795818721194403e-08,0.0012610651152492,-1.1407293258658411e-05,-0.6839505193349447,22.102102481480156,42.08073279098608
TIC_423911734,"Required feature(s) not computable: ['FAP', 'transit_shape_ratio']",,,,,,,,,,,,,,,,,,,,,,,,
TIC_396211656,"Required feature(s) not computable: ['depth_mean_odd', 'odd_even_mismatch', 'depth_consistency_std']",,,,,,,,,,,,,,,,,,,,,,,,
TIC_396118466,Success,13.496226492273864,6.979846549581627,8.0032e-05,24.81448776655597,0.0719949838859506,4101.634283814414,0.0132191900451823,0.9996204099575292,0.9997376010018584,0.0002287661617938,0.9987591799546582,1.0000637413509252,2.785951447234815,0.0175212284628747,1.5555716610377963,4.0,3.0,1.0,2.438998854454574e-07,0.0007939144634903,-2.394577365727457e-06,0.4541006687057286,75.61888485912472,57.478239582967944
TIC_464405850,Success,24.08277804015474,22.939132690223968,8.0032e-05,0.8212614417930334,0.0009254949585602,4101.2000967127005,0.0176992683811863,0.9995533186796418,0.9995139697809008,5.414400711254051e-05,0.999487797257688,0.9995417987929248,0.3546442957158137,0.0190066703512131,8.683656038579254,93.0,85.0,8.0,1.0228024677771389e-06,0.0004398232873398,1.7450965008380948e-05,-0.3723733833352785,56.47427323844248,60.83262724999804
TIC_1689447815,Success,8.447589359343137,8.006261590153802,0.000720288,22.71934331855824,0.0427432500629798,4102.591720013705,0.0399822660034129,0.9957267180912104,0.9959302270489871,0.0009285820317615,0.9980098492809796,0.9938506048169944,1.937682257618013,0.0587878962349707,5.704325498402761,4.0,4.0,0.0,1.4191643216591502e-05,0.0029272881278428,9.306598019076516e-05,9.293983766752916,24.90420923131807,131.8847689590184
TIC_407885273,"Required feature(s) not computable: ['depth_mean_odd', 'odd_even_mismatch', 'depth_consistency_std', 'transit_shape_ratio']",,,,,,,,,,,,,,,,,,,,,,,,
TIC_299612431,"Required feature(s) not computable: ['period_uncertainty', 'depth_mean_odd', 'odd_even_mismatch', 'depth_consistency_std', 'transit_shape_ratio']",,,,,,,,,,,,,,,,,,,,,,,,
TIC_402705956,Success,8.406481411237905,4.904835919596227,0.00080032,33.25497402537806,0.2991808032616703,4120.1295049506025,0.0674304848828237,0.9975205016294854,0.99772103064871,0.0002739821598817,0.999803063242706,0.9975475279325438,9.57535616937115,0.0447805125825254,19.136609594388624,2.0,2.0,0.0,1.7312231596183965e-07,0.0011277676550811,2.244736126888469e-05,1.1226649896857492,14.793316455649268,19.488060750009023
TIC_350172725,Success,16.708583969466147,9.752446692723105,8.0032e-05,0.5267820590492124,0.0008930790919534,4101.4553163045875,0.0536309914281812,0.9881331332396897,0.9896596097251442,0.0004966344272887,0.988970543317913,0.9903580831823036,0.9891584129503916,0.097965955782614,16.994667799857165,145.0,124.0,21.0,0.0003814196010091,0.008017963127392,0.0100911073063283,0.6151160077955827,18.424666539363272,125.8843264169991
TIC_295376786,"Required feature(s) not computable: ['depth_mean_odd', 'odd_even_mismatch', 'depth_consistency_std', 'transit_shape_ratio']",,,,,,,,,,,,,,,,,,,,,,,,
TIC_304341456,Required feature(s) not computable: ['transit_shape_ratio'],,,,,,,,,,,,,,,,,,,,,,,,
TIC_238831201,Success,16.00649098191873,10.415478630581692,8.0032e-05,0.5383827659676673,0.0008322279666075,4101.554278632425,0.053027754865057,0.9976974599481496,0.99788727291784,0.0001036501707465,0.9977943962126832,0.9979807754768056,0.6370208364765606,0.0431529751805606,20.25723603353577,141.0,120.0,21.0,1.622131392684394e-05,0.0019015013791975,0.002029627323685,-3.0459641258667975,18.81462759430513,218.8735592910089
TIC_298281735,Required feature(s) not computable: ['transit_shape_ratio'],,,,,,,,,,,,,,,,,,,,,,,,
TIC_327595545,Required feature(s) not computable: ['transit_shape_ratio'],,,,,,,,,,,,,,,,,,,,,,,,
TIC_1113536772,Post-processing error: 'bool' object has no attribute 'sum',,,,,,,,,,,,,,,,,,,,,,,,
TIC_1988647548,"Required feature(s) not computable: ['FAP', 'transit_shape_ratio']",,,,,,,,,,,,,,,,,,,,,,,,
TIC_363592740,"Required feature(s) not computable: ['depth_mean_even', 'odd_even_mismatch', 'depth_consistency_std']",,,,,,,,,,,,,,,,,,,,,,,,
TIC_343681524,Success,16.177674352153666,15.769687853674192,8.0032e-05,1.0474984024864855,0.0022263994197523,4101.370245232019,0.083819612456591,0.9976578799442132,0.9978432708319795,3.7639082174347435e-05,0.997868949724659,0.9978171012598224,0.4878385821116019,0.0435222884866766,34.67448854500897,73.0,65.0,8.0,3.2628040127511294e-06,0.000795687885039,0.0019171785252045,0.9112319748110792,11.902439664235926,64.36820866598282
TIC_447557875,Required feature(s) not computable: ['FAP'],,,,,,,,,,,,,,,,,,,,,,,,
TIC_35920267,Required feature(s) not computable: ['FAP'],,,,,,,,,,,,,,,,,,,,,,,,
TIC_401671176,Required feature(s) not computable: ['FAP'],,,,,,,,,,,,,,,,,,,,,,,,
TIC_1509222327,"Required feature(s) not computable: ['FAP', 'transit_shape_ratio']",,,,,,,,,,,,,,,,,,,,,,,,
TIC_1988987895,Required feature(s) not computable: ['transit_shape_ratio'],,,,,,,,,,,,,,,,,,,,,,,,
TIC_341029467,Success,17.416796090725494,10.784219574637218,8.0032e-05,13.233682699954096,0.0568979774263205,4110.9578139913365,0.042947364516038,0.9983751632960188,1.0002844816909089,0.0007217140748397,1.000552781888626,0.9999203599940067,0.3059661133795021,0.0362503335756344,-3.077695485997498,6.0,5.0,1.0,2.759721755577278e-07,0.0026821203057866,5.183330224367566e-06,-0.6336294685604066,23.246482631622023,38.199235833017156
TIC_1206002130,Post-processing error: 'bool' object has no attribute 'sum',,,,,,,,,,,,,,,,,,,,,,,,
TIC_71379213,"Required feature(s) not computable: ['FAP', 'transit_shape_ratio']",,,,,,,,,,,,,,,,,,,,,,,,
TIC_273365294,Required feature(s) not computable: ['transit_shape_ratio'],,,,,,,,,,,,,,,,,,,,,,,,
TIC_354944747,Required feature(s) not computable: ['transit_shape_ratio'],,,,,,,,,,,,,,,,,,,,,,,,
TIC_40709970,Required feature(s) not computable: ['transit_shape_ratio'],,,,,,,,,,,,,,,,,,,,,,,,
TIC_1922433415,Required feature(s) not computable: ['transit_shape_ratio'],,,,,,,,,,,,,,,,,,,,,,,,
TIC_1815961134,"Required feature(s) not computable: ['FAP', 'transit_shape_ratio']",,,,,,,,,,,,,,,,,,,,,,,,
TIC_2054959106,Success,5.834957277205805,4.992484596742432,0.074589836,1.3248896952625056,0.0014494567970697,4102.097831729664,0.0019929917000201,0.8952636160880785,1.1041668755193277,0.0902373900852535,1.0040055246602264,1.2176830731596424,0.8562066643348815,0.2910421799134389,-1.292084328844924,57.0,32.0,25.0,0.2048681843066826,0.5104597635668682,-0.0034646810685892,-0.6126054555775157,449.2058928690112,63.94984650000697
TIC_343646670,"Required feature(s) not computable: ['FAP', 'transit_shape_ratio']",,,,,,,,,,,,,,,,,,,,,,,,
TIC_1816317215,"Required feature(s) not computable: ['FAP', 'transit_shape_ratio']",,,,,,,,,,,,,,,,,,,,,,,,
TIC_219285759,"Required feature(s) not computable: ['depth_mean_even', 'odd_even_mismatch', 'depth_consistency_std', 'transit_shape_ratio']",,,,,,,,,,,,,,,,,,,,,,,,
TIC_365893665,Required feature(s) not computable: ['transit_shape_ratio'],,,,,,,,,,,,,,,,,,,,,,,,
TIC_424829832,"Required feature(s) not computable: ['period_uncertainty', 'depth_mean_odd', 'odd_even_mismatch', 'depth_consistency_std']",,,,,,,,,,,,,,,,,,,,,,,,
TIC_265467908,Success,8.702560454162489,4.953537224787216,0.000240096,13.124730089660575,0.1478231028745664,4111.898406859169,0.0250653176627225,0.993377584653259,0.9829585743498468,0.0053490993764988,0.9937386314078032,0.970638509140754,1.90295834644853,0.0731838671544268,25.52803643560691,5.0,4.0,1.0,6.047214434153499e-06,0.0128546324232556,5.58914727832871e-08,-21.587829954983352,39.63155775722022,27.235835958039388
TIC_1208919518,"Required feature(s) not computable: ['FAP', 'transit_shape_ratio']",,,,,,,,,,,,,,,,,,,,,,,,
TIC_299878316,"Required feature(s) not computable: ['period_uncertainty', 'depth_mean_odd', 'odd_even_mismatch', 'depth_consistency_std', 'transit_shape_ratio']",,,,,,,,,,,,,,,,,,,,,,,,
TIC_234281396,"Required feature(s) not computable: ['depth_mean_even', 'odd_even_mismatch', 'depth_consistency_std']",,,,,,,,,,,,,,,,,,,,,,,,
TIC_276977013,"Required feature(s) not computable: ['depth_mean_even', 'odd_even_mismatch', 'depth_consistency_std', 'transit_shape_ratio']",,,,,,,,,,,,,,,,,,,,,,,,
TIC_325280344,"Required feature(s) not computable: ['period_uncertainty', 'depth_mean_even', 'odd_even_mismatch', 'depth_consistency_std', 'transit_shape_ratio']",,,,,,,,,,,,,,,,,,,,,,,,
TIC_1988815765,"Required feature(s) not computable: ['FAP', 'transit_shape_ratio']",,,,,,,,,,,,,,,,,,,,,,,,
TIC_403237836,Required feature(s) not computable: ['FAP'],,,,,,,,,,,,,,,,,,,,,,,,
TIC_371837199,"Required feature(s) not computable: ['depth_mean_odd', 'odd_even_mismatch', 'depth_consistency_std', 'transit_shape_ratio']",,,,,,,,,,,,,,,,,,,,,,,,
TIC_1688912454,Post-processing error: 'bool' object has no attribute 'sum',,,,,,,,,,,,,,,,,,,,,,,,
TIC_464420341,Required feature(s) not computable: ['transit_shape_ratio'],,,,,,,,,,,,,,,,,,,,,,,,
TIC_1688336549,"Required feature(s) not computable: ['FAP', 'transit_shape_ratio']",,,,,,,,,,,,,,,,,,,,,,,,
TIC_1688534307,Success,8.043080076819217,7.651680292322377,0.001280512,7.944162054348094,0.0158106119195005,4103.970880851361,0.0410525160213544,0.9202754112578824,0.931810530567676,0.0136215073056516,0.9177360566700848,0.943148301207402,0.660214748287335,0.2539237309610654,5.256152219756356,10.0,9.0,1.0,0.0108444102617408,0.0266075006472569,-0.0033424254427705,-0.1421469317234752,22.41702824692108,83.1503925829893
TIC_317058444,Success,8.62905791882905,8.10659448578637,0.00040016,0.0935832252435739,1.4687206591153246e-05,4101.49521448886,0.0030139425215519,0.99592173997609,0.9948744187237608,0.0012659762649338,0.9963166454303196,0.9934568454651772,0.7998191651677373,0.0574307652250715,3.915904739982512,812.0,464.0,348.0,0.0007752174970113,0.0272699633143566,0.0014656465530817,-1.0744726148795414,330.4381994197012,451.0424362079939
TIC_300872489,Required feature(s) not computable: ['transit_shape_ratio'],,,,,,,,,,,,,,,,,,,,,,,,
TIC_270245472,Required feature(s) not computable: ['transit_shape_ratio'],,,,,,,,,,,,,,,,,,,,,,,,
TIC_372301002,"Required feature(s) not computable: ['depth_mean_odd', 'odd_even_mismatch', 'depth_consistency_std']",,,,,,,,,,,,,,,,,,,,,,,,
TIC_265469420,Required feature(s) not computable: ['transit_shape_ratio'],,,,,,,,,,,,,,,,,,,,,,,,
TIC_1816080118,Required feature(s) not computable: ['FAP'],,,,,,,,,,,,,,,,,,,,,,,,
TIC_392758970,Required feature(s) not computable: ['transit_shape_ratio'],,,,,,,,,,,,,,,,,,,,,,,,
TIC_1140477485,Post-processing error: 'bool' object has no attribute 'sum',,,,,,,,,,,,,,,,,,,,,,,,
TIC_2026303220,Post-processing error: 'bool' object has no attribute 'sum',,,,,,,,,,,,,,,,,,,,,,,,
TIC_361966174,"Required feature(s) not computable: ['period_uncertainty', 'depth_mean_odd', 'odd_even_mismatch', 'depth_consistency_std', 'transit_shape_ratio']",,,,,,,,,,,,,,,,,,,,,,,,
TIC_341362242,"Required feature(s) not computable: ['depth_mean_odd', 'odd_even_mismatch', 'depth_consistency_std', 'transit_shape_ratio']",,,,,,,,,,,,,,,,,,,,,,,,
TIC_277125572,Required feature(s) not computable: ['transit_shape_ratio'],,,,,,,,,,,,,,,,,,,,,,,,
TIC_392762103,Success,7.210505425444176,5.111239632130648,0.006642657,9.465153450701006,0.0193866226358156,4106.133567600847,0.0192962700013308,0.9986946154834254,0.9981255350955152,0.0009081122586186,0.9989880826372,0.9973588261695732,0.6641028272696621,0.0324919948261059,5.429235422999211,8.0,8.0,0.0,4.064347361345543e-06,0.0053396135023744,2.667232360764604e-05,-0.1117432271608814,51.75583754863232,75.5115913330228
TIC_341311287,Success,30.261930067639067,11.296905160800303,8.0032e-05,24.10362901845515,0.0459389336650932,4103.310893365001,0.0452997196744628,0.9992209932010048,0.9990191295517572,0.0003378767512107,0.999046081662544,0.9989921774409704,0.0564896305456169,0.0251002340365081,23.3952857906775,4.0,4.0,0.0,4.2145603188727406e-08,0.0016432134430309,-3.522423595470059e-06,0.0652548100421158,22.057995068881265,167.1915663749678
TIC_398447122,Required feature(s) not computable: ['transit_shape_ratio'],,,,,,,,,,,,,,,,,,,,,,,,
TIC_39276230,"Required feature(s) not computable: ['depth_mean_even', 'odd_even_mismatch', 'depth_consistency_std']",,,,,,,,,,,,,,,,,,,,,,,,
TIC_1311019215,"Required feature(s) not computable: ['FAP', 'transit_shape_ratio']",,,,,,,,,,,,,,,,,,,,,,,,
TIC_2026150531,Success,6.902007618009132,5.513720283154465,0.010964386,1.0316680494007966,0.0010376987913777,4101.902572668735,0.0205266305959597,0.9795168511947916,0.9818905982210434,0.0053926698013932,0.98046678854459,0.9832949036553538,0.1854550472701581,0.1287079896362778,3.1250138563057863,74.0,60.0,14.0,0.0089753559181807,0.0304021913107277,0.0029005984676696,-1.4781556363845156,47.719319866729094,105.03689083299832
TIC_271579973,Required feature(s) not computable: ['transit_shape_ratio'],,,,,,,,,,,,,,,,,,,,,,,,
TIC_402885783,Required feature(s) not computable: ['transit_shape_ratio'],,,,,,,,,,,,,,,,,,,,,,,,
TIC_265285561,Required feature(s) not computable: ['FAP'],,,,,,,,,,,,,,,,,,,,,,,,
TIC_380829837,Required feature(s) not computable: ['transit_shape_ratio'],,,,,,,,,,,,,,,,,,,,,,,,
TIC_406242857,Success,7.103501639682569,5.90491239449787,0.007923169,0.3828054029046762,9.601477102635923e-05,4101.472700002624,0.0093057336436456,0.9926096017677464,0.9922680150630996,0.0017689027006971,0.9894682504421728,0.995067779684026,1.1233630113094302,0.0773109602212726,4.224736129696012,199.0,166.0,33.0,0.0011940827229267,0.0231232762522675,-0.0007083751036363,-0.8335519464115545,106.66645315445255,441.3960707079968
TIC_339401388,Success,6.82648157840176,4.877226903017917,0.012805122,26.017687545585662,0.076834721553384,4101.511277807072,0.0437085144715038,0.6994085166908879,0.8231296970510943,0.0705342461646288,0.87892647318459,0.7115361447841027,0.9542703755241296,0.4930551309197019,6.030554576908381,3.0,3.0,0.0,0.0175682524219679,0.2443931089864981,-0.0010496318840451,-0.244695462269871,16.001653800127965,83.33978174999356
TIC_304663241,Required feature(s) not computable: ['FAP'],,,,,,,,,,,,,,,,,,,,,,,,
TIC_304482614,Required feature(s) not computable: ['transit_shape_ratio'],,,,,,,,,,,,,,,,,,,,,,,,
TIC_1815902326,"Required feature(s) not computable: ['FAP', 'transit_shape_ratio']",,,,,,,,,,,,,,,,,,,,,,,,
TIC_411978510,"Required feature(s) not computable: ['depth_mean_odd', 'odd_even_mismatch', 'depth_consistency_std', 'transit_shape_ratio']",,,,,,,,,,,,,,,,,,,,,,,,
TIC_1922731130,Post-processing error: 'bool' object has no attribute 'sum',,,,,,,,,,,,,,,,,,,,,,,,
TIC_410416107,Required feature(s) not computable: ['transit_shape_ratio'],,,,,,,,,,,,,,,,,,,,,,,,
TIC_339276534,"Required feature(s) not computable: ['FAP', 'transit_shape_ratio']",,,,,,,,,,,,,,,,,,,,,,,,
TIC_343165279,Required feature(s) not computable: ['transit_shape_ratio'],,,,,,,,,,,,,,,,,,,,,,,,
TIC_1205693844,Post-processing error: 'bool' object has no attribute 'sum',,,,,,,,,,,,,,,,,,,,,,,,
TIC_350463976,Required feature(s) not computable: ['transit_shape_ratio'],,,,,,,,,,,,,,,,,,,,,,,,
TIC_2026046338,"Required feature(s) not computable: ['FAP', 'transit_shape_ratio']",,,,,,,,,,,,,,,,,,,,,,,,
TIC_303555469,Required feature(s) not computable: ['transit_shape_ratio'],,,,,,,,,,,,,,,,,,,,,,,,
TIC_1988646496,Required feature(s) not computable: ['FAP'],,,,,,,,,,,,,,,,,,,,,,,,
TIC_350462060,Required feature(s) not computable: ['transit_shape_ratio'],,,,,,,,,,,,,,,,,,,,,,,,
TIC_343720622,Success,6.233679494584261,5.792700458867387,0.037535014,1.8823443498355843,0.0014646788021495,4102.458803331991,0.0033015829169879,0.9889031600686604,0.9719230624531808,0.0061508370241126,0.9770195879347506,0.9668265369716108,0.5962676948616024,0.0947342034033685,4.127320847986511,40.0,20.0,20.0,0.0009060072905318,0.0275073794088769,-0.0011281974981836,-0.0483781317479478,299.52395106613045,229.71660641697235
TIC_1116764594,Post-processing error: 'bool' object has no attribute 'sum',,,,,,,,,,,,,,,,,,,,,,,,
TIC_447691425,"Required feature(s) not computable: ['FAP', 'transit_shape_ratio']",,,,,,,,,,,,,,,,,,,,,,,,
TIC_343297686,Success,9.872415531185442,9.334555467041383,8.0032e-05,13.018161744859947,0.0336014874796219,4101.260955181022,0.0353516236887951,0.9063670234947768,0.9406548864933408,0.0192897630757498,0.9426952436091705,0.936914231780987,0.0937328081273133,0.2751829750340659,4.499350370178565,6.0,3.0,3.0,0.0028282986961338,0.0032299465364937,0.0021984518746598,-0.2537707503128573,25.638625016877302,288.13228999997955
TIC_361336345,"Required feature(s) not computable: ['FAP', 'transit_shape_ratio']",,,,,,,,,,,,,,,,,,,,,,,,
TIC_466679588,Success,9.032285436547363,5.71028579809912,0.000160064,12.98863134542126,0.045780189751353,4112.212916520243,0.0617296694994683,0.9986650559346248,0.9987790359336332,0.0001931327928725,0.9997820735324032,0.9980581026595176,4.745146944387559,0.0328578150958361,16.455898036018137,6.0,5.0,1.0,2.916329579845606e-07,0.0013480292437573,2.9993203649603117e-05,-0.3716107332519882,16.178039896086364,36.4705841250252
TIC_447263332,Success,8.62887416759866,7.688359692988064,0.00040016,0.6996803263220648,0.0005045752832328,4101.728537997001,0.0159403884146843,0.999351650405299,0.9993819253567422,0.000146917310727,0.999193986052856,0.9995721020332936,0.9122212357319998,0.0228987496321172,4.106477317432391,109.0,94.0,15.0,7.638623096589198e-06,0.0012188258903411,-0.0001164086129188,3.757791781932196,62.693055175788,145.7127246669843
TIC_1689082443,"Required feature(s) not computable: ['FAP', 'transit_shape_ratio']",,,,,,,,,,,,,,,,,,,,,,,,
TIC_1922402287,"Required feature(s) not computable: ['FAP', 'period_uncertainty', 'transit_shape_ratio']",,,,,,,,,,,,,,,,,,,,,,,,
TIC_300432135,Required feature(s) not computable: ['transit_shape_ratio'],,,,,,,,,,,,,,,,,,,,,,,,
TIC_423240775,Success,11.676017636122271,4.206441310366692,8.0032e-05,25.662842391783165,0.1125683437828346,4125.843818437994,0.0553459178013997,0.999020941707182,0.9988640012316604,0.0004515856241444,0.9986348936599372,0.9993508548215724,0.7389733872266336,0.0281391789915168,31.042046295177407,3.0,3.0,0.0,3.6446141506562836e-08,0.0017098891980642,5.317570082263856e-06,0.3407535819828965,18.050490106461208,43.18252700002631
TIC_406319088,"Required feature(s) not computable: ['FAP', 'transit_shape_ratio']",,,,,,,,,,,,,,,,,,,,,,,,
TIC_294292672,Required feature(s) not computable: ['transit_shape_ratio'],,,,,,,,,,,,,,,,,,,,,,,,
TIC_268750437,Required feature(s) not computable: ['transit_shape_ratio'],,,,,,,,,,,,,,,,,,,,,,,,
TIC_1816600800,Post-processing error: 'bool' object has no attribute 'sum',,,,,,,,,,,,,,,,,,,,,,,,
TIC_374288012,Required feature(s) not computable: ['FAP'],,,,,,,,,,,,,,,,,,,,,,,,
TIC_277715787,"Required feature(s) not computable: ['period_uncertainty', 'depth_mean_even', 'odd_even_mismatch', 'depth_consistency_std', 'transit_shape_ratio']",,,,,,,,,,,,,,,,,,,,,,,,
TIC_42748763,Required feature(s) not computable: ['transit_shape_ratio'],,,,,,,,,,,,,,,,,,,,,,,,
TIC_305176519,"Required feature(s) not computable: ['FAP', 'transit_shape_ratio']",,,,,,,,,,,,,,,,,,,,,,,,
TIC_363371869,"Required feature(s) not computable: ['period_uncertainty', 'depth_mean_even', 'odd_even_mismatch', 'depth_consistency_std']",,,,,,,,,,,,,,,,,,,,,,,,
TIC_423422383,"Required feature(s) not computable: ['period_uncertainty', 'depth_mean_even', 'odd_even_mismatch', 'depth_consistency_std']",,,,,,,,,,,,,,,,,,,,,,,,
TIC_361282196,Success,6.568820706416242,4.933837273419357,0.020088035,0.6834867087242408,0.0005967308448964,4101.229516297257,0.0187830218715616,0.9925408353073552,0.9922117984278412,0.002266431429932,0.991353509864151,0.9931001270912606,0.2724278768041038,0.0776698103845794,3.4086407862285433,112.0,97.0,15.0,0.0021059847009289,0.0168303872935315,-0.000861014300705,2.3349252328534833,52.84244687006987,102.8410587500548
TIC_1988836491,Post-processing error: 'bool' object has no attribute 'sum',,,,,,,,,,,,,,,,,,,,,,,,
TIC_339847182,Required feature(s) not computable: ['transit_shape_ratio'],,,,,,,,,,,,,,,,,,,,,,,,
TIC_294684134,"Required feature(s) not computable: ['FAP', 'depth_mean_odd', 'odd_even_mismatch', 'depth_consistency_std', 'transit_shape_ratio']",,,,,,,,,,,,,,,,,,,,,,,,
TIC_1988793131,"Required feature(s) not computable: ['FAP', 'depth_mean_odd', 'odd_even_mismatch']",,,,,,,,,,,,,,,,,,,,,,,,
TIC_364355149,Success,7.328255491801415,6.148188531747188,0.005282113,0.5522153064636621,0.0005544244135131,4101.568004210414,0.0012864187994371,0.9806149036453008,0.9333370314473998,0.0158527274170478,0.937153799201467,0.9285660717548158,0.1970052072036451,0.1252106092823726,3.603576724198233,138.0,27.0,111.0,0.0091353685253476,0.0823731879746012,0.0089546534742568,278.9440091535612,762.2827838604215,203.0287382919923
TIC_277686948,Success,10.019102966081462,7.889711867892353,8.0032e-05,25.09325909950248,0.0337158006868207,4117.938237338102,0.0566706077968227,0.6655748207743591,0.978880949596766,0.0392084515128282,0.9744688389673924,0.9870748693370308,0.1136809546994017,0.5200638073340011,0.4430110646207434,3.0,3.0,0.0,0.0871883560052611,0.0155894302638703,-0.0013007731950949,-3.5957654064766205,11.744621182829,184.16712808300508
TIC_300643335,"Required feature(s) not computable: ['period_uncertainty', 'depth_mean_odd', 'odd_even_mismatch', 'depth_consistency_std', 'transit_shape_ratio']",,,,,,,,,,,,,,,,,,,,,,,,
TIC_410348210,"Required feature(s) not computable: ['depth_mean_odd', 'odd_even_mismatch']",,,,,,,,,,,,,,,,,,,,,,,,
TIC_1988696923,"Required feature(s) not computable: ['FAP', 'transit_shape_ratio']",,,,,,,,,,,,,,,,,,,,,,,,
TIC_360696800,"Required feature(s) not computable: ['depth_mean_odd', 'odd_even_mismatch', 'depth_consistency_std', 'transit_shape_ratio']",,,,,,,,,,,,,,,,,,,,,,,,
TIC_447185974,Success,6.995591678139935,5.060813900124871,0.009443778,25.42575790767622,0.1085473692188081,4108.725367217548,0.0447634370051305,0.9853664422849968,0.9848065944885076,0.0028093692826807,0.977525486152938,1.000278949701593,4.950144158870121,0.1087882797088405,11.322567824331022,3.0,3.0,0.0,4.477402128845439e-05,0.013160966972765,0.0003700409983841,0.1479125899958939,22.012752107753897,44.60909583297325
TIC_364545901,Required feature(s) not computable: ['transit_shape_ratio'],,,,,,,,,,,,,,,,,,,,,,,,
TIC_352140701,Success,10.99246154339395,5.622661091060167,8.0032e-05,12.986480843686037,0.0253444563663931,4112.418531082966,0.0282180025010756,0.9989963171697296,0.9983434755685008,0.0004733231231358,0.9962903487209488,0.9999859770465424,4.31949728049279,0.0284908492148127,10.459205682647909,6.0,4.0,2.0,6.817275040788551e-07,0.0021332461520169,1.934596692687585e-05,-0.0918032443717063,35.402800645851876,77.42528170795413
TIC_1922636197,"Required feature(s) not computable: ['FAP', 'transit_shape_ratio']",,,,,,,,,,,,,,,,,,,,,,,,
TIC_293901590,Success,8.911588185941088,3.9160402155667526,0.000240096,9.081344810983303,0.0093553483897066,4107.666165021221,0.0155676335928375,0.999529038215849,0.999171210663102,0.0004334036212573,0.9998771212248334,0.9984109992889294,1.5823464928517794,0.0195164121429141,19.422919163587647,8.0,8.0,0.0,4.8732991379007126e-08,0.0022394365900047,4.947099193963744e-06,-0.2736848942788396,64.20558604846147,170.58158862497658
TIC_466093558,Success,8.977203874291929,7.023152203716159,0.000240096,26.05936858056319,0.0865140064784881,4125.283324986562,0.0798894156771968,0.9897749071311568,0.990181750480082,0.0019485599271606,0.9897918386526664,0.9908640961780588,0.1958086860649625,0.0909370323777774,8.982393122571043,2.0,2.0,0.0,2.6047833705542495e-05,0.0005361287626961,6.953974328727242e-05,-4.163649848990871,12.389312135295436,96.03924220899351
TIC_1816332953,Post-processing error: 'bool' object has no attribute 'sum',,,,,,,,,,,,,,,,,,,,,,,,
TIC_1987877959,"Required feature(s) not computable: ['FAP', 'transit_shape_ratio']",,,,,,,,,,,,,,,,,,,,,,,,
TIC_311175008,Success,6.888594167384644,4.669199162638405,0.01152461,33.18250859862928,0.2645063207337585,4120.126786127122,0.0660730291730695,0.9926199547318486,0.9933617039318924,0.0008413491315829,1.0005990597914192,0.9927585909435986,11.864462155680467,0.0772567900615695,27.93992179998712,2.0,2.0,0.0,6.368050741269597e-07,0.0039202344239102,-1.5844964563527242e-05,-0.7349348846545631,15.023073213910196,22.448992541991178
TIC_406272866,"Required feature(s) not computable: ['period_uncertainty', 'depth_mean_even', 'odd_even_mismatch', 'depth_consistency_std']",,,,,,,,,,,,,,,,,,,,,,,,
TIC_371836310,Success,8.657449432184,5.898985439743618,0.00040016,2.046102882984696,0.0008569317577056,4101.278674241702,0.0032635958498336,0.99994698012555,0.9998916457723328,4.628299634667015e-05,0.9999186140456628,0.9998646774990032,0.4161962471668879,0.0065482687377262,2.961671640136087,38.0,24.0,14.0,3.2020458670686245e-08,0.0002267394496328,-5.028749441304825e-06,-0.9965400924172708,306.394243079001,154.9556294590002
TIC_1988653635,"Required feature(s) not computable: ['FAP', 'transit_shape_ratio']",,,,,,,,,,,,,,,,,,,,,,,,
TIC_345170989,Success,7.61159150672755,6.542365425033182,0.003121248,19.69246061284522,0.0445895469421468,4107.279858830854,0.0348808828435148,0.9979020932256494,0.9980083976487916,0.0004763690390941,0.9984459787657488,0.9976802118110736,0.687050380214948,0.0411908012031335,4.5463306380172135,4.0,2.0,2.0,2.6785868104428643e-06,0.0003828834773376,2.029985486151631e-05,-1.075517585757645,28.608854245533596,74.42446187505266
TIC_1987851055,"Required feature(s) not computable: ['FAP', 'transit_shape_ratio']",,,,,,,,,,,,,,,,,,,,,,,,
TIC_43705631,"Required feature(s) not computable: ['period_uncertainty', 'depth_mean_even', 'odd_even_mismatch', 'depth_consistency_std']",,,,,,,,,,,,,,,,,,,,,,,,
TIC_238829525,Required feature(s) not computable: ['transit_shape_ratio'],,,,,,,,,,,,,,,,,,,,,,,,
TIC_311697391,"Required feature(s) not computable: ['depth_mean_even', 'odd_even_mismatch', 'depth_consistency_std', 'transit_shape_ratio']",,,,,,,,,,,,,,,,,,,,,,,,
TIC_360541225,Required feature(s) not computable: ['transit_shape_ratio'],,,,,,,,,,,,,,,,,,,,,,,,
TIC_301153917,Required feature(s) not computable: ['transit_shape_ratio'],,,,,,,,,,,,,,,,,,,,,,,,
TIC_277748932,"Required feature(s) not computable: ['period_uncertainty', 'depth_mean_even', 'odd_even_mismatch', 'depth_consistency_std']",,,,,,,,,,,,,,,,,,,,,,,,
TIC_46473449,Required feature(s) not computable: ['transit_shape_ratio'],,,,,,,,,,,,,,,,,,,,,,,,
TIC_1310815601,Success,13.063280182189398,11.256034601642478,8.0032e-05,0.8536541404120871,0.0031369388683004,4101.652926216143,0.0867321173866002,0.9931926764378792,0.994109364919486,0.0001301669972704,0.9943371481930036,0.9938868526638676,1.2284967150455044,0.074198537255563,46.55086846415202,89.0,77.0,12.0,2.3637476311725617e-05,0.0037682783606939,0.0053885965757037,0.1513353902160435,11.451267493111184,75.27348608401371
TIC_372442214,"Required feature(s) not computable: ['depth_mean_odd', 'odd_even_mismatch', 'depth_consistency_std', 'transit_shape_ratio']",,,,,,,,,,,,,,,,,,,,,,,,
TIC_1815541951,"Required feature(s) not computable: ['FAP', 'transit_shape_ratio']",,,,,,,,,,,,,,,,,,,,,,,,
TIC_1816562069,Success,6.205200443897923,5.607071783489077,0.038895558,9.583147864033045,0.02026945314281825,4110.3698851551335,0.04372039941034655,0.8032577973207901,0.9879723073178467,0.04611512476162753,0.9853049903266694,0.9934847624329463,0.07356141288827843,0.398892537429332,0.2002744003741603,7.0,6.0,1.0,0.1566222993881649,0.05896563307720513,0.008586257302605982,1.9914933031927233,18.37260885431657,51.33281654200982
TIC_372203352,Required feature(s) not computable: ['FAP'],,,,,,,,,,,,,,,,,,,,,,,,
TIC_324425723,Success,5.908562184915537,4.915600333097097,0.065866347,0.6550270381649116,0.0005669894838819522,4101.898573188441,0.016130544860711325,0.9968362350852707,0.9972552725792906,0.0010698889064286894,0.998008130197013,0.9965735181810197,0.4737730676441554,0.050583543517504596,2.499798633189329,116.0,97.0,19.0,0.0004065569009544922,0.01219121395874509,-0.00032122568597525714,-0.11330980114739123,61.79805106975861,88.9699357500067
TIC_447749642,Required feature(s) not computable: ['transit_shape_ratio'],,,,,,,,,,,,,,,,,,,,,,,,
TIC_380527368,Required feature(s) not computable: ['FAP'],,,,,,,,,,,,,,,,,,,,,,,,
TIC_343652400,"Required feature(s) not computable: ['depth_mean_even', 'odd_even_mismatch', 'depth_consistency_std']",,,,,,,,,,,,,,,,,,,,,,,,
TIC_456324555,Required feature(s) not computable: ['transit_shape_ratio'],,,,,,,,,,,,,,,,,,,,,,,,
TIC_409780413,"Required feature(s) not computable: ['depth_mean_odd', 'odd_even_mismatch', 'depth_consistency_std', 'transit_shape_ratio']",,,,,,,,,,,,,,,,,,,,,,,,
TIC_344002749,"Required feature(s) not computable: ['depth_mean_even', 'odd_even_mismatch', 'depth_consistency_std']",,,,,,,,,,,,,,,,,,,,,,,,
TIC_1815838232,"Required feature(s) not computable: ['FAP', 'transit_shape_ratio']",,,,,,,,,,,,,,,,,,,,,,,,
