SDE,SDE_raw,FAP,period,period_uncertainty,T0,duration,depth,depth_mean,depth_mean_std,depth_mean_even,depth_mean_odd,odd_even_mismatch,rp_rs,snr,transit_count,distinct_transit_count,empty_transit_count,chi2red_min,depth_consistency_std,secondary_eclipse_depth,transit_shape_ratio,depth_duration_ratio,elapsed_s,host,label,status,st_rad,st_mass
15.809977382707421,14.653902289086265,8.0032e-05,3.532706948730317,0.01932808964568755,2063.0452685982455,0.12386567733299865,0.9980274221926919,0.9981819639016427,0.00018252605096683657,0.9983145991016551,0.9980824875016334,0.44514567017698814,0.039941485972111924,9.16838800284783,22.0,17.0,5.0,2.9591516307891176e-06,0.0013318115563995731,0.0002869057004716291,0.31934619054166635,8.057336331432717,70.64250683784485,EPIC_203776696,1,Success,2.192,1.691
,,,,,,,,,,,,,,,,,,,,,,,83.73000597953796,EPIC_201357643,1,"TLS: Required feature(s) not computable: ['depth_mean_odd', 'odd_even_mismatch', 'depth_consistency_std']",,
7.922622305219555,6.16193430741035,0.00160064,14.411461231408445,0.03873438511495131,2065.8442529260865,0.054213526385796816,0.9996430441787996,0.999636533348682,6.319993433042477e-05,0.9996634531434316,0.9996257654307819,0.2762668853198636,0.016990821651581486,5.567281952170877,6.0,3.0,3.0,2.9545479746554688e-08,7.47688990889416e-05,-8.332823841827874e-06,,18.438996885483768,90.2889609336853,EPIC_204750116,1,Success,1.051,0.823
8.331992938246035,6.440299731988998,0.000880352,16.999384113906707,0.08047628710159849,3347.271016829688,0.12555115145870102,0.99977856077674,0.9998013514787827,5.1544597361945005e-05,0.9998931453813485,0.999709557576217,1.4111453563052794,0.013382412779896394,7.964803086706721,4.0,4.0,0.0,1.2292357427583651e-08,0.0001328591565986175,-1.348589820393542e-05,-1.762638602169824,7.963117415976934,99.60343313217163,EPIC_212628254,1,Success,1.09,1.0
,,,,,,,,,,,,,,,,,,,,,,,45.19804096221924,EPIC_216468514,1,"TLS: Required feature(s) not computable: ['depth_mean_even', 'odd_even_mismatch']",,
6.957732257897492,6.079322444496933,0.010404162,25.339646059634536,0.09296436771610139,2081.8588036582514,0.048460071918260496,0.9984811581841659,0.9985018893312073,0.00023285753994804282,0.9987954211966749,0.9982083574657397,1.0408040788428348,0.03504801447380145,8.042318892862335,3.0,2.0,1.0,2.491756416690545e-07,0.0002935318654676,-1.5739318397489654e-05,,20.604202979069928,163.9853732585907,EPIC_204890128,1,Success,0.807,0.851
8.152113471602805,6.464067959706007,0.001120448,0.7365272024378455,0.0011377326807889276,2469.1328554235806,0.002207834927793849,0.999769760817719,0.9994574360955925,0.00010216709299626191,0.9994429066332674,0.9994690596654525,0.08918302153530484,0.013645729686234986,3.5080232426484392,110.0,9.0,101.0,2.127862136595056e-07,0.0003065012789887857,0.00013109246085918347,,452.8281295996736,172.38572812080383,EPIC_216405287,1,Success,0.910685,0.971461
32.26653576068348,31.09374307306345,8.0032e-05,1.9649999905672542,0.003123376628123231,2750.2875245411965,0.04145396367154338,0.998779103967825,0.9987006410938503,4.8226952322446706e-05,0.9987131946045952,0.9986862942244276,0.1960757486363648,0.031422916255840115,27.48927978998811,35.0,28.0,7.0,1.0316612176262394e-07,0.0002777464191076302,-9.651780059849457e-05,-0.7523291902905599,24.093693714829254,177.11051988601685,EPIC_228894622,1,Success,0.69,0.71
8.16414102136851,6.040360138559481,0.001120448,18.677792415823177,0.04746766284258008,2989.3543471742255,0.038200599753095234,0.9986055039413188,0.9983417086216626,0.0005084684320617494,0.9975303708693464,0.9996939382088564,3.0376678649029834,0.033582714116915276,7.132479035699598,5.0,5.0,0.0,4.2900960482784495e-07,0.001267024311558824,-1.1246313330381952e-05,,26.141094914626464,125.55220890045166,EPIC_247422570,1,Success,0.977,0.893
9.43284292153563,6.629157796175845,8.0032e-05,0.4922793936762706,0.0006912406064224497,2749.684675453261,0.034273197915178404,0.9993167713025859,0.9993756970385779,9.217054202137763e-05,0.9993747592677502,0.999376592183459,0.0070251832261912246,0.023506620536216147,8.519484569326904,141.0,88.0,53.0,7.617010331827457e-07,0.0009797648031158901,0.00025181489767045484,-0.5062116740266256,29.157383380907778,97.5543520450592,EPIC_201427874,1,Success,0.762201,0.826112
21.489075249613567,15.373052706369121,8.0032e-05,13.026457044192389,0.05266249533666656,2072.746184419529,0.07642650457577119,0.9926882635773919,0.9934242880943203,0.00024143540076805185,0.9928809251722818,0.9937865300423457,1.891759568863206,0.07689841891602374,15.976683917461548,6.0,4.0,2.0,1.352033775298776e-06,0.0006421259861098803,2.2856592760467365e-05,-0.7698553163133036,12.988795825317583,36.93588829040527,EPIC_202900527,0,Success,1.76,
8.377094419101283,7.1046833101537,0.00080032,29.837458638172112,0.09572498359758086,2389.2328029290675,0.050917322854425226,0.9991312631617013,0.9993573163312671,0.00018802365968711277,0.9991329932106143,0.9998059625725728,10.558121385878595,0.026506431634115993,5.984085867517307,3.0,2.0,1.0,3.363510120267139e-08,0.0003364846809792432,-3.0454770454380053e-06,7.88820900131276,19.622619712710737,91.02441215515137,EPIC_212697709,1,Success,1.1,1.06
13.675068882125625,11.324322876370358,8.0032e-05,12.01099379464306,0.07768357246218915,2150.7594050015805,0.15386811430416075,0.9973973234000499,0.9978241104490675,0.0006138603066856471,0.9981064371867265,0.997555900048291,0.3456343310993732,0.04587934938738355,16.555112480333875,6.0,6.0,0.0,6.33065349222321e-07,0.00190638014273189,2.1639165007414363e-05,-1.7450836996499384,6.482157319666842,35.723296880722046,EPIC_206432863,0,Success,1.726,
7.207895466522443,6.183501689404837,0.006722689,19.80221710943734,0.08383462377491924,2155.219098800041,0.08921601395892463,0.9989589518394791,0.9991780565615859,0.00017674837987729825,0.9992640476356235,0.9990060744135109,0.6544632691059024,0.02901633505150587,6.579123505839219,3.0,3.0,0.0,1.842659481759232e-07,0.0005361805870876889,-1.0038103509968366e-05,2.1702349651015567,11.197081191044955,48.32750201225281,EPIC_206155547,0,Success,1.43,
6.499704915212071,5.6086753321339256,0.022328932,6.910140587431269,0.03763771974351959,2306.6721137399654,0.02021889109606585,0.9992237537813061,0.9985874046520268,0.00015579986066218226,0.9987269039334926,0.9984944051310496,0.6849238518239182,0.025055720491909083,7.853772851097512,11.0,5.0,6.0,1.599705091876995e-07,0.00034837907932563493,-3.239259406040418e-06,-0.6453583708437934,49.420304458523596,24.513643980026245,EPIC_211744153,0,Success,2.82645,
6.34126583666251,4.667254413899678,0.030332133,1.7275503702866541,0.0018757264183494327,2750.600056399259,0.004615251843810853,0.9997349389556403,0.9995410258494604,0.0002519366316282198,0.999503738328316,0.99956588419689,0.1144852495683105,0.014641315501892136,2.677914552779106,40.0,5.0,35.0,1.4594578539111984e-07,0.000563347434343023,6.714028601340072e-05,,216.61546818865483,83.96691298484802,EPIC_228968232,0,Success,0.78,0.84
9.805447027419243,7.347070146293665,8.0032e-05,1.9611456108060146,0.005242291610566108,2230.681750785967,0.022775447957896624,0.9722652925452093,0.9718419108781542,0.006253171382037952,0.9844502586765523,0.9592335630797564,1.6204842142401803,0.14976796938618736,6.973230976046147,36.0,18.0,18.0,0.00028618744038720525,0.026529959328964143,0.004370147137138236,0.7437328975886243,42.68918417510681,101.72597980499268,EPIC_210483889,0,Success,,
6.5389775139320845,5.510447270577272,0.021048419,23.380541136154367,0.10754742644223292,2232.6190614375537,0.08201716450362682,0.9989830134217467,0.9991754833086722,0.0001279486302671569,0.9990398622443519,0.9995371394801925,2.1071823648167083,0.028679049760450256,6.942827051391556,3.0,3.0,0.0,1.5380461503479556e-07,0.0003186481442302355,-1.604108387986969e-05,,12.180170083514303,93.39060592651367,EPIC_211152484,0,Success,,
9.962789698431486,8.04536266910702,8.0032e-05,24.075592587021255,0.052156356464553966,2559.6223596374016,0.05532830158590274,0.9982968780961994,0.9984485344628281,0.0003794710012066759,0.9977478710430088,0.9993243637376026,1.9890274309271434,0.03711333776014697,8.464345241671818,4.0,4.0,0.0,3.0027846049917474e-07,0.0009016507409866287,-6.111906036609938e-05,,18.04315060252199,198.85366702079773,EPIC_220459477,1,Success,0.761,0.927
9.376343011507137,8.99374490960285,8.0032e-05,3.0661662108664918,0.016938519405705676,3264.4420958703586,0.18755504959106575,0.9972233498997712,0.9973775058645528,0.00010416044389656351,0.9971364252410584,0.9976162229525225,1.6538526839596135,0.04738792851096164,14.098775479321803,26.0,26.0,0.0,7.173781579813102e-06,0.0012425749723081055,0.0017826857927339956,1.0250661352400656,5.3169634839161075,27.901255130767822,EPIC_212154158,0,Success,2.97485,1.4
16.938933932397138,16.828317964925297,8.0032e-05,1.051106374098695,0.0014413626576768035,3263.03147044379,0.0716459717915456,0.8407776972232562,0.8600449360777741,0.002342407723942153,0.8668852594377596,0.8529803398207398,2.1385976455161315,0.3588468160241797,21.26067318457948,76.0,76.0,0.0,0.009721064651402277,0.016075463847747218,0.11371786015470109,,11.735170536446965,166.9731810092926,EPIC_211600389,0,Success,1.57514,1.37
19.496257922147915,19.561882687264923,8.0032e-05,0.9087260904193633,0.000990614872928286,3262.7822175655483,0.06126803884714151,0.8730855704121625,0.8870477505904626,0.001989900874990982,0.8865230691888233,0.8875856592543281,0.18879742414799097,0.320377971978667,20.881714054214374,88.0,88.0,0.0,0.006170694689518437,0.014137086796843551,0.09160776156922479,,14.250261422443046,221.57035899162292,EPIC_251345849,0,Success,1.23632,1.14
18.752220282738293,17.220362183583514,8.0032e-05,0.7432397900182937,0.0009670025172921481,3263.1953183039955,0.045974361436458014,0.7165358204543661,0.738657702641378,0.007103750542483692,0.7108008373159512,0.7696413589727203,3.069693165877143,0.4788023132854846,21.71117915996088,107.0,104.0,3.0,0.029303582466585414,0.0585164262828687,0.2015409539898394,,15.585552426752095,274.8395128250122,EPIC_212225806,0,Success,,
,,,,,,,,,,,,,,,,,,,,,,,308.9821288585663,EPIC_246048459,0,"TLS: Required feature(s) not computable: ['depth_mean_odd', 'odd_even_mismatch']",,
25.31658962616822,18.553096256038142,8.0032e-05,9.048315116967313,0.030587844184155166,3271.413724500273,0.048050513398156434,0.9734927306947301,0.9730994988319365,0.005519671013910136,0.978719192934243,0.9674798047296301,0.7962023891063682,0.14641637220829182,20.694883685106547,8.0,4.0,4.0,7.979722125273958e-06,0.009230683117708567,-0.001109648051236034,,20.2597779263703,168.09353184700012,EPIC_211453223,0,Success,1.05773,0.81
20.499137437007285,14.627003347886575,8.0032e-05,0.876914505274207,0.0005181931751311875,2905.85424675966,0.021038233399307806,0.9996097481244153,0.9995471257639672,4.941056332053439e-05,0.9995421522316005,0.9995514776047877,0.0666884064274071,0.017765590459625752,8.146251961341587,90.0,45.0,45.0,1.409874613724465e-07,0.0003314561351738179,0.0001453386540135604,,47.513958475111515,209.1253170967102,EPIC_246163416,0,Success,0.515,0.512
22.848277077097215,17.148247414567766,8.0032e-05,0.6231733689855052,0.0005101900693477157,2144.287115015414,0.022179832214009015,0.9989254066038157,0.999207054212312,8.549376644813225e-05,0.9987632858194891,0.9994204044011692,2.709531724853533,0.029480118879747906,9.553441377545038,111.0,105.0,6.0,1.0562584591527627e-06,0.0009654139858065697,0.00033294181689724756,,45.03755470128777,887.5744659900665,EPIC_206215704,1,Success,0.25,
29.15782867180331,16.428195814436222,8.0032e-05,14.346845126725388,0.028195447086044823,3272.007378970188,0.06139387902854942,0.9864866943472494,0.9849175480902572,0.0012635889801107477,0.9846189957562929,0.9858132050921506,0.5273415572149587,0.10454131215295706,10.676014283856404,5.0,4.0,1.0,1.5511673809029512e-05,0.0037452345221631557,-0.0002060157099230686,3.9546068852467866,16.068160376191784,327.04781699180603,EPIC_211852187,0,Success,0.424653,0.419009
4.575568262247341,3.9636446139024035,,14.360158740725671,0.14535750753066523,2238.2338691747955,0.11358474901062911,0.9995632018975988,0.9996505010286495,5.063925405254252e-05,0.9997046495768301,0.9995783029644083,0.884279996905114,0.01879522453489017,5.645611954530147,5.0,5.0,0.0,1.0606385842248128e-07,0.0001493182482182891,4.9536022377338895e-06,-0.9617074724304646,8.800153282938197,15.609442234039307,EPIC_210789323,0,Success,3.9,
24.465309792659305,24.321496227565657,8.0032e-05,1.2583746312960058,0.0025733716234846993,3263.426689955166,0.059823806433726326,0.9280804167191934,0.9197580961012518,0.0055675421876420494,0.91777067370325,0.9215983020253274,0.24290712862896158,0.24117413414035996,32.58949380771718,63.0,40.0,23.0,0.00031032111150123794,0.029846038928523822,0.03492516133082413,0.983254066755034,15.51356344647401,163.241614818573,EPIC_211858408,0,Success,1.49352,1.42
,,,,,,,,,,,,,,,,,,,,,,,548.6954219341278,EPIC_205990339,0,"TLS: Required feature(s) not computable: ['depth_mean_odd', 'odd_even_mismatch']",,
42.45599956828802,37.34248857775225,8.0032e-05,1.240871478645067,0.000599260857553352,3262.734599974157,0.04421564344967125,0.6957590157872255,0.6749739233997316,0.002340873518142158,0.6740000346803076,0.6759965065551268,0.3023220918359407,0.49603920810968294,44.50745874753079,167.0,90.0,77.0,0.00928803563774451,0.022905024706161962,0.19161645416212614,0.9616710498683717,15.73558499898747,832.3178207874298,EPIC_211540348,0,Success,1.48463,1.76
28.979144361852637,28.388228131460743,8.0032e-05,0.6308385109781718,0.0010630756086750792,2061.7986433518936,0.030022159614322294,0.9589440916822307,0.9504238678483249,0.001133230193064244,0.9494914827775915,0.9514145269859791,0.6075258533328889,0.18221955397814996,21.05893872837004,122.0,32.0,90.0,0.0001583854133758326,0.006174848398092566,0.040041172971649,,31.941209559913183,155.0825810432434,EPIC_202963882,0,Success,,
18.99439059946362,17.052522558820264,8.0032e-05,0.694784903893899,0.000877748501939557,3262.877099876939,0.028446454014590172,0.9180535808683015,0.9242760387968546,0.003666082933174628,0.9214422432987702,0.925355579938982,0.32877381840380476,0.25743769435100444,13.779218017315616,114.0,58.0,56.0,0.00168967451430815,0.027920055806338006,0.057849943410013815,,32.27304114591689,201.58510184288025,EPIC_211490299,0,Success,,
46.6425760028535,30.315033998185186,8.0032e-05,5.490294646011737,0.0030919423969684168,2311.445685147221,0.006700715365029823,0.8742563783522025,0.8671385006849402,0.022271017458734412,0.8671181651711771,0.8671588361987034,0.0006478850553168833,0.31889677641465153,19.616527038390906,211.0,8.0,203.0,0.0003014522031450498,0.06299194987598039,-0.014938220208151165,9.101733166665417,130.4720959966207,1142.1585519313812,EPIC_212171851,0,Success,3.27338,
23.46506591123216,22.683694533709595,8.0032e-05,1.5120908904238517,0.002902017421885783,3265.2897814835324,0.01782325881210882,0.9939861458792016,0.9951670382083145,0.0010602775002191889,0.9954533295457288,0.9937355815212423,0.6962261214633927,0.06974026469834818,18.55011447092743,51.0,12.0,39.0,7.164918124148049e-07,0.0036729090010035126,0.0007467387869970477,,55.76904629830681,50.117400884628296,EPIC_211710534,0,Success,1.89113,1.32
12.019725474016175,10.154243781652278,8.0032e-05,0.737366102165446,0.0017318825060422816,2144.668602712369,0.07097190449125768,0.9960968364871803,0.996647559720153,0.0003426281385308748,0.9969679958846085,0.9963154288051701,0.6742703060784486,0.056184370522352096,9.862862979565122,94.0,94.0,0.0,3.199281974226671e-05,0.005165967043675394,0.0021584261910569946,,14.03508675196788,130.26624488830566,EPIC_206267115,0,Success,0.95,
36.316906123296214,35.17278624440646,8.0032e-05,0.715785854313834,0.0006088958872573769,3262.6491813336243,0.03955250626362527,0.9980332531687752,0.9980563015416396,5.739699421488092e-05,0.9980887478942378,0.9980221696642311,0.41113144253749134,0.03988240839960692,32.74074712726558,111.0,100.0,11.0,5.464598640502804e-07,0.0006741793491280831,0.0013377768803619627,0.7002689946563002,25.233122940849473,707.258581161499,EPIC_211524114,0,Success,7.82356,
31.478959565107107,28.275040691299527,8.0032e-05,1.8209216730721884,0.002789535163187251,2061.731966350944,0.030756322452105862,0.9867050555511397,0.9847087193382354,0.0012089731283652513,0.9872090637452267,0.9822083749312442,1.7085344057045606,0.10369323180909992,14.505222845628468,43.0,14.0,29.0,1.7477001326894007e-05,0.00515250710310251,-0.0010250621715641728,0.8757433686760382,32.08137309288682,257.5183570384979,EPIC_203692610,0,Success,0.5139,0.511624
36.358121963971335,36.18559664682283,8.0032e-05,1.148452101405544,0.001938654223998526,2229.442436393594,0.030160046999818082,0.9831253130229901,0.9828136576085477,0.000625222002138148,0.9823132814219749,0.9833340488425837,0.5810296999477251,0.11682210018937661,70.53968174961277,62.0,36.0,26.0,5.159188667948554e-06,0.003069137874447049,0.003958873458238532,13.272632520234458,32.596942339941315,127.89922404289246,EPIC_210513446,0,Success,1.00567,
43.19113476439057,39.84116847626306,8.0032e-05,7.053054021024532,0.010908403752824203,2231.7156009048804,0.061709300336549096,0.9677097191078807,0.972851220574721,0.002456335840178117,0.9708439307330192,0.974858510416423,0.5867985221564062,0.16160063326454344,44.768105464863496,10.0,10.0,0.0,6.662551449648494e-06,0.00641557327987061,-0.0020420483703020853,-0.327596615371762,15.681748356085752,225.5987617969513,EPIC_211093684,0,Success,0.705709,0.815
3.3354141769226247,3.1749819321431687,,2.0911252713883957,0.010766858150109915,1937.2820264062952,0.011743359088068079,0.9996777936741886,0.9995669369811743,8.283789120977e-05,0.9995472934104896,0.9995914914445303,0.18974945273424756,0.01614262574675957,3.723710294456343,17.0,9.0,8.0,1.2109536967648408e-07,0.00024851367362931,2.4431468845786952e-05,,85.12707362324619,12.647324323654175,EPIC_202059377,0,Success,1.93,
29.25495841514702,27.116630917963537,8.0032e-05,1.0796560684909184,0.001214648872895907,3262.4905573762917,0.019055229276200597,0.9834439291201161,0.9903554108274975,0.0025923105779494878,0.9880854526018835,0.9931701590272587,0.6884074243930376,0.11571396771395438,12.335342543237607,192.0,56.0,136.0,4.610202807973672e-05,0.019399076045593853,-0.0014275386739104334,5.699403255853262,51.6101860998549,652.8636431694031,EPIC_211535481,0,Success,,
19.889038838675177,19.84204255054876,8.0032e-05,1.0847080204520163,0.0018507822745199576,3262.7223959375983,0.07333451722429489,0.9367680674639789,0.9428686688573503,0.0010702936853040702,0.9434613866923934,0.9422659049573066,0.3955547790099772,0.22613895161715744,21.4845126380745,74.0,74.0,0.0,0.0015030260052031274,0.009269731982426933,0.04532840690168838,0.879838100357188,12.773903789382802,198.55844974517822,EPIC_212214592,0,Success,1.19162,1.07
22.852847032794248,22.376941581248147,8.0032e-05,0.567858276441807,0.0010554182432442327,3262.647874206207,0.061972277554134564,0.9883241692210073,0.9898526788224823,0.00015309484093874732,0.9900883385369403,0.9896157787937374,1.097350282364907,0.0971742154200915,33.2169865899486,140.0,137.0,3.0,3.51562394429358e-05,0.0023820719447726684,0.010134262312663456,0.9856859596533601,15.947843265203183,487.00159978866577,EPIC_211738534,0,Success,0.451115,0.447745
13.579827996279219,13.579789594570991,8.0032e-05,2.5230272433194227,0.00774570190890933,2061.5870775092308,0.08310013820051902,0.8365696435633925,0.8351144660427557,0.002848813348734615,0.8370922231562149,0.8330378210736236,0.5079149054015104,0.36355783689546056,22.372038802769048,31.0,26.0,5.0,0.0043200037182935845,0.03097294954859999,0.06107317967995485,0.9248416961214726,10.0670066461835,40.50850296020508,EPIC_203485624,0,Success,2.31,
11.854612577138974,11.616212708082811,8.0032e-05,1.5486062299162673,0.006510083830321034,3263.2994159061077,0.16819660489184302,0.9972025320381175,0.9974684949465302,6.954334581187666e-05,0.9976503616445461,0.9972745707878725,1.926758626860083,0.04756524165998197,17.550271404678842,51.0,51.0,0.0,7.337933453554323e-06,0.0010314535960142248,0.0024417044129295684,,5.928791087545184,53.82373595237732,EPIC_211492541,0,Success,1.85084,1.77
103.94482068268566,57.76965440973872,8.0032e-05,3.7899221699111547,0.0005764379057402458,2307.5946194412927,0.016087989444334563,0.9759338608221276,0.9709894282475003,0.00345011025356118,0.9633389671843295,0.9808257353287199,2.6687658837348596,0.13951161263530817,21.752112037870635,307.0,16.0,291.0,2.43493033183157e-05,0.01380044101424472,0.0025759223499324246,,60.66226387075396,5932.702608823776,EPIC_211770390,0,Success,,
139.1843663633339,93.11438371250519,8.0032e-05,1.109031735267416,8.383792793209555e-05,2307.3960033941357,0.007785761751908481,0.9785445419835096,0.9748178425653682,0.0006035549030952464,0.9735431830302456,0.9761562350772472,1.6459115449852517,0.13172737631501136,51.87394867561679,933.0,41.0,892.0,2.0328965303770435e-05,0.0038646370286306068,0.008975497607845218,15.10897359321535,125.68385383018487,6953.1663637161255,EPIC_211910237,0,Success,,
,,,,,,,,,,,,,,,,,,,,,,,177.59482192993164,EPIC_211425822,0,"TLS: Required feature(s) not computable: ['depth_mean_even', 'odd_even_mismatch']",,
25.36052580983313,24.04712049998668,8.0032e-05,0.6044419004501896,0.0007287993850260133,3262.6366764519303,0.04158674641196617,0.7968861971535999,0.7820392749205045,0.007039782197659211,0.7855463423312118,0.7784813804458741,0.3551753345422281,0.4053002443276171,26.22682333488947,132.0,117.0,15.0,0.00903638173716996,0.0640567243119214,0.18703300164768732,1.032440169159719,19.16202314216877,233.19278502464294,EPIC_212060895,0,Success,,
41.185827855958195,35.21315529230037,8.0032e-05,5.215243837789632,0.008715829064452674,3264.615706059957,0.03286065386080795,0.9820099599256973,0.983818598057681,0.002096608382516025,0.9838069048737257,0.9838244446496586,0.0033871234279925473,0.12062107987450751,20.762262231062348,15.0,9.0,6.0,4.347361380944135e-06,0.006289825147548075,-0.0012192655845113531,,29.884066339194643,203.05633902549744,EPIC_251356953,0,Success,0.996212,0.95
152.19215494761752,73.14425444765511,8.0032e-05,4.352453111303756,0.00034985110234497796,2385.996194102465,0.0039984167517124304,0.9597141204104878,0.955295946988883,0.0014622451300319655,0.955545828198617,0.9547961845694152,0.34515380652673794,0.18050264573689223,16.0643760699827,237.0,3.0,234.0,1.78620214184004e-05,0.002532682858335524,-0.004581799421644606,0.09015681558134543,240.0235343150421,6601.661234855652,EPIC_212628098,0,Success,0.67,
13.880339253292982,13.97894151498032,8.0032e-05,1.2726299073362626,0.0020744049850703883,3263.10742730076,0.034265199106555774,0.9994738842976716,0.9994373866707637,5.355803459140669e-05,0.9994246542932802,0.9994495654666177,0.16446095922152673,0.02062755618724871,12.505957157865355,62.0,42.0,20.0,9.30861197829071e-08,0.00034334348627735136,0.00011516553223001047,0.7696236646493038,29.168775035848185,119.66658997535706,EPIC_211858489,0,Success,1.65628,1.15
35.3404511917466,25.97192383779517,8.0032e-05,1.846195638836612,0.003471547159645927,1936.7951596964351,0.05099662538801664,0.9874611388109522,0.9876092153640499,0.001788969579758523,0.9867483080758472,0.9897614835845565,0.4795678484592531,0.10070155900800344,10.845649861562553,20.0,9.0,11.0,1.559252155342029e-05,0.00779437227101555,0.0026967867147803526,0.48042821890334464,19.363264359115597,402.96318101882935,EPIC_202126888,0,Success,0.21,
27.893610773620118,13.956255474352728,8.0032e-05,3.246783788229757,0.003218282405612838,3263.6612566597573,0.010342077418759515,0.9957169638084586,0.9930529880894048,0.0010219162756373214,0.9921988386582966,0.9941918539975493,0.817975731260278,0.05885495323172954,10.237505037853714,61.0,7.0,54.0,3.29252329966588e-06,0.0027037363260656866,-0.00024078420264794786,1.925092386630649,96.27823535746558,335.8106107711792,EPIC_211509665,0,Success,1.17125,0.99
153.5481477422922,104.80297818629955,8.0032e-05,4.845684023312142,0.0006114607903429103,2308.5633648794983,0.011655334343243813,0.9450536508208747,0.9373550657560888,0.0016342443378304624,0.93673931704626,0.9377339880390602,0.21187354438535702,0.21080289347781164,43.615795251805395,240.0,21.0,219.0,3.0684632987545354e-05,0.007489048382161078,-0.008183372426507018,0.13003336079243213,81.08335831384271,6065.9175889492035,EPIC_212085740,0,Success,1.15426,1.02
11.68675175801576,7.655966077951911,8.0032e-05,22.45314702443762,0.06372346056428668,1996.350530646423,0.06175679584877921,0.9985809579709772,0.9989885485907186,0.00028130599960521965,0.9991853421988073,0.9985949613745407,1.2042254719490004,0.03387698689334932,6.390503767491877,3.0,3.0,0.0,2.2444198165571158e-07,0.00037492936557612214,3.9899536308229955e-06,3.25221661876907,16.169572016270934,191.3979730606079,EPIC_201649426,0,Success,0.71,
13.10905665252124,13.121727416176334,8.0032e-05,2.0751867298852975,0.004544228218682056,3264.4045078957306,0.10690170008946716,0.8628946488135798,0.8785078715745971,0.0027845513356078073,0.8749286924682698,0.8817856461246019,0.8741377505138984,0.3329924214933687,23.49209887067998,38.0,38.0,0.0,0.004776621728763603,0.015028535957390416,0.060063677210899,0.8863428272016685,8.071851505555236,102.74492597579956,EPIC_251314585,0,Success,1.74944,0.91
31.248047353394888,30.25754690805661,8.0032e-05,1.4877027774713067,0.001843761500048835,3263.0079739347116,0.03781766149829392,0.9897664220308392,0.989523655573161,0.0005470869667003389,0.989139599003272,0.9897520135336353,0.3889738221922092,0.09097475574333133,27.271600192623087,54.0,42.0,12.0,9.275729020439235e-06,0.0033266591781115464,0.00023782967255236986,0.3055593801781319,26.172068362172283,181.67886900901794,EPIC_212115388,0,Success,0.982781,0.638
16.815919409185753,15.163555119307707,8.0032e-05,7.222487676463503,0.02715602496211922,3262.8874635353523,0.13400722478056404,0.9996501853661102,0.9996617933107116,2.2117033136443667e-05,0.9997074928097476,0.9996160938116757,1.5224963994080953,0.01682000550411333,19.804912653480994,11.0,10.0,1.0,1.4400089670734992e-08,0.00011733844962749785,-2.3434365020502668e-05,,7.459673812386092,56.53329396247864,EPIC_211964025,0,Success,2.55977,1.96
27.364160982329764,17.790300503653892,8.0032e-05,25.236931825034457,0.05661304441686177,3284.7858259023737,0.057049903624728816,0.9942458731097988,0.9949669279039468,0.0023540938638826566,0.9950139033575747,0.9948729769966911,0.02019876870571115,0.0682176672310787,13.180132831195003,3.0,3.0,0.0,8.975410980398071e-07,0.0007113293599754628,6.481677019998244e-06,,17.427652107002572,417.4399709701538,EPIC_211402878,0,Success,0.701898,0.664837
,,,,,,,,,,,,,,,,,,,,,,,8223.906135082245,EPIC_211831378,0,"TLS: Required feature(s) not computable: ['depth_mean_even', 'odd_even_mismatch', 'depth_consistency_std']",,
8.066763893157354,6.630639625374657,0.001280512,28.515757244766498,0.08089674050008355,2153.2411835853623,0.07974793200772265,0.9994419005930079,0.9993623967615053,0.00010384446150497004,0.9994783681363563,0.9992077682617041,1.601833134332749,0.021245302902168608,7.940259461635346,3.0,3.0,0.0,4.4520304622720976e-08,0.00026777937797227614,-2.2194040700806994e-06,-0.42699343926735933,12.532511821074227,109.59104895591736,EPIC_205979483,0,Success,0.814,0.945
48.44420539960072,21.63382713886212,8.0032e-05,0.7274182717280536,4.6316589749240134e-05,2306.8524036370127,0.008391609608959263,0.76949761414639,0.739187697724913,0.004316864968087055,0.7307677159737804,0.7479513522005817,1.4352735994752885,0.43176243995871977,17.45765091670714,1599.0,100.0,1499.0,0.024419254817135222,0.04316864968087055,0.17557267234636686,,91.69845238329955,9598.132175922394,EPIC_211914718,0,Success,1.06418,0.934
41.13017826069602,37.345205146577534,8.0032e-05,1.403956857944678,0.0018698834074107884,2061.717607726379,0.01634307569496393,0.9623857427109246,0.9497465742485507,0.0035496048934218157,0.9507360435898717,0.946778166224588,0.8617519283412927,0.17441482328787236,18.78314891641942,55.0,4.0,51.0,2.53949239697438e-05,0.0070992097868436315,0.008175241209585682,,58.886452016341146,148.97580289840698,EPIC_203710387,0,Success,0.474383,0.472176
6.789306524502908,5.472352763868755,0.013605442,3.4344953445638615,0.006275896300755424,3262.978076341435,0.011788774514571842,0.9998105323833673,0.9996826707743857,6.288135951043349e-05,0.9997403496011307,0.9996134561822915,0.7834665357150378,0.012378688741208874,3.4588581312641176,24.0,11.0,13.0,9.250853988407511e-08,0.00020855387580355402,2.6656111124623294e-05,,84.81038730086182,62.426674127578735,EPIC_251394139,0,Success,1.31469,1.1
57.065946432111915,32.20320670750754,8.0032e-05,0.7806723996695772,4.674659475850662e-05,2307.180685855825,0.0029789552440222674,0.8413152013604409,0.6998088844365786,0.019748738303934872,0.6901865690430911,0.7075067367513684,0.3067525617938815,0.35824060476130204,21.149520132418186,1489.0,27.0,1462.0,0.005410987322474927,0.10261745438339044,0.006953220784844394,0.06716690218522664,282.4195506289225,10402.721609830856,EPIC_211934173,0,Success,,
19.97748507566323,14.03115563922172,8.0032e-05,5.671958682826576,0.02427358807821367,2063.1218136649027,0.06300416509689948,0.9477699469384876,0.9463806301924114,0.003424231043255282,0.9498440470250392,0.94118550494347,0.8776466148643465,0.2055262888622722,16.430157107049773,14.0,8.0,6.0,0.000183400271291244,0.014020488783741507,-0.0070429300362384595,,15.042972880933053,64.95071578025818,EPIC_205483258,0,Success,0.956267,0.471
,,,,,,,,,,,,,,,,,,,,,,,0.010284900665283203,EPIC_228729473,0,TLS: TLS error: zero-size array to reduction operation minimum which has no identity,,
5.984324722553664,5.256787576276793,0.058343337,1.4706587043304982,0.00407265567035231,2062.6405667860654,0.0036339174316934557,0.9978016798287818,0.9958913070485111,0.0006571649694809815,0.9969330104198999,0.9948496036771223,1.461981334296219,0.04216504996407273,4.980574188003615,52.0,8.0,44.0,5.322285657081074e-06,0.0018587432251130104,0.0007044078016615885,,274.58017376134836,85.30381274223328,EPIC_203823381,0,Success,,
34.0908829346737,33.944862218987126,8.0032e-05,1.0447861999341237,0.0015116758181341616,3262.978154829454,0.060425434298240155,0.9111121401602111,0.9156540043528032,0.001823299593370943,0.9152823521652892,0.9160014183541747,0.13932225146099075,0.2681194820325991,55.921307251625095,76.0,72.0,4.0,0.0004322612778865263,0.01235930862915274,0.06132076663693542,,15.078288650161122,173.9052929878235,EPIC_211841496,0,Success,,
29.181678267821205,27.925770930357572,8.0032e-05,0.5260852537937617,0.0004709893818031774,3262.5526468052817,0.028803264486382877,0.9037639879711923,0.8962427138480134,0.004304291372136862,0.8911242065184914,0.8997326052090511,0.7112244714604758,0.27898185376167073,18.869912361924754,152.0,74.0,78.0,0.001913482903347633,0.0370269144272465,0.061884751055506504,,31.377137421296762,301.5287380218506,EPIC_212221986,0,Success,0.671247,0.642823
15.236071420755549,14.653395365130013,8.0032e-05,0.590347844966238,0.0010692466892655572,3263.0976649307277,0.06568043613186281,0.9818536584977893,0.9843820655741171,0.001165276851356994,0.9856825928036033,0.9830878823798967,0.7885061260437012,0.1211439378999747,11.737552188023807,134.0,134.0,0.0,0.0006943417982814244,0.016681338345347917,0.01612367008915061,0.6308973481259498,14.948951564916204,461.6310279369354,EPIC_211964555,0,Success,0.292863,0.268495
,,,,,,,,,,,,,,,,,,,,,,,4391.801597833633,EPIC_211804579,0,"TLS: Required feature(s) not computable: ['depth_mean_odd', 'odd_even_mismatch', 'depth_consistency_std']",,
,,,,,,,,,,,,,,,,,,,,,,,10529.527710914612,EPIC_211972086,0,"TLS: Required feature(s) not computable: ['depth_mean_even', 'odd_even_mismatch']",,
157.98233239722117,95.5530707887219,8.0032e-05,1.834787695633739,0.00015439254950144754,2385.7310851417324,0.00411876589736948,0.919737633449815,0.9369646494487391,0.002976066045534703,0.938247075592639,0.9350410102328891,0.5181636702103521,0.25477870583599044,12.388559942002809,561.0,5.0,556.0,9.294576796363268e-05,0.006654685983344581,-0.005359758427806893,0.914205466813451,223.30417808820383,5589.430883169174,EPIC_212679798,0,Success,0.826606,0.69
110.02596475574056,63.57256536361291,8.0032e-05,2.5815835083785514,0.00045759413754220546,2384.862223407132,0.005760435656699864,0.9786096736314919,0.9830503890912211,0.004160407620346984,0.9800009206470843,0.9856642191861954,0.5027175063200816,0.13152728405365538,18.96986772158734,399.0,13.0,386.0,1.6004106279742725e-05,0.015000563001992168,-0.0026390185377589415,,169.8846635832635,5078.71346116066,EPIC_212572452,0,Success,0.757718,0.64
184.42469830730374,110.13644724107604,8.0032e-05,3.797553579584201,0.00036031535652147895,2309.6381248621233,0.007418655564694594,0.9205263176992078,0.9146237061464938,0.0015266403906728052,0.9172406354208091,0.9100440799164415,3.4125313064570184,0.2535238461383183,31.4948969814743,272.0,11.0,261.0,4.892370824122821e-05,0.005063293365663278,-0.013553686040259638,0.33753121054308544,124.08263325770179,4693.49281001091,EPIC_212082682,0,Success,0.785698,0.84
224.07853816669098,165.98620106870763,8.0032e-05,0.4420092278669161,1.7092711469990363e-05,2307.040337619559,0.007194190870245681,0.7411136740377178,0.6920806212668655,0.0025750513759197247,0.6933686504806548,0.690543296076214,0.38912154590542064,0.45757438315753185,72.95640297490974,2630.0,136.0,2494.0,0.0023845370513981222,0.030030001399486236,0.24948935271861183,0.9929335700511694,103.01557011822914,8690.776009082794,EPIC_211631904,0,Success,0.742353,0.86
